year,series,event_name,session_type,circuit,rider,team,grid_position,finish_position,points,status,number,time_gap
2022,MotoGP,QAT,Race,QAT,E. Bastianini,Gresini Racing MotoGP,2.0,1.0,25.0,Finished,23,
2022,MotoGP,QAT,Race,QAT,B. Binder,Red Bull KTM Factory Racing,1.0,2.0,20.0,Finished,33,
2022,MotoGP,QAT,Race,QAT,P. Espargaro,Repsol Honda Team,6.0,3.0,16.0,Finished,44,
2022,MotoGP,QAT,Race,QAT,A. Espargaro,Aprilia Racing,5.0,4.0,13.0,Finished,41,
2022,MotoGP,QAT,Race,QAT,M. Marquez,Repsol Honda Team,3.0,5.0,11.0,Finished,93,
2022,MotoGP,QAT,Race,QAT,J. Mir,Team SUZUKI ECSTAR,8.0,6.0,10.0,Finished,36,
2022,MotoGP,QAT,Race,QAT,A. Rins,Team SUZUKI ECSTAR,10.0,7.0,9.0,Finished,42,
2022,MotoGP,QAT,Race,QAT,J. Zarco,Prima Pramac Racing,3.0,8.0,8.0,Finished,5,
2022,MotoGP,QAT,Race,QAT,F. Quartararo,Monster Energy Yamaha MotoGP,2.0,9.0,7.0,Finished,20,
2022,MotoGP,QAT,Race,QAT,T. Nakagami,LCR Honda IDEMITSU,6.0,10.0,6.0,Finished,30,
2022,MotoGP,QAT,Race,QAT,F. Morbidelli,Monster Energy Yamaha MotoGP,12.0,11.0,5.0,Finished,21,
2022,MotoGP,QAT,Race,QAT,M. Viñales,Aprilia Racing,9.0,12.0,4.0,Finished,12,
2022,MotoGP,QAT,Race,QAT,L. Marini,Mooney VR46 Racing Team,7.0,13.0,3.0,Finished,10,
2022,MotoGP,QAT,Race,QAT,A. Dovizioso,WithU Yamaha RNF MotoGP Team,10.0,14.0,2.0,Finished,4,
2022,MotoGP,QAT,Race,QAT,R. Gardner,Tech3 KTM Factory Racing,12.0,15.0,1.0,Finished,87,
2022,MotoGP,QAT,Race,QAT,D. Binder,WithU Yamaha RNF MotoGP Team,14.0,16.0,0.0,Finished,40,
2022,MotoGP,QAT,Race,QAT,F. Di Giannantonio,Gresini Racing MotoGP,11.0,17.0,0.0,Finished,49,
2022,MotoGP,QAT,Race,QAT,R. Fernandez,Tech3 KTM Factory Racing,13.0,18.0,0.0,Finished,25,
2022,MotoGP,QAT,Race,QAT,F. Bagnaia,Ducati Lenovo Team,9.0,,0.0,DNF,63,
2022,MotoGP,QAT,Race,QAT,J. Martin,Prima Pramac Racing,1.0,,0.0,DNF,89,
2022,MotoGP,QAT,Race,QAT,M. Oliveira,Red Bull KTM Factory Racing,4.0,,0.0,DNF,88,
2022,MotoGP,QAT,Race,QAT,A. Marquez,LCR Honda CASTROL,8.0,,0.0,DNF,73,
2022,MotoGP,QAT,Race,QAT,J. Miller,Ducati Lenovo Team,4.0,,0.0,DNF,43,
2022,MotoGP,QAT,Race,QAT,M. Bezzecchi,Mooney VR46 Racing Team,5.0,,0.0,DNF,72,
2022,MotoGP,INA,Race,INA,M. Oliveira,Red Bull KTM Factory Racing,7.0,1.0,25.0,Finished,88,
2022,MotoGP,INA,Race,INA,F. Quartararo,Monster Energy Yamaha MotoGP,1.0,2.0,20.0,Finished,20,
2022,MotoGP,INA,Race,INA,J. Zarco,Prima Pramac Racing,3.0,3.0,16.0,Finished,5,
2022,MotoGP,INA,Race,INA,J. Miller,Ducati Lenovo Team,9.0,4.0,13.0,Finished,43,
2022,MotoGP,INA,Race,INA,A. Rins,Team SUZUKI ECSTAR,8.0,5.0,11.0,Finished,42,
2022,MotoGP,INA,Race,INA,J. Mir,Team SUZUKI ECSTAR,8.0,6.0,10.0,Finished,36,
2022,MotoGP,INA,Race,INA,F. Morbidelli,Monster Energy Yamaha MotoGP,12.0,7.0,9.0,Finished,21,
2022,MotoGP,INA,Race,INA,B. Binder,Red Bull KTM Factory Racing,4.0,8.0,8.0,Finished,33,
2022,MotoGP,INA,Race,INA,A. Espargaro,Aprilia Racing,10.0,9.0,7.0,Finished,41,
2022,MotoGP,INA,Race,INA,D. Binder,WithU Yamaha RNF MotoGP Team,13.0,10.0,6.0,Finished,40,
2022,MotoGP,INA,Race,INA,E. Bastianini,Gresini Racing MotoGP,5.0,11.0,5.0,Finished,23,
2022,MotoGP,INA,Race,INA,P. Espargaro,Repsol Honda Team,6.0,12.0,4.0,Finished,44,
2022,MotoGP,INA,Race,INA,A. Marquez,LCR Honda CASTROL,9.0,13.0,3.0,Finished,73,
2022,MotoGP,INA,Race,INA,L. Marini,Mooney VR46 Racing Team,3.0,14.0,2.0,Finished,10,
2022,MotoGP,INA,Race,INA,F. Bagnaia,Ducati Lenovo Team,1.0,15.0,1.0,Finished,63,
2022,MotoGP,INA,Race,INA,M. Viñales,Aprilia Racing,10.0,16.0,0.0,Finished,12,
2022,MotoGP,INA,Race,INA,R. Fernandez,Tech3 KTM Factory Racing,11.0,17.0,0.0,Finished,25,
2022,MotoGP,INA,Race,INA,F. Di Giannantonio,Gresini Racing MotoGP,2.0,18.0,0.0,Finished,49,
2022,MotoGP,INA,Race,INA,T. Nakagami,LCR Honda IDEMITSU,14.0,19.0,0.0,Finished,30,
2022,MotoGP,INA,Race,INA,M. Bezzecchi,Mooney VR46 Racing Team,4.0,20.0,0.0,Finished,72,
2022,MotoGP,INA,Race,INA,R. Gardner,Tech3 KTM Factory Racing,12.0,21.0,0.0,Finished,87,
2022,MotoGP,INA,Race,INA,J. Martin,Prima Pramac Racing,2.0,,0.0,DNF,89,
2022,MotoGP,INA,Race,INA,A. Dovizioso,WithU Yamaha RNF MotoGP Team,7.0,,0.0,DNF,4,
2022,MotoGP,ARG,Race,ARG,A. Espargaro,Aprilia Racing,1.0,1.0,25.0,Finished,41,
2022,MotoGP,ARG,Race,ARG,J. Martin,Prima Pramac Racing,2.0,2.0,20.0,Finished,89,
2022,MotoGP,ARG,Race,ARG,A. Rins,Team SUZUKI ECSTAR,7.0,3.0,16.0,Finished,42,
2022,MotoGP,ARG,Race,ARG,J. Mir,Team SUZUKI ECSTAR,8.0,4.0,13.0,Finished,36,
2022,MotoGP,ARG,Race,ARG,F. Bagnaia,Ducati Lenovo Team,4.0,5.0,11.0,Finished,63,
2022,MotoGP,ARG,Race,ARG,B. Binder,Red Bull KTM Factory Racing,12.0,6.0,10.0,Finished,33,
2022,MotoGP,ARG,Race,ARG,M. Viñales,Aprilia Racing,5.0,7.0,9.0,Finished,12,
2022,MotoGP,ARG,Race,ARG,F. Quartararo,Monster Energy Yamaha MotoGP,6.0,8.0,8.0,Finished,20,
2022,MotoGP,ARG,Race,ARG,M. Bezzecchi,Mooney VR46 Racing Team,7.0,9.0,7.0,Finished,72,
2022,MotoGP,ARG,Race,ARG,E. Bastianini,Gresini Racing MotoGP,3.0,10.0,6.0,Finished,23,
2022,MotoGP,ARG,Race,ARG,L. Marini,Mooney VR46 Racing Team,3.0,11.0,5.0,Finished,10,
2022,MotoGP,ARG,Race,ARG,T. Nakagami,LCR Honda IDEMITSU,2.0,12.0,4.0,Finished,30,
2022,MotoGP,ARG,Race,ARG,M. Oliveira,Red Bull KTM Factory Racing,6.0,13.0,3.0,Finished,88,
2022,MotoGP,ARG,Race,ARG,J. Miller,Ducati Lenovo Team,11.0,14.0,2.0,Finished,43,
2022,MotoGP,ARG,Race,ARG,A. Marquez,LCR Honda CASTROL,9.0,15.0,1.0,Finished,73,
2022,MotoGP,ARG,Race,ARG,R. Fernandez,Tech3 KTM Factory Racing,11.0,16.0,0.0,Finished,25,
2022,MotoGP,ARG,Race,ARG,R. Gardner,Tech3 KTM Factory Racing,12.0,17.0,0.0,Finished,87,
2022,MotoGP,ARG,Race,ARG,D. Binder,WithU Yamaha RNF MotoGP Team,13.0,18.0,0.0,Finished,40,
2022,MotoGP,ARG,Race,ARG,S. Bradl,Repsol Honda Team,14.0,19.0,0.0,Finished,6,
2022,MotoGP,ARG,Race,ARG,A. Dovizioso,WithU Yamaha RNF MotoGP Team,8.0,20.0,0.0,Finished,4,
2022,MotoGP,ARG,Race,ARG,F. Di Giannantonio,Gresini Racing MotoGP,10.0,,0.0,DNF,49,
2022,MotoGP,ARG,Race,ARG,P. Espargaro,Repsol Honda Team,1.0,,0.0,DNF,44,
2022,MotoGP,ARG,Race,ARG,F. Morbidelli,Monster Energy Yamaha MotoGP,5.0,,0.0,DNF,21,
2022,MotoGP,ARG,Race,ARG,J. Zarco,Prima Pramac Racing,9.0,,0.0,DNF,5,
2022,MotoGP,AME,Race,AME,E. Bastianini,Gresini Racing MotoGP,5.0,1.0,25.0,Finished,23,
2022,MotoGP,AME,Race,AME,A. Rins,Team SUZUKI ECSTAR,2.0,2.0,20.0,Finished,42,
2022,MotoGP,AME,Race,AME,J. Miller,Ducati Lenovo Team,2.0,3.0,16.0,Finished,43,
2022,MotoGP,AME,Race,AME,J. Mir,Team SUZUKI ECSTAR,8.0,4.0,13.0,Finished,36,
2022,MotoGP,AME,Race,AME,F. Bagnaia,Ducati Lenovo Team,3.0,5.0,11.0,Finished,63,
2022,MotoGP,AME,Race,AME,M. Marquez,Repsol Honda Team,9.0,6.0,10.0,Finished,93,
2022,MotoGP,AME,Race,AME,F. Quartararo,Monster Energy Yamaha MotoGP,6.0,7.0,9.0,Finished,20,
2022,MotoGP,AME,Race,AME,J. Martin,Prima Pramac Racing,1.0,8.0,8.0,Finished,89,
2022,MotoGP,AME,Race,AME,J. Zarco,Prima Pramac Racing,4.0,9.0,7.0,Finished,5,
2022,MotoGP,AME,Race,AME,M. Viñales,Aprilia Racing,4.0,10.0,6.0,Finished,12,
2022,MotoGP,AME,Race,AME,A. Espargaro,Aprilia Racing,3.0,11.0,5.0,Finished,41,
2022,MotoGP,AME,Race,AME,B. Binder,Red Bull KTM Factory Racing,7.0,12.0,4.0,Finished,33,
2022,MotoGP,AME,Race,AME,P. Espargaro,Repsol Honda Team,12.0,13.0,3.0,Finished,44,
2022,MotoGP,AME,Race,AME,T. Nakagami,LCR Honda IDEMITSU,10.0,14.0,2.0,Finished,30,
2022,MotoGP,AME,Race,AME,A. Dovizioso,WithU Yamaha RNF MotoGP Team,5.0,15.0,1.0,Finished,4,
2022,MotoGP,AME,Race,AME,F. Morbidelli,Monster Energy Yamaha MotoGP,9.0,16.0,0.0,Finished,21,
2022,MotoGP,AME,Race,AME,L. Marini,Mooney VR46 Racing Team,11.0,17.0,0.0,Finished,10,
2022,MotoGP,AME,Race,AME,M. Oliveira,Red Bull KTM Factory Racing,10.0,18.0,0.0,Finished,88,
2022,MotoGP,AME,Race,AME,R. Fernandez,Tech3 KTM Factory Racing,11.0,19.0,0.0,Finished,25,
2022,MotoGP,AME,Race,AME,R. Gardner,Tech3 KTM Factory Racing,12.0,20.0,0.0,Finished,87,
2022,MotoGP,AME,Race,AME,F. Di Giannantonio,Gresini Racing MotoGP,8.0,21.0,0.0,Finished,49,
2022,MotoGP,AME,Race,AME,D. Binder,WithU Yamaha RNF MotoGP Team,14.0,22.0,0.0,Finished,40,
2022,MotoGP,AME,Race,AME,A. Marquez,LCR Honda CASTROL,13.0,,0.0,DNF,73,
2022,MotoGP,AME,Race,AME,M. Bezzecchi,Mooney VR46 Racing Team,6.0,,0.0,DNF,72,
2022,MotoGP,POR,Race,POR,F. Quartararo,Monster Energy Yamaha MotoGP,5.0,1.0,25.0,Finished,20,
2022,MotoGP,POR,Race,POR,J. Zarco,Prima Pramac Racing,1.0,2.0,20.0,Finished,5,
2022,MotoGP,POR,Race,POR,A. Espargaro,Aprilia Racing,3.0,3.0,16.0,Finished,41,
2022,MotoGP,POR,Race,POR,A. Rins,Team SUZUKI ECSTAR,13.0,4.0,13.0,Finished,42,
2022,MotoGP,POR,Race,POR,M. Oliveira,Red Bull KTM Factory Racing,11.0,5.0,11.0,Finished,88,
2022,MotoGP,POR,Race,POR,M. Marquez,Repsol Honda Team,9.0,6.0,10.0,Finished,93,
2022,MotoGP,POR,Race,POR,A. Marquez,LCR Honda CASTROL,1.0,7.0,9.0,Finished,73,
2022,MotoGP,POR,Race,POR,F. Bagnaia,Ducati Lenovo Team,15.0,8.0,8.0,Finished,63,
2022,MotoGP,POR,Race,POR,P. Espargaro,Repsol Honda Team,10.0,9.0,7.0,Finished,44,
2022,MotoGP,POR,Race,POR,M. Viñales,Aprilia Racing,4.0,10.0,6.0,Finished,12,
2022,MotoGP,POR,Race,POR,A. Dovizioso,WithU Yamaha RNF MotoGP Team,6.0,11.0,5.0,Finished,4,
2022,MotoGP,POR,Race,POR,L. Marini,Mooney VR46 Racing Team,2.0,12.0,4.0,Finished,10,
2022,MotoGP,POR,Race,POR,F. Morbidelli,Monster Energy Yamaha MotoGP,9.0,13.0,3.0,Finished,21,
2022,MotoGP,POR,Race,POR,R. Gardner,Tech3 KTM Factory Racing,10.0,14.0,2.0,Finished,87,
2022,MotoGP,POR,Race,POR,M. Bezzecchi,Mooney VR46 Racing Team,6.0,15.0,1.0,Finished,72,
2022,MotoGP,POR,Race,POR,T. Nakagami,LCR Honda IDEMITSU,7.0,16.0,0.0,Finished,30,
2022,MotoGP,POR,Race,POR,D. Binder,WithU Yamaha RNF MotoGP Team,12.0,17.0,0.0,Finished,40,
2022,MotoGP,POR,Race,POR,L. Savadori,Aprilia Racing,11.0,,0.0,DNF,32,
2022,MotoGP,POR,Race,POR,F. Di Giannantonio,Gresini Racing MotoGP,5.0,,0.0,DNF,49,
2022,MotoGP,POR,Race,POR,J. Miller,Ducati Lenovo Team,4.0,,0.0,DNF,43,
2022,MotoGP,POR,Race,POR,J. Mir,Team SUZUKI ECSTAR,2.0,,0.0,DNF,36,
2022,MotoGP,POR,Race,POR,B. Binder,Red Bull KTM Factory Racing,12.0,,0.0,DNF,33,
2022,MotoGP,POR,Race,POR,E. Bastianini,Gresini Racing MotoGP,8.0,,0.0,DNF,23,
2022,MotoGP,POR,Race,POR,J. Martin,Prima Pramac Racing,3.0,,0.0,DNF,89,
2022,MotoGP,SPA,Race,SPA,F. Bagnaia,Ducati Lenovo Team,1.0,1.0,25.0,Finished,63,
2022,MotoGP,SPA,Race,SPA,F. Quartararo,Monster Energy Yamaha MotoGP,2.0,2.0,20.0,Finished,20,
2022,MotoGP,SPA,Race,SPA,A. Espargaro,Aprilia Racing,3.0,3.0,16.0,Finished,41,
2022,MotoGP,SPA,Race,SPA,M. Marquez,Repsol Honda Team,5.0,4.0,13.0,Finished,93,
2022,MotoGP,SPA,Race,SPA,J. Miller,Ducati Lenovo Team,4.0,5.0,11.0,Finished,43,
2022,MotoGP,SPA,Race,SPA,J. Mir,Team SUZUKI ECSTAR,9.0,6.0,10.0,Finished,36,
2022,MotoGP,SPA,Race,SPA,T. Nakagami,LCR Honda IDEMITSU,7.0,7.0,9.0,Finished,30,
2022,MotoGP,SPA,Race,SPA,E. Bastianini,Gresini Racing MotoGP,11.0,8.0,8.0,Finished,23,
2022,MotoGP,SPA,Race,SPA,M. Bezzecchi,Mooney VR46 Racing Team,2.0,9.0,7.0,Finished,72,
2022,MotoGP,SPA,Race,SPA,B. Binder,Red Bull KTM Factory Racing,5.0,10.0,6.0,Finished,33,
2022,MotoGP,SPA,Race,SPA,P. Espargaro,Repsol Honda Team,3.0,11.0,5.0,Finished,44,
2022,MotoGP,SPA,Race,SPA,M. Oliveira,Red Bull KTM Factory Racing,11.0,12.0,4.0,Finished,88,
2022,MotoGP,SPA,Race,SPA,A. Marquez,LCR Honda CASTROL,12.0,13.0,3.0,Finished,73,
2022,MotoGP,SPA,Race,SPA,M. Viñales,Aprilia Racing,12.0,14.0,2.0,Finished,12,
2022,MotoGP,SPA,Race,SPA,F. Morbidelli,Monster Energy Yamaha MotoGP,6.0,15.0,1.0,Finished,21,
2022,MotoGP,SPA,Race,SPA,L. Marini,Mooney VR46 Racing Team,9.0,16.0,0.0,Finished,10,
2022,MotoGP,SPA,Race,SPA,A. Dovizioso,WithU Yamaha RNF MotoGP Team,13.0,17.0,0.0,Finished,4,
2022,MotoGP,SPA,Race,SPA,F. Di Giannantonio,Gresini Racing MotoGP,7.0,18.0,0.0,Finished,49,
2022,MotoGP,SPA,Race,SPA,A. Rins,Team SUZUKI ECSTAR,4.0,19.0,0.0,Finished,42,
2022,MotoGP,SPA,Race,SPA,R. Gardner,Tech3 KTM Factory Racing,8.0,20.0,0.0,Finished,87,
2022,MotoGP,SPA,Race,SPA,L. Savadori,Aprilia Racing,14.0,21.0,0.0,Finished,32,
2022,MotoGP,SPA,Race,SPA,J. Martin,Prima Pramac Racing,10.0,22.0,0.0,Finished,89,
2022,MotoGP,SPA,Race,SPA,S. Bradl,Team HRC,10.0,,0.0,DNF,6,
2022,MotoGP,SPA,Race,SPA,J. Zarco,Prima Pramac Racing,1.0,,0.0,DNF,5,
2022,MotoGP,SPA,Race,SPA,D. Binder,WithU Yamaha RNF MotoGP Team,15.0,,0.0,DNF,40,
2022,MotoGP,FRA,Race,FRA,E. Bastianini,Gresini Racing MotoGP,5.0,1.0,25.0,Finished,23,
2022,MotoGP,FRA,Race,FRA,J. Miller,Ducati Lenovo Team,2.0,2.0,20.0,Finished,43,
2022,MotoGP,FRA,Race,FRA,A. Espargaro,Aprilia Racing,3.0,3.0,16.0,Finished,41,
2022,MotoGP,FRA,Race,FRA,F. Quartararo,Monster Energy Yamaha MotoGP,4.0,4.0,13.0,Finished,20,
2022,MotoGP,FRA,Race,FRA,J. Zarco,Prima Pramac Racing,6.0,5.0,11.0,Finished,5,
2022,MotoGP,FRA,Race,FRA,M. Marquez,Repsol Honda Team,10.0,6.0,10.0,Finished,93,
2022,MotoGP,FRA,Race,FRA,T. Nakagami,LCR Honda IDEMITSU,12.0,7.0,9.0,Finished,30,
2022,MotoGP,FRA,Race,FRA,B. Binder,Red Bull KTM Factory Racing,8.0,8.0,8.0,Finished,33,
2022,MotoGP,FRA,Race,FRA,L. Marini,Mooney VR46 Racing Team,5.0,9.0,7.0,Finished,10,
2022,MotoGP,FRA,Race,FRA,M. Viñales,Aprilia Racing,4.0,10.0,6.0,Finished,12,
2022,MotoGP,FRA,Race,FRA,P. Espargaro,Repsol Honda Team,11.0,11.0,5.0,Finished,44,
2022,MotoGP,FRA,Race,FRA,M. Bezzecchi,Mooney VR46 Racing Team,3.0,12.0,4.0,Finished,72,
2022,MotoGP,FRA,Race,FRA,F. Di Giannantonio,Gresini Racing MotoGP,6.0,13.0,3.0,Finished,49,
2022,MotoGP,FRA,Race,FRA,A. Marquez,LCR Honda CASTROL,11.0,14.0,2.0,Finished,73,
2022,MotoGP,FRA,Race,FRA,F. Morbidelli,Monster Energy Yamaha MotoGP,9.0,15.0,1.0,Finished,21,
2022,MotoGP,FRA,Race,FRA,A. Dovizioso,WithU Yamaha RNF MotoGP Team,10.0,16.0,0.0,Finished,4,
2022,MotoGP,FRA,Race,FRA,D. Binder,WithU Yamaha RNF MotoGP Team,13.0,17.0,0.0,Finished,40,
2022,MotoGP,FRA,Race,FRA,M. Oliveira,Red Bull KTM Factory Racing,7.0,,0.0,DNF,88,
2022,MotoGP,FRA,Race,FRA,F. Bagnaia,Ducati Lenovo Team,1.0,,0.0,DNF,63,
2022,MotoGP,FRA,Race,FRA,J. Martin,Prima Pramac Racing,1.0,,0.0,DNF,89,
2022,MotoGP,FRA,Race,FRA,J. Mir,Team SUZUKI ECSTAR,2.0,,0.0,DNF,36,
2022,MotoGP,FRA,Race,FRA,R. Fernandez,Tech3 KTM Factory Racing,14.0,,0.0,DNF,25,
2022,MotoGP,FRA,Race,FRA,A. Rins,Team SUZUKI ECSTAR,8.0,,0.0,DNF,42,
2022,MotoGP,FRA,Race,FRA,R. Gardner,Tech3 KTM Factory Racing,12.0,,0.0,DNF,87,
2022,MotoGP,ITA,Race,ITA,F. Bagnaia,Ducati Lenovo Team,5.0,1.0,25.0,Finished,63,
2022,MotoGP,ITA,Race,ITA,F. Quartararo,Monster Energy Yamaha MotoGP,6.0,2.0,20.0,Finished,20,
2022,MotoGP,ITA,Race,ITA,A. Espargaro,Aprilia Racing,7.0,3.0,16.0,Finished,41,
2022,MotoGP,ITA,Race,ITA,J. Zarco,Prima Pramac Racing,4.0,4.0,13.0,Finished,5,
2022,MotoGP,ITA,Race,ITA,M. Bezzecchi,Mooney VR46 Racing Team,2.0,5.0,11.0,Finished,72,
2022,MotoGP,ITA,Race,ITA,L. Marini,Mooney VR46 Racing Team,3.0,6.0,10.0,Finished,10,
2022,MotoGP,ITA,Race,ITA,B. Binder,Red Bull KTM Factory Racing,6.0,7.0,9.0,Finished,33,
2022,MotoGP,ITA,Race,ITA,T. Nakagami,LCR Honda IDEMITSU,8.0,8.0,8.0,Finished,30,
2022,MotoGP,ITA,Race,ITA,M. Oliveira,Red Bull KTM Factory Racing,5.0,9.0,7.0,Finished,88,
2022,MotoGP,ITA,Race,ITA,M. Marquez,Repsol Honda Team,2.0,10.0,6.0,Finished,93,
2022,MotoGP,ITA,Race,ITA,F. Di Giannantonio,Gresini Racing MotoGP,1.0,11.0,5.0,Finished,49,
2022,MotoGP,ITA,Race,ITA,M. Viñales,Aprilia Racing,14.0,12.0,4.0,Finished,12,
2022,MotoGP,ITA,Race,ITA,J. Martin,Prima Pramac Racing,11.0,13.0,3.0,Finished,89,
2022,MotoGP,ITA,Race,ITA,A. Marquez,LCR Honda CASTROL,8.0,14.0,2.0,Finished,73,
2022,MotoGP,ITA,Race,ITA,J. Miller,Ducati Lenovo Team,3.0,15.0,1.0,Finished,43,
2022,MotoGP,ITA,Race,ITA,D. Binder,WithU Yamaha RNF MotoGP Team,10.0,16.0,0.0,Finished,40,
2022,MotoGP,ITA,Race,ITA,F. Morbidelli,Monster Energy Yamaha MotoGP,13.0,17.0,0.0,Finished,21,
2022,MotoGP,ITA,Race,ITA,M. Pirro,Aruba.it Racing,4.0,18.0,0.0,Finished,51,
2022,MotoGP,ITA,Race,ITA,R. Gardner,Tech3 KTM Factory Racing,9.0,19.0,0.0,Finished,87,
2022,MotoGP,ITA,Race,ITA,A. Dovizioso,WithU Yamaha RNF MotoGP Team,16.0,20.0,0.0,Finished,4,
2022,MotoGP,ITA,Race,ITA,R. Fernandez,Tech3 KTM Factory Racing,15.0,21.0,0.0,Finished,25,
2022,MotoGP,ITA,Race,ITA,L. Savadori,Aprilia Racing,12.0,22.0,0.0,Finished,32,
2022,MotoGP,ITA,Race,ITA,E. Bastianini,Gresini Racing MotoGP,10.0,,0.0,DNF,23,
2022,MotoGP,ITA,Race,ITA,J. Mir,Team SUZUKI ECSTAR,7.0,,0.0,DNF,36,
2022,MotoGP,ITA,Race,ITA,A. Rins,Team SUZUKI ECSTAR,11.0,,0.0,DNF,42,
2022,MotoGP,ITA,Race,ITA,P. Espargaro,Repsol Honda Team,9.0,,0.0,DNF,44,
2022,MotoGP,CAT,Race,CAT,F. Quartararo,Monster Energy Yamaha MotoGP,3.0,1.0,25.0,Finished,20,
2022,MotoGP,CAT,Race,CAT,J. Martin,Prima Pramac Racing,6.0,2.0,20.0,Finished,89,
2022,MotoGP,CAT,Race,CAT,J. Zarco,Prima Pramac Racing,4.0,3.0,16.0,Finished,5,
2022,MotoGP,CAT,Race,CAT,J. Mir,Team SUZUKI ECSTAR,7.0,4.0,13.0,Finished,36,
2022,MotoGP,CAT,Race,CAT,A. Espargaro,Aprilia Racing,1.0,5.0,11.0,Finished,41,
2022,MotoGP,CAT,Race,CAT,L. Marini,Mooney VR46 Racing Team,9.0,6.0,10.0,Finished,10,
2022,MotoGP,CAT,Race,CAT,M. Viñales,Aprilia Racing,1.0,7.0,9.0,Finished,12,
2022,MotoGP,CAT,Race,CAT,B. Binder,Red Bull KTM Factory Racing,5.0,8.0,8.0,Finished,33,
2022,MotoGP,CAT,Race,CAT,M. Oliveira,Red Bull KTM Factory Racing,6.0,9.0,7.0,Finished,88,
2022,MotoGP,CAT,Race,CAT,A. Marquez,LCR Honda CASTROL,15.0,10.0,6.0,Finished,73,
2022,MotoGP,CAT,Race,CAT,R. Gardner,Tech3 KTM Factory Racing,10.0,11.0,5.0,Finished,87,
2022,MotoGP,CAT,Race,CAT,D. Binder,WithU Yamaha RNF MotoGP Team,13.0,12.0,4.0,Finished,40,
2022,MotoGP,CAT,Race,CAT,F. Morbidelli,Monster Energy Yamaha MotoGP,8.0,13.0,3.0,Finished,21,
2022,MotoGP,CAT,Race,CAT,J. Miller,Ducati Lenovo Team,11.0,14.0,2.0,Finished,43,
2022,MotoGP,CAT,Race,CAT,R. Fernandez,Tech3 KTM Factory Racing,14.0,15.0,1.0,Finished,25,
2022,MotoGP,CAT,Race,CAT,M. Pirro,Aruba.it Racing,12.0,16.0,0.0,Finished,51,
2022,MotoGP,CAT,Race,CAT,P. Espargaro,Repsol Honda Team,10.0,17.0,0.0,Finished,44,
2022,MotoGP,CAT,Race,CAT,A. Dovizioso,WithU Yamaha RNF MotoGP Team,9.0,,0.0,DNF,4,
2022,MotoGP,CAT,Race,CAT,F. Di Giannantonio,Gresini Racing MotoGP,5.0,,0.0,DNF,49,
2022,MotoGP,CAT,Race,CAT,E. Bastianini,Gresini Racing MotoGP,4.0,,0.0,DNF,23,
2022,MotoGP,CAT,Race,CAT,M. Bezzecchi,Mooney VR46 Racing Team,3.0,,0.0,DNF,72,
2022,MotoGP,CAT,Race,CAT,F. Bagnaia,Ducati Lenovo Team,2.0,,0.0,DNF,63,
2022,MotoGP,CAT,Race,CAT,T. Nakagami,LCR Honda IDEMITSU,2.0,,0.0,DNF,30,
2022,MotoGP,CAT,Race,CAT,S. Bradl,Repsol Honda Team,11.0,,0.0,DNF,6,
2022,MotoGP,CAT,Race,CAT,A. Rins,Team SUZUKI ECSTAR,7.0,,0.0,DNF,42,
2022,MotoGP,GER,Race,GER,F. Quartararo,Monster Energy Yamaha MotoGP,2.0,1.0,25.0,Finished,20,
2022,MotoGP,GER,Race,GER,J. Zarco,Prima Pramac Racing,3.0,2.0,20.0,Finished,5,
2022,MotoGP,GER,Race,GER,J. Miller,Ducati Lenovo Team,6.0,3.0,16.0,Finished,43,
2022,MotoGP,GER,Race,GER,A. Espargaro,Aprilia Racing,4.0,4.0,13.0,Finished,41,
2022,MotoGP,GER,Race,GER,L. Marini,Mooney VR46 Racing Team,7.0,5.0,11.0,Finished,10,
2022,MotoGP,GER,Race,GER,J. Martin,Prima Pramac Racing,8.0,6.0,10.0,Finished,89,
2022,MotoGP,GER,Race,GER,B. Binder,Red Bull KTM Factory Racing,5.0,7.0,9.0,Finished,33,
2022,MotoGP,GER,Race,GER,F. Di Giannantonio,Gresini Racing MotoGP,1.0,8.0,8.0,Finished,49,
2022,MotoGP,GER,Race,GER,M. Oliveira,Red Bull KTM Factory Racing,4.0,9.0,7.0,Finished,88,
2022,MotoGP,GER,Race,GER,E. Bastianini,Gresini Racing MotoGP,7.0,10.0,6.0,Finished,23,
2022,MotoGP,GER,Race,GER,M. Bezzecchi,Mooney VR46 Racing Team,2.0,11.0,5.0,Finished,72,
2022,MotoGP,GER,Race,GER,R. Fernandez,Tech3 KTM Factory Racing,12.0,12.0,4.0,Finished,25,
2022,MotoGP,GER,Race,GER,F. Morbidelli,Monster Energy Yamaha MotoGP,10.0,13.0,3.0,Finished,21,
2022,MotoGP,GER,Race,GER,A. Dovizioso,WithU Yamaha RNF MotoGP Team,9.0,14.0,2.0,Finished,4,
2022,MotoGP,GER,Race,GER,R. Gardner,Tech3 KTM Factory Racing,11.0,15.0,1.0,Finished,87,
2022,MotoGP,GER,Race,GER,S. Bradl,Repsol Honda Team,8.0,16.0,0.0,Finished,6,
2022,MotoGP,GER,Race,GER,P. Espargaro,Repsol Honda Team,3.0,,0.0,DNF,44,
2022,MotoGP,GER,Race,GER,M. Viñales,Aprilia Racing,9.0,,0.0,DNF,12,
2022,MotoGP,GER,Race,GER,A. Marquez,LCR Honda CASTROL,6.0,,0.0,DNF,73,
2022,MotoGP,GER,Race,GER,T. Nakagami,LCR Honda IDEMITSU,10.0,,0.0,DNF,30,
2022,MotoGP,GER,Race,GER,D. Binder,WithU Yamaha RNF MotoGP Team,13.0,,0.0,DNF,40,
2022,MotoGP,GER,Race,GER,J. Mir,Team SUZUKI ECSTAR,12.0,,0.0,DNF,36,
2022,MotoGP,GER,Race,GER,F. Bagnaia,Ducati Lenovo Team,1.0,,0.0,DNF,63,
2022,MotoGP,NED,Race,NED,F. Bagnaia,Ducati Lenovo Team,1.0,1.0,25.0,Finished,63,
2022,MotoGP,NED,Race,NED,M. Bezzecchi,Mooney VR46 Racing Team,4.0,2.0,20.0,Finished,72,
2022,MotoGP,NED,Race,NED,M. Viñales,Aprilia Racing,11.0,3.0,16.0,Finished,12,
2022,MotoGP,NED,Race,NED,A. Espargaro,Aprilia Racing,5.0,4.0,13.0,Finished,41,
2022,MotoGP,NED,Race,NED,B. Binder,Red Bull KTM Factory Racing,1.0,5.0,11.0,Finished,33,
2022,MotoGP,NED,Race,NED,J. Miller,Ducati Lenovo Team,6.0,6.0,10.0,Finished,43,
2022,MotoGP,NED,Race,NED,J. Martin,Prima Pramac Racing,3.0,7.0,9.0,Finished,89,
2022,MotoGP,NED,Race,NED,J. Mir,Team SUZUKI ECSTAR,4.0,8.0,8.0,Finished,36,
2022,MotoGP,NED,Race,NED,M. Oliveira,Red Bull KTM Factory Racing,2.0,9.0,7.0,Finished,88,
2022,MotoGP,NED,Race,NED,A. Rins,Team SUZUKI ECSTAR,9.0,10.0,6.0,Finished,42,
2022,MotoGP,NED,Race,NED,E. Bastianini,Gresini Racing MotoGP,6.0,11.0,5.0,Finished,23,
2022,MotoGP,NED,Race,NED,T. Nakagami,LCR Honda IDEMITSU,12.0,12.0,4.0,Finished,30,
2022,MotoGP,NED,Race,NED,J. Zarco,Prima Pramac Racing,7.0,13.0,3.0,Finished,5,
2022,MotoGP,NED,Race,NED,F. Di Giannantonio,Gresini Racing MotoGP,5.0,14.0,2.0,Finished,49,
2022,MotoGP,NED,Race,NED,A. Marquez,LCR Honda CASTROL,11.0,15.0,1.0,Finished,73,
2022,MotoGP,NED,Race,NED,A. Dovizioso,WithU Yamaha RNF MotoGP Team,7.0,16.0,0.0,Finished,4,
2022,MotoGP,NED,Race,NED,L. Marini,Mooney VR46 Racing Team,3.0,17.0,0.0,Finished,10,
2022,MotoGP,NED,Race,NED,S. Bradl,Repsol Honda Team,8.0,18.0,0.0,Finished,6,
2022,MotoGP,NED,Race,NED,R. Gardner,Tech3 KTM Factory Racing,9.0,19.0,0.0,Finished,87,
2022,MotoGP,NED,Race,NED,L. Savadori,Aprilia Racing,12.0,20.0,0.0,Finished,32,
2022,MotoGP,NED,Race,NED,R. Fernandez,Tech3 KTM Factory Racing,13.0,,0.0,DNF,25,
2022,MotoGP,NED,Race,NED,F. Quartararo,Monster Energy Yamaha MotoGP,2.0,,0.0,DNF,20,
2022,MotoGP,NED,Race,NED,F. Morbidelli,Monster Energy Yamaha MotoGP,10.0,,0.0,DNF,21,
2022,MotoGP,NED,Race,NED,D. Binder,WithU Yamaha RNF MotoGP Team,14.0,,0.0,DNF,40,
2022,MotoGP,GBR,Race,GBR,F. Bagnaia,Ducati Lenovo Team,5.0,1.0,25.0,Finished,63,
2022,MotoGP,GBR,Race,GBR,M. Viñales,Aprilia Racing,2.0,2.0,20.0,Finished,12,
2022,MotoGP,GBR,Race,GBR,J. Miller,Ducati Lenovo Team,3.0,3.0,16.0,Finished,43,
2022,MotoGP,GBR,Race,GBR,E. Bastianini,Gresini Racing MotoGP,1.0,4.0,13.0,Finished,23,
2022,MotoGP,GBR,Race,GBR,J. Martin,Prima Pramac Racing,9.0,5.0,11.0,Finished,89,
2022,MotoGP,GBR,Race,GBR,M. Oliveira,Red Bull KTM Factory Racing,3.0,6.0,10.0,Finished,88,
2022,MotoGP,GBR,Race,GBR,A. Rins,Team SUZUKI ECSTAR,11.0,7.0,9.0,Finished,42,
2022,MotoGP,GBR,Race,GBR,F. Quartararo,Monster Energy Yamaha MotoGP,4.0,8.0,8.0,Finished,20,
2022,MotoGP,GBR,Race,GBR,A. Espargaro,Aprilia Racing,6.0,9.0,7.0,Finished,41,
2022,MotoGP,GBR,Race,GBR,M. Bezzecchi,Mooney VR46 Racing Team,2.0,10.0,6.0,Finished,72,
2022,MotoGP,GBR,Race,GBR,B. Binder,Red Bull KTM Factory Racing,4.0,11.0,5.0,Finished,33,
2022,MotoGP,GBR,Race,GBR,L. Marini,Mooney VR46 Racing Team,10.0,12.0,4.0,Finished,10,
2022,MotoGP,GBR,Race,GBR,T. Nakagami,LCR Honda IDEMITSU,11.0,13.0,3.0,Finished,30,
2022,MotoGP,GBR,Race,GBR,P. Espargaro,Repsol Honda Team,9.0,14.0,2.0,Finished,44,
2022,MotoGP,GBR,Race,GBR,F. Morbidelli,Monster Energy Yamaha MotoGP,10.0,15.0,1.0,Finished,21,
2022,MotoGP,GBR,Race,GBR,A. Dovizioso,WithU Yamaha RNF MotoGP Team,14.0,16.0,0.0,Finished,4,
2022,MotoGP,GBR,Race,GBR,A. Marquez,LCR Honda CASTROL,7.0,17.0,0.0,Finished,73,
2022,MotoGP,GBR,Race,GBR,R. Gardner,Tech3 KTM Factory Racing,6.0,18.0,0.0,Finished,87,
2022,MotoGP,GBR,Race,GBR,S. Bradl,Repsol Honda Team,8.0,19.0,0.0,Finished,6,
2022,MotoGP,GBR,Race,GBR,D. Binder,WithU Yamaha RNF MotoGP Team,13.0,20.0,0.0,Finished,40,
2022,MotoGP,GBR,Race,GBR,R. Fernandez,Tech3 KTM Factory Racing,12.0,21.0,0.0,Finished,25,
2022,MotoGP,GBR,Race,GBR,F. Di Giannantonio,Gresini Racing MotoGP,5.0,22.0,0.0,Finished,49,
2022,MotoGP,GBR,Race,GBR,J. Mir,Team SUZUKI ECSTAR,12.0,,0.0,DNF,36,
2022,MotoGP,GBR,Race,GBR,J. Zarco,Prima Pramac Racing,1.0,,0.0,DNF,5,
2022,MotoGP,AUT,Race,AUT,F. Bagnaia,Ducati Lenovo Team,2.0,1.0,25.0,Finished,63,
2022,MotoGP,AUT,Race,AUT,F. Quartararo,Monster Energy Yamaha MotoGP,5.0,2.0,20.0,Finished,20,
2022,MotoGP,AUT,Race,AUT,J. Miller,Ducati Lenovo Team,3.0,3.0,16.0,Finished,43,
2022,MotoGP,AUT,Race,AUT,L. Marini,Mooney VR46 Racing Team,3.0,4.0,13.0,Finished,10,
2022,MotoGP,AUT,Race,AUT,J. Zarco,Prima Pramac Racing,6.0,5.0,11.0,Finished,5,
2022,MotoGP,AUT,Race,AUT,A. Espargaro,Aprilia Racing,1.0,6.0,10.0,Finished,41,
2022,MotoGP,AUT,Race,AUT,B. Binder,Red Bull KTM Factory Racing,12.0,7.0,9.0,Finished,33,
2022,MotoGP,AUT,Race,AUT,A. Rins,Team SUZUKI ECSTAR,11.0,8.0,8.0,Finished,42,
2022,MotoGP,AUT,Race,AUT,M. Bezzecchi,Mooney VR46 Racing Team,10.0,9.0,7.0,Finished,72,
2022,MotoGP,AUT,Race,AUT,J. Martin,Prima Pramac Racing,4.0,10.0,6.0,Finished,89,
2022,MotoGP,AUT,Race,AUT,F. Di Giannantonio,Gresini Racing MotoGP,2.0,11.0,5.0,Finished,49,
2022,MotoGP,AUT,Race,AUT,M. Oliveira,Red Bull KTM Factory Racing,7.0,12.0,4.0,Finished,88,
2022,MotoGP,AUT,Race,AUT,M. Viñales,Aprilia Racing,7.0,13.0,3.0,Finished,12,
2022,MotoGP,AUT,Race,AUT,A. Marquez,LCR Honda CASTROL,15.0,14.0,2.0,Finished,73,
2022,MotoGP,AUT,Race,AUT,A. Dovizioso,WithU Yamaha RNF MotoGP Team,9.0,15.0,1.0,Finished,4,
2022,MotoGP,AUT,Race,AUT,P. Espargaro,Repsol Honda Team,5.0,16.0,0.0,Finished,44,
2022,MotoGP,AUT,Race,AUT,S. Bradl,Repsol Honda Team,8.0,17.0,0.0,Finished,6,
2022,MotoGP,AUT,Race,AUT,R. Fernandez,Tech3 KTM Factory Racing,13.0,18.0,0.0,Finished,25,
2022,MotoGP,AUT,Race,AUT,L. Savadori,Aprilia Racing,14.0,19.0,0.0,Finished,32,
2022,MotoGP,AUT,Race,AUT,R. Gardner,Tech3 KTM Factory Racing,12.0,20.0,0.0,Finished,87,
2022,MotoGP,AUT,Race,AUT,F. Morbidelli,Monster Energy Yamaha MotoGP,6.0,,0.0,DNF,21,
2022,MotoGP,AUT,Race,AUT,D. Binder,WithU Yamaha RNF MotoGP Team,11.0,,0.0,DNF,40,
2022,MotoGP,AUT,Race,AUT,T. Nakagami,LCR Honda IDEMITSU,4.0,,0.0,DNF,30,
2022,MotoGP,AUT,Race,AUT,E. Bastianini,Gresini Racing MotoGP,1.0,,0.0,DNF,23,
2022,MotoGP,AUT,Race,AUT,J. Mir,Team SUZUKI ECSTAR,8.0,,0.0,DNF,36,
2022,MotoGP,RSM,Race,RSM,F. Bagnaia,Ducati Lenovo Team,2.0,1.0,25.0,Finished,63,
2022,MotoGP,RSM,Race,RSM,E. Bastianini,Gresini Racing MotoGP,3.0,2.0,20.0,Finished,23,
2022,MotoGP,RSM,Race,RSM,M. Viñales,Aprilia Racing,5.0,3.0,16.0,Finished,12,
2022,MotoGP,RSM,Race,RSM,L. Marini,Mooney VR46 Racing Team,2.0,4.0,13.0,Finished,10,
2022,MotoGP,RSM,Race,RSM,F. Quartararo,Monster Energy Yamaha MotoGP,8.0,5.0,11.0,Finished,20,
2022,MotoGP,RSM,Race,RSM,A. Espargaro,Aprilia Racing,9.0,6.0,10.0,Finished,41,
2022,MotoGP,RSM,Race,RSM,A. Rins,Team SUZUKI ECSTAR,12.0,7.0,9.0,Finished,42,
2022,MotoGP,RSM,Race,RSM,B. Binder,Red Bull KTM Factory Racing,5.0,8.0,8.0,Finished,33,
2022,MotoGP,RSM,Race,RSM,J. Martin,Prima Pramac Racing,3.0,9.0,7.0,Finished,89,
2022,MotoGP,RSM,Race,RSM,A. Marquez,LCR Honda CASTROL,6.0,10.0,6.0,Finished,73,
2022,MotoGP,RSM,Race,RSM,M. Oliveira,Red Bull KTM Factory Racing,10.0,11.0,5.0,Finished,88,
2022,MotoGP,RSM,Race,RSM,A. Dovizioso,WithU Yamaha RNF MotoGP Team,8.0,12.0,4.0,Finished,4,
2022,MotoGP,RSM,Race,RSM,R. Fernandez,Tech3 KTM Factory Racing,15.0,13.0,3.0,Finished,25,
2022,MotoGP,RSM,Race,RSM,S. Bradl,Repsol Honda Team,10.0,14.0,2.0,Finished,6,
2022,MotoGP,RSM,Race,RSM,T. Nakagami,LCR Honda IDEMITSU,12.0,15.0,1.0,Finished,30,
2022,MotoGP,RSM,Race,RSM,D. Binder,WithU Yamaha RNF MotoGP Team,11.0,16.0,0.0,Finished,40,
2022,MotoGP,RSM,Race,RSM,M. Bezzecchi,Mooney VR46 Racing Team,1.0,17.0,0.0,Finished,72,
2022,MotoGP,RSM,Race,RSM,J. Miller,Ducati Lenovo Team,1.0,18.0,0.0,Finished,43,
2022,MotoGP,RSM,Race,RSM,R. Gardner,Tech3 KTM Factory Racing,14.0,19.0,0.0,Finished,87,
2022,MotoGP,RSM,Race,RSM,F. Di Giannantonio,Gresini Racing MotoGP,4.0,20.0,0.0,Finished,49,
2022,MotoGP,RSM,Race,RSM,K. Watanabe,Team SUZUKI ECSTAR,13.0,21.0,0.0,Finished,92,
2022,MotoGP,RSM,Race,RSM,F. Morbidelli,Monster Energy Yamaha MotoGP,11.0,,0.0,DNF,21,
2022,MotoGP,RSM,Race,RSM,M. Pirro,Aruba.it Racing,7.0,,0.0,DNF,51,
2022,MotoGP,RSM,Race,RSM,J. Zarco,Prima Pramac Racing,6.0,,0.0,DNF,5,
2022,MotoGP,RSM,Race,RSM,P. Espargaro,Repsol Honda Team,9.0,,0.0,DNF,44,
2022,MotoGP,ARA,Race,ARA,E. Bastianini,Gresini Racing MotoGP,3.0,1.0,25.0,Finished,23,
2022,MotoGP,ARA,Race,ARA,F. Bagnaia,Ducati Lenovo Team,1.0,2.0,20.0,Finished,63,
2022,MotoGP,ARA,Race,ARA,A. Espargaro,Aprilia Racing,1.0,3.0,16.0,Finished,41,
2022,MotoGP,ARA,Race,ARA,B. Binder,Red Bull KTM Factory Racing,10.0,4.0,13.0,Finished,33,
2022,MotoGP,ARA,Race,ARA,J. Miller,Ducati Lenovo Team,2.0,5.0,11.0,Finished,43,
2022,MotoGP,ARA,Race,ARA,J. Martin,Prima Pramac Racing,8.0,6.0,10.0,Finished,89,
2022,MotoGP,ARA,Race,ARA,L. Marini,Mooney VR46 Racing Team,4.0,7.0,9.0,Finished,10,
2022,MotoGP,ARA,Race,ARA,J. Zarco,Prima Pramac Racing,2.0,8.0,8.0,Finished,5,
2022,MotoGP,ARA,Race,ARA,A. Rins,Team SUZUKI ECSTAR,9.0,9.0,7.0,Finished,42,
2022,MotoGP,ARA,Race,ARA,M. Bezzecchi,Mooney VR46 Racing Team,7.0,10.0,6.0,Finished,72,
2022,MotoGP,ARA,Race,ARA,M. Oliveira,Red Bull KTM Factory Racing,11.0,11.0,5.0,Finished,88,
2022,MotoGP,ARA,Race,ARA,A. Marquez,LCR Honda CASTROL,7.0,12.0,4.0,Finished,73,
2022,MotoGP,ARA,Race,ARA,M. Viñales,Aprilia Racing,6.0,13.0,3.0,Finished,12,
2022,MotoGP,ARA,Race,ARA,C. Crutchlow,WithU Yamaha RNF MotoGP Team,9.0,14.0,2.0,Finished,35,
2022,MotoGP,ARA,Race,ARA,P. Espargaro,Repsol Honda Team,8.0,15.0,1.0,Finished,44,
2022,MotoGP,ARA,Race,ARA,R. Gardner,Tech3 KTM Factory Racing,12.0,16.0,0.0,Finished,87,
2022,MotoGP,ARA,Race,ARA,F. Morbidelli,Monster Energy Yamaha MotoGP,10.0,17.0,0.0,Finished,21,
2022,MotoGP,ARA,Race,ARA,D. Binder,WithU Yamaha RNF MotoGP Team,13.0,18.0,0.0,Finished,40,
2022,MotoGP,ARA,Race,ARA,F. Di Giannantonio,Gresini Racing MotoGP,5.0,19.0,0.0,Finished,49,
2022,MotoGP,ARA,Race,ARA,R. Fernandez,Tech3 KTM Factory Racing,11.0,20.0,0.0,Finished,25,
2022,MotoGP,ARA,Race,ARA,M. Marquez,Repsol Honda Team,3.0,,0.0,DNF,93,
2022,MotoGP,ARA,Race,ARA,T. Nakagami,LCR Honda IDEMITSU,12.0,,0.0,DNF,30,
2022,MotoGP,ARA,Race,ARA,F. Quartararo,Monster Energy Yamaha MotoGP,6.0,,0.0,DNF,20,
2022,MotoGP,JPN,Race,JPN,J. Miller,Ducati Lenovo Team,7.0,1.0,25.0,Finished,43,
2022,MotoGP,JPN,Race,JPN,B. Binder,Red Bull KTM Factory Racing,3.0,2.0,20.0,Finished,33,
2022,MotoGP,JPN,Race,JPN,J. Martin,Prima Pramac Racing,2.0,3.0,16.0,Finished,89,
2022,MotoGP,JPN,Race,JPN,M. Marquez,Repsol Honda Team,1.0,4.0,13.0,Finished,93,
2022,MotoGP,JPN,Race,JPN,M. Oliveira,Red Bull KTM Factory Racing,8.0,5.0,11.0,Finished,88,
2022,MotoGP,JPN,Race,JPN,L. Marini,Mooney VR46 Racing Team,10.0,6.0,10.0,Finished,10,
2022,MotoGP,JPN,Race,JPN,M. Viñales,Aprilia Racing,4.0,7.0,9.0,Finished,12,
2022,MotoGP,JPN,Race,JPN,F. Quartararo,Monster Energy Yamaha MotoGP,9.0,8.0,8.0,Finished,20,
2022,MotoGP,JPN,Race,JPN,E. Bastianini,Gresini Racing MotoGP,5.0,9.0,7.0,Finished,23,
2022,MotoGP,JPN,Race,JPN,M. Bezzecchi,Mooney VR46 Racing Team,3.0,10.0,6.0,Finished,72,
2022,MotoGP,JPN,Race,JPN,J. Zarco,Prima Pramac Racing,1.0,11.0,5.0,Finished,5,
2022,MotoGP,JPN,Race,JPN,P. Espargaro,Repsol Honda Team,11.0,12.0,4.0,Finished,44,
2022,MotoGP,JPN,Race,JPN,A. Marquez,LCR Honda CASTROL,7.0,13.0,3.0,Finished,73,
2022,MotoGP,JPN,Race,JPN,F. Morbidelli,Monster Energy Yamaha MotoGP,4.0,14.0,2.0,Finished,21,
2022,MotoGP,JPN,Race,JPN,C. Crutchlow,WithU Yamaha RNF MotoGP Team,13.0,15.0,1.0,Finished,35,
2022,MotoGP,JPN,Race,JPN,A. Espargaro,Aprilia Racing,6.0,16.0,0.0,Finished,41,
2022,MotoGP,JPN,Race,JPN,F. Di Giannantonio,Gresini Racing MotoGP,6.0,17.0,0.0,Finished,49,
2022,MotoGP,JPN,Race,JPN,R. Fernandez,Tech3 KTM Factory Racing,12.0,18.0,0.0,Finished,25,
2022,MotoGP,JPN,Race,JPN,R. Gardner,Tech3 KTM Factory Racing,10.0,19.0,0.0,Finished,87,
2022,MotoGP,JPN,Race,JPN,T. Nakagami,LCR Honda IDEMITSU,15.0,20.0,0.0,Finished,30,
2022,MotoGP,JPN,Race,JPN,F. Bagnaia,Ducati Lenovo Team,12.0,,0.0,DNF,63,
2022,MotoGP,JPN,Race,JPN,D. Binder,WithU Yamaha RNF MotoGP Team,14.0,,0.0,DNF,40,
2022,MotoGP,JPN,Race,JPN,A. Rins,Team SUZUKI ECSTAR,8.0,,0.0,DNF,42,
2022,MotoGP,JPN,Race,JPN,T. Tsuda,Team SUZUKI ECSTAR,11.0,,0.0,DNF,85,
2022,MotoGP,JPN,Race,JPN,T. Nagashima,HRC Team,9.0,,0.0,DNF,45,
2022,MotoGP,THA,Race,THA,M. Oliveira,Red Bull KTM Factory Racing,2.0,1.0,25.0,Finished,88,
2022,MotoGP,THA,Race,THA,J. Miller,Ducati Lenovo Team,7.0,2.0,20.0,Finished,43,
2022,MotoGP,THA,Race,THA,F. Bagnaia,Ducati Lenovo Team,3.0,3.0,16.0,Finished,63,
2022,MotoGP,THA,Race,THA,J. Zarco,Prima Pramac Racing,5.0,4.0,13.0,Finished,5,
2022,MotoGP,THA,Race,THA,M. Marquez,Repsol Honda Team,1.0,5.0,11.0,Finished,93,
2022,MotoGP,THA,Race,THA,E. Bastianini,Gresini Racing MotoGP,6.0,6.0,10.0,Finished,23,
2022,MotoGP,THA,Race,THA,M. Viñales,Aprilia Racing,7.0,7.0,9.0,Finished,12,
2022,MotoGP,THA,Race,THA,A. Marquez,LCR Honda CASTROL,10.0,8.0,8.0,Finished,73,
2022,MotoGP,THA,Race,THA,J. Martin,Prima Pramac Racing,2.0,9.0,7.0,Finished,89,
2022,MotoGP,THA,Race,THA,B. Binder,Red Bull KTM Factory Racing,12.0,10.0,6.0,Finished,33,
2022,MotoGP,THA,Race,THA,A. Espargaro,Aprilia Racing,3.0,11.0,5.0,Finished,41,
2022,MotoGP,THA,Race,THA,A. Rins,Team SUZUKI ECSTAR,10.0,12.0,4.0,Finished,42,
2022,MotoGP,THA,Race,THA,F. Morbidelli,Monster Energy Yamaha MotoGP,4.0,13.0,3.0,Finished,21,
2022,MotoGP,THA,Race,THA,P. Espargaro,Repsol Honda Team,9.0,14.0,2.0,Finished,44,
2022,MotoGP,THA,Race,THA,R. Fernandez,Tech3 KTM Factory Racing,6.0,15.0,1.0,Finished,25,
2022,MotoGP,THA,Race,THA,M. Bezzecchi,Mooney VR46 Racing Team,1.0,16.0,0.0,Finished,72,
2022,MotoGP,THA,Race,THA,F. Quartararo,Monster Energy Yamaha MotoGP,4.0,17.0,0.0,Finished,20,
2022,MotoGP,THA,Race,THA,F. Di Giannantonio,Gresini Racing MotoGP,11.0,18.0,0.0,Finished,49,
2022,MotoGP,THA,Race,THA,C. Crutchlow,WithU Yamaha RNF MotoGP Team,5.0,19.0,0.0,Finished,35,
2022,MotoGP,THA,Race,THA,D. Petrucci,Team SUZUKI ECSTAR,14.0,20.0,0.0,Finished,9,
2022,MotoGP,THA,Race,THA,D. Binder,WithU Yamaha RNF MotoGP Team,13.0,21.0,0.0,Finished,40,
2022,MotoGP,THA,Race,THA,T. Nagashima,LCR Honda IDEMITSU,12.0,22.0,0.0,Finished,45,
2022,MotoGP,THA,Race,THA,L. Marini,Mooney VR46 Racing Team,9.0,23.0,0.0,Finished,10,
2022,MotoGP,THA,Race,THA,R. Gardner,Tech3 KTM Factory Racing,8.0,,0.0,DNF,87,
2022,MotoGP,AUS,Race,AUS,A. Rins,Team SUZUKI ECSTAR,2.0,1.0,25.0,Finished,42,
2022,MotoGP,AUS,Race,AUS,M. Marquez,Repsol Honda Team,2.0,2.0,20.0,Finished,93,
2022,MotoGP,AUS,Race,AUS,F. Bagnaia,Ducati Lenovo Team,3.0,3.0,16.0,Finished,63,
2022,MotoGP,AUS,Race,AUS,M. Bezzecchi,Mooney VR46 Racing Team,9.0,4.0,13.0,Finished,72,
2022,MotoGP,AUS,Race,AUS,E. Bastianini,Gresini Racing MotoGP,5.0,5.0,11.0,Finished,23,
2022,MotoGP,AUS,Race,AUS,L. Marini,Mooney VR46 Racing Team,7.0,6.0,10.0,Finished,10,
2022,MotoGP,AUS,Race,AUS,J. Martin,Prima Pramac Racing,1.0,7.0,9.0,Finished,89,
2022,MotoGP,AUS,Race,AUS,J. Zarco,Prima Pramac Racing,1.0,8.0,8.0,Finished,5,
2022,MotoGP,AUS,Race,AUS,A. Espargaro,Aprilia Racing,4.0,9.0,7.0,Finished,41,
2022,MotoGP,AUS,Race,AUS,B. Binder,Red Bull KTM Factory Racing,6.0,10.0,6.0,Finished,33,
2022,MotoGP,AUS,Race,AUS,P. Espargaro,Repsol Honda Team,3.0,11.0,5.0,Finished,44,
2022,MotoGP,AUS,Race,AUS,M. Oliveira,Red Bull KTM Factory Racing,11.0,12.0,4.0,Finished,88,
2022,MotoGP,AUS,Race,AUS,C. Crutchlow,WithU Yamaha RNF MotoGP Team,7.0,13.0,3.0,Finished,35,
2022,MotoGP,AUS,Race,AUS,D. Binder,WithU Yamaha RNF MotoGP Team,8.0,14.0,2.0,Finished,40,
2022,MotoGP,AUS,Race,AUS,R. Gardner,Tech3 KTM Factory Racing,9.0,15.0,1.0,Finished,87,
2022,MotoGP,AUS,Race,AUS,R. Fernandez,Tech3 KTM Factory Racing,12.0,16.0,0.0,Finished,25,
2022,MotoGP,AUS,Race,AUS,M. Viñales,Aprilia Racing,12.0,17.0,0.0,Finished,12,
2022,MotoGP,AUS,Race,AUS,J. Mir,Team SUZUKI ECSTAR,4.0,18.0,0.0,Finished,36,
2022,MotoGP,AUS,Race,AUS,T. Nagashima,LCR Honda IDEMITSU,14.0,19.0,0.0,Finished,45,
2022,MotoGP,AUS,Race,AUS,F. Di Giannantonio,Gresini Racing MotoGP,10.0,20.0,0.0,Finished,49,
2022,MotoGP,AUS,Race,AUS,F. Morbidelli,Monster Energy Yamaha MotoGP,13.0,,0.0,DNF,21,
2022,MotoGP,AUS,Race,AUS,F. Quartararo,Monster Energy Yamaha MotoGP,5.0,,0.0,DNF,20,
2022,MotoGP,AUS,Race,AUS,A. Marquez,LCR Honda CASTROL,11.0,,0.0,DNF,73,
2022,MotoGP,AUS,Race,AUS,J. Miller,Ducati Lenovo Team,8.0,,0.0,DNF,43,
2022,MotoGP,MAL,Race,MAL,F. Bagnaia,Ducati Lenovo Team,1.0,1.0,25.0,Finished,63,
2022,MotoGP,MAL,Race,MAL,E. Bastianini,Gresini Racing MotoGP,2.0,2.0,20.0,Finished,23,
2022,MotoGP,MAL,Race,MAL,F. Quartararo,Monster Energy Yamaha MotoGP,12.0,3.0,16.0,Finished,20,
2022,MotoGP,MAL,Race,MAL,M. Bezzecchi,Mooney VR46 Racing Team,4.0,4.0,13.0,Finished,72,
2022,MotoGP,MAL,Race,MAL,A. Rins,Team SUZUKI ECSTAR,5.0,5.0,11.0,Finished,42,
2022,MotoGP,MAL,Race,MAL,J. Miller,Ducati Lenovo Team,4.0,6.0,10.0,Finished,43,
2022,MotoGP,MAL,Race,MAL,M. Marquez,Repsol Honda Team,2.0,7.0,9.0,Finished,93,
2022,MotoGP,MAL,Race,MAL,B. Binder,Red Bull KTM Factory Racing,3.0,8.0,8.0,Finished,33,
2022,MotoGP,MAL,Race,MAL,J. Zarco,Prima Pramac Racing,8.0,9.0,7.0,Finished,5,
2022,MotoGP,MAL,Race,MAL,A. Espargaro,Aprilia Racing,10.0,10.0,6.0,Finished,41,
2022,MotoGP,MAL,Race,MAL,F. Morbidelli,Monster Energy Yamaha MotoGP,7.0,11.0,5.0,Finished,21,
2022,MotoGP,MAL,Race,MAL,C. Crutchlow,WithU Yamaha RNF MotoGP Team,5.0,12.0,4.0,Finished,35,
2022,MotoGP,MAL,Race,MAL,M. Oliveira,Red Bull KTM Factory Racing,9.0,13.0,3.0,Finished,88,
2022,MotoGP,MAL,Race,MAL,P. Espargaro,Repsol Honda Team,7.0,14.0,2.0,Finished,44,
2022,MotoGP,MAL,Race,MAL,R. Fernandez,Tech3 KTM Factory Racing,12.0,15.0,1.0,Finished,25,
2022,MotoGP,MAL,Race,MAL,M. Viñales,Aprilia Racing,8.0,16.0,0.0,Finished,12,
2022,MotoGP,MAL,Race,MAL,A. Marquez,LCR Honda CASTROL,11.0,17.0,0.0,Finished,73,
2022,MotoGP,MAL,Race,MAL,R. Gardner,Tech3 KTM Factory Racing,10.0,18.0,0.0,Finished,87,
2022,MotoGP,MAL,Race,MAL,J. Mir,Team SUZUKI ECSTAR,11.0,19.0,0.0,Finished,36,
2022,MotoGP,MAL,Race,MAL,F. Di Giannantonio,Gresini Racing MotoGP,6.0,,0.0,DNF,49,
2022,MotoGP,MAL,Race,MAL,D. Binder,WithU Yamaha RNF MotoGP Team,14.0,,0.0,DNF,40,
2022,MotoGP,MAL,Race,MAL,J. Martin,Prima Pramac Racing,1.0,,0.0,DNF,89,
2022,MotoGP,MAL,Race,MAL,T. Nagashima,LCR Honda IDEMITSU,13.0,,0.0,DNF,45,
2022,MotoGP,MAL,Race,MAL,L. Marini,Mooney VR46 Racing Team,6.0,,0.0,DNF,10,
2022,MotoGP,VAL,Race,VAL,A. Rins,Team SUZUKI ECSTAR,2.0,1.0,25.0,Finished,42,
2022,MotoGP,VAL,Race,VAL,B. Binder,Red Bull KTM Factory Racing,7.0,2.0,20.0,Finished,33,
2022,MotoGP,VAL,Race,VAL,J. Martin,Prima Pramac Racing,1.0,3.0,16.0,Finished,89,
2022,MotoGP,VAL,Race,VAL,F. Quartararo,Monster Energy Yamaha MotoGP,4.0,4.0,13.0,Finished,20,
2022,MotoGP,VAL,Race,VAL,M. Oliveira,Red Bull KTM Factory Racing,4.0,5.0,11.0,Finished,88,
2022,MotoGP,VAL,Race,VAL,J. Mir,Team SUZUKI ECSTAR,12.0,6.0,10.0,Finished,36,
2022,MotoGP,VAL,Race,VAL,L. Marini,Mooney VR46 Racing Team,11.0,7.0,9.0,Finished,10,
2022,MotoGP,VAL,Race,VAL,E. Bastianini,Gresini Racing MotoGP,3.0,8.0,8.0,Finished,23,
2022,MotoGP,VAL,Race,VAL,F. Bagnaia,Ducati Lenovo Team,8.0,9.0,7.0,Finished,63,
2022,MotoGP,VAL,Race,VAL,F. Morbidelli,Monster Energy Yamaha MotoGP,6.0,10.0,6.0,Finished,21,
2022,MotoGP,VAL,Race,VAL,M. Bezzecchi,Mooney VR46 Racing Team,8.0,11.0,5.0,Finished,72,
2022,MotoGP,VAL,Race,VAL,R. Fernandez,Tech3 KTM Factory Racing,13.0,12.0,4.0,Finished,25,
2022,MotoGP,VAL,Race,VAL,R. Gardner,Tech3 KTM Factory Racing,10.0,13.0,3.0,Finished,87,
2022,MotoGP,VAL,Race,VAL,T. Nakagami,LCR Honda IDEMITSU,11.0,14.0,2.0,Finished,30,
2022,MotoGP,VAL,Race,VAL,F. Di Giannantonio,Gresini Racing MotoGP,9.0,15.0,1.0,Finished,49,
2022,MotoGP,VAL,Race,VAL,C. Crutchlow,WithU Yamaha RNF MotoGP Team,7.0,16.0,0.0,Finished,35,
2022,MotoGP,VAL,Race,VAL,A. Marquez,LCR Honda CASTROL,5.0,17.0,0.0,Finished,73,
2022,MotoGP,VAL,Race,VAL,J. Miller,Ducati Lenovo Team,3.0,,0.0,DNF,43,
2022,MotoGP,VAL,Race,VAL,M. Viñales,Aprilia Racing,1.0,,0.0,DNF,12,
2022,MotoGP,VAL,Race,VAL,J. Zarco,Prima Pramac Racing,9.0,,0.0,DNF,5,
2022,MotoGP,VAL,Race,VAL,M. Marquez,Repsol Honda Team,2.0,,0.0,DNF,93,
2022,MotoGP,VAL,Race,VAL,D. Binder,WithU Yamaha RNF MotoGP Team,14.0,,0.0,DNF,40,
2022,MotoGP,VAL,Race,VAL,P. Espargaro,Repsol Honda Team,12.0,,0.0,DNF,44,
2022,MotoGP,VAL,Race,VAL,A. Espargaro,Aprilia Racing,10.0,,0.0,DNF,41,
2023,MotoGP,POR,Race,POR,F. Bagnaia,Ducati Lenovo Team,2.0,1.0,25.0,Finished,1,
2023,MotoGP,POR,Race,POR,M. Viñales,Aprilia Racing,7.0,2.0,20.0,Finished,12,
2023,MotoGP,POR,Race,POR,M. Bezzecchi,Mooney VR46 Racing Team,8.0,3.0,16.0,Finished,72,
2023,MotoGP,POR,Race,POR,J. Zarco,Prima Pramac Racing,10.0,4.0,13.0,Finished,5,
2023,MotoGP,POR,Race,POR,A. Marquez,Gresini Racing MotoGP,3.0,5.0,11.0,Finished,73,
2023,MotoGP,POR,Race,POR,B. Binder,Red Bull KTM Factory Racing,5.0,6.0,10.0,Finished,33,
2023,MotoGP,POR,Race,POR,J. Miller,Red Bull KTM Factory Racing,5.0,7.0,9.0,Finished,43,
2023,MotoGP,POR,Race,POR,F. Quartararo,Monster Energy Yamaha MotoGP,11.0,8.0,8.0,Finished,20,
2023,MotoGP,POR,Race,POR,A. Espargaro,Aprilia Racing,12.0,9.0,7.0,Finished,41,
2023,MotoGP,POR,Race,POR,A. Rins,LCR Honda CASTROL,6.0,10.0,6.0,Finished,42,
2023,MotoGP,POR,Race,POR,J. Mir,Repsol Honda Team,4.0,11.0,5.0,Finished,36,
2023,MotoGP,POR,Race,POR,T. Nakagami,LCR Honda IDEMITSU,8.0,12.0,4.0,Finished,30,
2023,MotoGP,POR,Race,POR,A. Fernandez,GASGAS Factory Racing Tech3,9.0,13.0,3.0,Finished,37,
2023,MotoGP,POR,Race,POR,F. Morbidelli,Monster Energy Yamaha MotoGP,7.0,14.0,2.0,Finished,21,
2023,MotoGP,POR,Race,POR,R. Fernandez,CryptoDATA RNF MotoGP Team,10.0,,0.0,DNF,25,
2023,MotoGP,POR,Race,POR,L. Marini,Mooney VR46 Racing Team,9.0,,0.0,DNF,10,
2023,MotoGP,POR,Race,POR,J. Martin,Prima Pramac Racing,3.0,,0.0,DNF,89,
2023,MotoGP,POR,Race,POR,F. Di Giannantonio,Gresini Racing MotoGP,11.0,,0.0,DNF,49,
2023,MotoGP,POR,Race,POR,M. Marquez,Repsol Honda Team,1.0,,0.0,DNF,93,
2023,MotoGP,POR,Race,POR,M. Oliveira,CryptoDATA RNF MotoGP Team,2.0,,0.0,DNF,88,
2023,MotoGP,POR,Race,POR,F. Bagnaia,Ducati Lenovo Team,2.0,1.0,12.0,Finished,1,
2023,MotoGP,POR,Race,POR,J. Martin,Prima Pramac Racing,3.0,2.0,9.0,Finished,89,
2023,MotoGP,POR,Race,POR,M. Marquez,Repsol Honda Team,1.0,3.0,7.0,Finished,93,
2023,MotoGP,POR,Race,POR,J. Miller,Red Bull KTM Factory Racing,5.0,4.0,6.0,Finished,43,
2023,MotoGP,POR,Race,POR,M. Viñales,Aprilia Racing,7.0,5.0,5.0,Finished,12,
2023,MotoGP,POR,Race,POR,A. Espargaro,Aprilia Racing,12.0,6.0,4.0,Finished,41,
2023,MotoGP,POR,Race,POR,M. Oliveira,CryptoDATA RNF MotoGP Team,2.0,7.0,3.0,Finished,88,
2023,MotoGP,POR,Race,POR,J. Zarco,Prima Pramac Racing,10.0,8.0,2.0,Finished,5,
2023,MotoGP,POR,Race,POR,A. Marquez,Gresini Racing MotoGP,3.0,9.0,1.0,Finished,73,
2023,MotoGP,POR,Race,POR,F. Quartararo,Monster Energy Yamaha MotoGP,11.0,10.0,0.0,Finished,20,
2023,MotoGP,POR,Race,POR,R. Fernandez,CryptoDATA RNF MotoGP Team,10.0,11.0,0.0,Finished,25,
2023,MotoGP,POR,Race,POR,B. Binder,Red Bull KTM Factory Racing,5.0,12.0,0.0,Finished,33,
2023,MotoGP,POR,Race,POR,A. Rins,LCR Honda CASTROL,6.0,13.0,0.0,Finished,42,
2023,MotoGP,POR,Race,POR,F. Morbidelli,Monster Energy Yamaha MotoGP,7.0,14.0,0.0,Finished,21,
2023,MotoGP,POR,Race,POR,T. Nakagami,LCR Honda IDEMITSU,8.0,15.0,0.0,Finished,30,
2023,MotoGP,POR,Race,POR,F. Di Giannantonio,Gresini Racing MotoGP,11.0,16.0,0.0,Finished,49,
2023,MotoGP,POR,Race,POR,M. Bezzecchi,Mooney VR46 Racing Team,8.0,,0.0,DNF,72,
2023,MotoGP,POR,Race,POR,L. Marini,Mooney VR46 Racing Team,9.0,,0.0,DNF,10,
2023,MotoGP,POR,Race,POR,E. Bastianini,Ducati Lenovo Team,6.0,,0.0,DNF,23,
2023,MotoGP,POR,Race,POR,J. Mir,Repsol Honda Team,4.0,,0.0,DNF,36,
2023,MotoGP,POR,Race,POR,A. Fernandez,GASGAS Factory Racing Tech3,9.0,,0.0,DNF,37,
2023,MotoGP,ARG,Race,ARG,M. Bezzecchi,Mooney VR46 Racing Team,2.0,1.0,25.0,Finished,72,
2023,MotoGP,ARG,Race,ARG,J. Zarco,Prima Pramac Racing,6.0,2.0,20.0,Finished,5,
2023,MotoGP,ARG,Race,ARG,A. Marquez,Gresini Racing MotoGP,1.0,3.0,16.0,Finished,73,
2023,MotoGP,ARG,Race,ARG,F. Morbidelli,Monster Energy Yamaha MotoGP,4.0,4.0,13.0,Finished,21,
2023,MotoGP,ARG,Race,ARG,J. Martin,Prima Pramac Racing,8.0,5.0,11.0,Finished,89,
2023,MotoGP,ARG,Race,ARG,J. Miller,Red Bull KTM Factory Racing,6.0,6.0,10.0,Finished,43,
2023,MotoGP,ARG,Race,ARG,F. Quartararo,Monster Energy Yamaha MotoGP,2.0,7.0,9.0,Finished,20,
2023,MotoGP,ARG,Race,ARG,L. Marini,Mooney VR46 Racing Team,7.0,8.0,8.0,Finished,10,
2023,MotoGP,ARG,Race,ARG,A. Rins,LCR Honda CASTROL,12.0,9.0,7.0,Finished,42,
2023,MotoGP,ARG,Race,ARG,F. Di Giannantonio,Gresini Racing MotoGP,4.0,10.0,6.0,Finished,49,
2023,MotoGP,ARG,Race,ARG,A. Fernandez,GASGAS Factory Racing Tech3,7.0,11.0,5.0,Finished,37,
2023,MotoGP,ARG,Race,ARG,M. Viñales,Aprilia Racing,5.0,12.0,4.0,Finished,12,
2023,MotoGP,ARG,Race,ARG,T. Nakagami,LCR Honda IDEMITSU,11.0,13.0,3.0,Finished,30,
2023,MotoGP,ARG,Race,ARG,R. Fernandez,CryptoDATA RNF MotoGP Team,3.0,14.0,2.0,Finished,25,
2023,MotoGP,ARG,Race,ARG,A. Espargaro,Aprilia Racing,9.0,15.0,1.0,Finished,41,
2023,MotoGP,ARG,Race,ARG,F. Bagnaia,Ducati Lenovo Team,3.0,16.0,0.0,Finished,1,
2023,MotoGP,ARG,Race,ARG,B. Binder,Red Bull KTM Factory Racing,5.0,17.0,0.0,Finished,33,
2023,MotoGP,ARG,Race,ARG,B. Binder,Red Bull KTM Factory Racing,5.0,1.0,12.0,Finished,33,
2023,MotoGP,ARG,Race,ARG,M. Bezzecchi,Mooney VR46 Racing Team,2.0,2.0,9.0,Finished,72,
2023,MotoGP,ARG,Race,ARG,L. Marini,Mooney VR46 Racing Team,7.0,3.0,7.0,Finished,10,
2023,MotoGP,ARG,Race,ARG,F. Morbidelli,Monster Energy Yamaha MotoGP,4.0,4.0,6.0,Finished,21,
2023,MotoGP,ARG,Race,ARG,A. Marquez,Gresini Racing MotoGP,1.0,5.0,5.0,Finished,73,
2023,MotoGP,ARG,Race,ARG,F. Bagnaia,Ducati Lenovo Team,3.0,6.0,4.0,Finished,1,
2023,MotoGP,ARG,Race,ARG,M. Viñales,Aprilia Racing,5.0,7.0,3.0,Finished,12,
2023,MotoGP,ARG,Race,ARG,J. Martin,Prima Pramac Racing,8.0,8.0,2.0,Finished,89,
2023,MotoGP,ARG,Race,ARG,F. Quartararo,Monster Energy Yamaha MotoGP,2.0,9.0,1.0,Finished,20,
2023,MotoGP,ARG,Race,ARG,J. Miller,Red Bull KTM Factory Racing,6.0,10.0,0.0,Finished,43,
2023,MotoGP,ARG,Race,ARG,T. Nakagami,LCR Honda IDEMITSU,11.0,11.0,0.0,Finished,30,
2023,MotoGP,ARG,Race,ARG,F. Di Giannantonio,Gresini Racing MotoGP,4.0,12.0,0.0,Finished,49,
2023,MotoGP,ARG,Race,ARG,J. Zarco,Prima Pramac Racing,6.0,13.0,0.0,Finished,5,
2023,MotoGP,ARG,Race,ARG,R. Fernandez,CryptoDATA RNF MotoGP Team,3.0,14.0,0.0,Finished,25,
2023,MotoGP,ARG,Race,ARG,A. Rins,LCR Honda CASTROL,12.0,15.0,0.0,Finished,42,
2023,MotoGP,ARG,Race,ARG,A. Fernandez,GASGAS Factory Racing Tech3,7.0,16.0,0.0,Finished,37,
2023,MotoGP,ARG,Race,ARG,A. Espargaro,Aprilia Racing,9.0,,0.0,DNF,41,
2023,MotoGP,ARG,Race,ARG,J. Mir,Repsol Honda Team,8.0,,0.0,DNF,36,
2023,MotoGP,AME,Race,AME,A. Rins,LCR Honda CASTROL,2.0,1.0,25.0,Finished,42,
2023,MotoGP,AME,Race,AME,L. Marini,Mooney VR46 Racing Team,3.0,2.0,20.0,Finished,10,
2023,MotoGP,AME,Race,AME,F. Quartararo,Monster Energy Yamaha MotoGP,7.0,3.0,16.0,Finished,20,
2023,MotoGP,AME,Race,AME,M. Viñales,Aprilia Racing,8.0,4.0,13.0,Finished,12,
2023,MotoGP,AME,Race,AME,M. Oliveira,CryptoDATA RNF MotoGP Team,5.0,5.0,11.0,Finished,88,
2023,MotoGP,AME,Race,AME,M. Bezzecchi,Mooney VR46 Racing Team,2.0,6.0,10.0,Finished,72,
2023,MotoGP,AME,Race,AME,J. Zarco,Prima Pramac Racing,1.0,7.0,9.0,Finished,5,
2023,MotoGP,AME,Race,AME,F. Morbidelli,Monster Energy Yamaha MotoGP,4.0,8.0,8.0,Finished,21,
2023,MotoGP,AME,Race,AME,F. Di Giannantonio,Gresini Racing MotoGP,6.0,9.0,7.0,Finished,49,
2023,MotoGP,AME,Race,AME,A. Fernandez,GASGAS Factory Racing Tech3,10.0,10.0,6.0,Finished,37,
2023,MotoGP,AME,Race,AME,M. Pirro,Ducati Lenovo Team,8.0,11.0,5.0,Finished,51,
2023,MotoGP,AME,Race,AME,J. Folger,GASGAS Factory Racing Tech3,12.0,12.0,4.0,Finished,94,
2023,MotoGP,AME,Race,AME,B. Binder,Red Bull KTM Factory Racing,11.0,13.0,3.0,Finished,33,
2023,MotoGP,AME,Race,AME,S. Bradl,Repsol Honda Team,11.0,,0.0,DNF,6,
2023,MotoGP,AME,Race,AME,T. Nakagami,LCR Honda IDEMITSU,7.0,,0.0,DNF,30,
2023,MotoGP,AME,Race,AME,J. Mir,Repsol Honda Team,3.0,,0.0,DNF,36,
2023,MotoGP,AME,Race,AME,F. Bagnaia,Ducati Lenovo Team,1.0,,0.0,DNF,1,
2023,MotoGP,AME,Race,AME,R. Fernandez,CryptoDATA RNF MotoGP Team,9.0,,0.0,DNF,25,
2023,MotoGP,AME,Race,AME,J. Miller,Red Bull KTM Factory Racing,10.0,,0.0,DNF,43,
2023,MotoGP,AME,Race,AME,A. Espargaro,Aprilia Racing,6.0,,0.0,DNF,41,
2023,MotoGP,AME,Race,AME,A. Marquez,Gresini Racing MotoGP,4.0,,0.0,DNF,73,
2023,MotoGP,AME,Race,AME,J. Martin,Prima Pramac Racing,12.0,,0.0,DNF,89,
2023,MotoGP,AME,Race,AME,F. Bagnaia,Ducati Lenovo Team,1.0,1.0,12.0,Finished,1,
2023,MotoGP,AME,Race,AME,A. Rins,LCR Honda CASTROL,2.0,2.0,9.0,Finished,42,
2023,MotoGP,AME,Race,AME,J. Martin,Prima Pramac Racing,12.0,3.0,7.0,Finished,89,
2023,MotoGP,AME,Race,AME,A. Espargaro,Aprilia Racing,6.0,4.0,6.0,Finished,41,
2023,MotoGP,AME,Race,AME,B. Binder,Red Bull KTM Factory Racing,11.0,5.0,5.0,Finished,33,
2023,MotoGP,AME,Race,AME,M. Bezzecchi,Mooney VR46 Racing Team,2.0,6.0,4.0,Finished,72,
2023,MotoGP,AME,Race,AME,L. Marini,Mooney VR46 Racing Team,3.0,7.0,3.0,Finished,10,
2023,MotoGP,AME,Race,AME,M. Oliveira,CryptoDATA RNF MotoGP Team,5.0,8.0,2.0,Finished,88,
2023,MotoGP,AME,Race,AME,J. Miller,Red Bull KTM Factory Racing,10.0,9.0,1.0,Finished,43,
2023,MotoGP,AME,Race,AME,M. Viñales,Aprilia Racing,8.0,10.0,0.0,Finished,12,
2023,MotoGP,AME,Race,AME,J. Zarco,Prima Pramac Racing,1.0,11.0,0.0,Finished,5,
2023,MotoGP,AME,Race,AME,J. Mir,Repsol Honda Team,3.0,12.0,0.0,Finished,36,
2023,MotoGP,AME,Race,AME,T. Nakagami,LCR Honda IDEMITSU,7.0,13.0,0.0,Finished,30,
2023,MotoGP,AME,Race,AME,F. Morbidelli,Monster Energy Yamaha MotoGP,4.0,14.0,0.0,Finished,21,
2023,MotoGP,AME,Race,AME,R. Fernandez,CryptoDATA RNF MotoGP Team,9.0,15.0,0.0,Finished,25,
2023,MotoGP,AME,Race,AME,A. Fernandez,GASGAS Factory Racing Tech3,10.0,16.0,0.0,Finished,37,
2023,MotoGP,AME,Race,AME,F. Di Giannantonio,Gresini Racing MotoGP,6.0,17.0,0.0,Finished,49,
2023,MotoGP,AME,Race,AME,S. Bradl,Repsol Honda Team,11.0,18.0,0.0,Finished,6,
2023,MotoGP,AME,Race,AME,F. Quartararo,Monster Energy Yamaha MotoGP,7.0,19.0,0.0,Finished,20,
2023,MotoGP,AME,Race,AME,J. Folger,GASGAS Factory Racing Tech3,12.0,20.0,0.0,Finished,94,
2023,MotoGP,AME,Race,AME,A. Marquez,Gresini Racing MotoGP,4.0,,0.0,DNF,73,
2023,MotoGP,AME,Race,AME,M. Pirro,Ducati Lenovo Team,8.0,,0.0,DNF,51,
2023,MotoGP,SPA,Race,SPA,F. Bagnaia,Ducati Lenovo Team,1.0,1.0,25.0,Finished,1,
2023,MotoGP,SPA,Race,SPA,B. Binder,Red Bull KTM Factory Racing,2.0,2.0,20.0,Finished,33,
2023,MotoGP,SPA,Race,SPA,J. Miller,Red Bull KTM Factory Racing,2.0,3.0,16.0,Finished,43,
2023,MotoGP,SPA,Race,SPA,J. Martin,Prima Pramac Racing,3.0,4.0,13.0,Finished,89,
2023,MotoGP,SPA,Race,SPA,A. Espargaro,Aprilia Racing,1.0,5.0,11.0,Finished,41,
2023,MotoGP,SPA,Race,SPA,L. Marini,Mooney VR46 Racing Team,9.0,6.0,10.0,Finished,10,
2023,MotoGP,SPA,Race,SPA,D. Pedrosa,Red Bull KTM Factory Racing,6.0,7.0,9.0,Finished,26,
2023,MotoGP,SPA,Race,SPA,A. Marquez,Gresini Racing MotoGP,12.0,8.0,8.0,Finished,73,
2023,MotoGP,SPA,Race,SPA,T. Nakagami,LCR Honda IDEMITSU,11.0,9.0,7.0,Finished,30,
2023,MotoGP,SPA,Race,SPA,F. Quartararo,Monster Energy Yamaha MotoGP,6.0,10.0,6.0,Finished,20,
2023,MotoGP,SPA,Race,SPA,F. Morbidelli,Monster Energy Yamaha MotoGP,4.0,11.0,5.0,Finished,21,
2023,MotoGP,SPA,Race,SPA,F. Di Giannantonio,Gresini Racing MotoGP,5.0,12.0,4.0,Finished,49,
2023,MotoGP,SPA,Race,SPA,A. Fernandez,GASGAS Factory Racing Tech3,11.0,13.0,3.0,Finished,37,
2023,MotoGP,SPA,Race,SPA,S. Bradl,HRC Team,9.0,14.0,2.0,Finished,6,
2023,MotoGP,SPA,Race,SPA,R. Fernandez,CryptoDATA RNF MotoGP Team,7.0,15.0,1.0,Finished,25,
2023,MotoGP,SPA,Race,SPA,I. Lecuona,Repsol Honda Team,13.0,16.0,0.0,Finished,27,
2023,MotoGP,SPA,Race,SPA,J. Folger,GASGAS Factory Racing Tech3,12.0,17.0,0.0,Finished,94,
2023,MotoGP,SPA,Race,SPA,M. Viñales,Aprilia Racing,10.0,,0.0,DNF,12,
2023,MotoGP,SPA,Race,SPA,M. Bezzecchi,Mooney VR46 Racing Team,3.0,,0.0,DNF,72,
2023,MotoGP,SPA,Race,SPA,J. Zarco,Prima Pramac Racing,8.0,,0.0,DNF,5,
2023,MotoGP,SPA,Race,SPA,A. Rins,LCR Honda CASTROL,8.0,,0.0,DNF,42,
2023,MotoGP,SPA,Race,SPA,J. Mir,Repsol Honda Team,10.0,,0.0,DNF,36,
2023,MotoGP,SPA,Race,SPA,M. Oliveira,CryptoDATA RNF MotoGP Team,7.0,,0.0,DNF,88,
2023,MotoGP,SPA,Race,SPA,B. Binder,Red Bull KTM Factory Racing,2.0,1.0,12.0,Finished,33,
2023,MotoGP,SPA,Race,SPA,F. Bagnaia,Ducati Lenovo Team,1.0,2.0,9.0,Finished,1,
2023,MotoGP,SPA,Race,SPA,J. Miller,Red Bull KTM Factory Racing,2.0,3.0,7.0,Finished,43,
2023,MotoGP,SPA,Race,SPA,J. Martin,Prima Pramac Racing,3.0,4.0,6.0,Finished,89,
2023,MotoGP,SPA,Race,SPA,M. Oliveira,CryptoDATA RNF MotoGP Team,7.0,5.0,5.0,Finished,88,
2023,MotoGP,SPA,Race,SPA,D. Pedrosa,Red Bull KTM Factory Racing,6.0,6.0,4.0,Finished,26,
2023,MotoGP,SPA,Race,SPA,M. Viñales,Aprilia Racing,10.0,7.0,3.0,Finished,12,
2023,MotoGP,SPA,Race,SPA,J. Zarco,Prima Pramac Racing,8.0,8.0,2.0,Finished,5,
2023,MotoGP,SPA,Race,SPA,M. Bezzecchi,Mooney VR46 Racing Team,3.0,9.0,1.0,Finished,72,
2023,MotoGP,SPA,Race,SPA,L. Marini,Mooney VR46 Racing Team,9.0,10.0,0.0,Finished,10,
2023,MotoGP,SPA,Race,SPA,F. Di Giannantonio,Gresini Racing MotoGP,5.0,11.0,0.0,Finished,49,
2023,MotoGP,SPA,Race,SPA,F. Quartararo,Monster Energy Yamaha MotoGP,6.0,12.0,0.0,Finished,20,
2023,MotoGP,SPA,Race,SPA,A. Rins,LCR Honda CASTROL,8.0,13.0,0.0,Finished,42,
2023,MotoGP,SPA,Race,SPA,R. Fernandez,CryptoDATA RNF MotoGP Team,7.0,14.0,0.0,Finished,25,
2023,MotoGP,SPA,Race,SPA,S. Bradl,HRC Team,9.0,15.0,0.0,Finished,6,
2023,MotoGP,SPA,Race,SPA,F. Morbidelli,Monster Energy Yamaha MotoGP,4.0,16.0,0.0,Finished,21,
2023,MotoGP,SPA,Race,SPA,A. Fernandez,GASGAS Factory Racing Tech3,11.0,17.0,0.0,Finished,37,
2023,MotoGP,SPA,Race,SPA,I. Lecuona,Repsol Honda Team,13.0,18.0,0.0,Finished,27,
2023,MotoGP,SPA,Race,SPA,J. Folger,GASGAS Factory Racing Tech3,12.0,19.0,0.0,Finished,94,
2023,MotoGP,SPA,Race,SPA,J. Mir,Repsol Honda Team,10.0,,0.0,DNF,36,
2023,MotoGP,SPA,Race,SPA,A. Espargaro,Aprilia Racing,1.0,,0.0,DNF,41,
2023,MotoGP,SPA,Race,SPA,T. Nakagami,LCR Honda IDEMITSU,11.0,,0.0,DNF,30,
2023,MotoGP,SPA,Race,SPA,A. Marquez,Gresini Racing MotoGP,12.0,,0.0,DNF,73,
2023,MotoGP,FRA,Race,FRA,M. Bezzecchi,Mooney VR46 Racing Team,7.0,1.0,25.0,Finished,72,
2023,MotoGP,FRA,Race,FRA,J. Martin,Prima Pramac Racing,5.0,2.0,20.0,Finished,89,
2023,MotoGP,FRA,Race,FRA,J. Zarco,Prima Pramac Racing,9.0,3.0,16.0,Finished,5,
2023,MotoGP,FRA,Race,FRA,A. Fernandez,GASGAS Factory Racing Tech3,2.0,4.0,13.0,Finished,37,
2023,MotoGP,FRA,Race,FRA,A. Espargaro,Aprilia Racing,11.0,5.0,11.0,Finished,41,
2023,MotoGP,FRA,Race,FRA,B. Binder,Red Bull KTM Factory Racing,10.0,6.0,10.0,Finished,33,
2023,MotoGP,FRA,Race,FRA,F. Quartararo,Monster Energy Yamaha MotoGP,3.0,7.0,9.0,Finished,20,
2023,MotoGP,FRA,Race,FRA,F. Di Giannantonio,Gresini Racing MotoGP,5.0,8.0,8.0,Finished,49,
2023,MotoGP,FRA,Race,FRA,T. Nakagami,LCR Honda IDEMITSU,4.0,9.0,7.0,Finished,30,
2023,MotoGP,FRA,Race,FRA,F. Morbidelli,Monster Energy Yamaha MotoGP,7.0,10.0,6.0,Finished,21,
2023,MotoGP,FRA,Race,FRA,D. Petrucci,Ducati Lenovo Team,9.0,11.0,5.0,Finished,9,
2023,MotoGP,FRA,Race,FRA,L. Savadori,CryptoDATA RNF MotoGP Team,10.0,12.0,4.0,Finished,32,
2023,MotoGP,FRA,Race,FRA,J. Folger,GASGAS Factory Racing Tech3,11.0,13.0,3.0,Finished,94,
2023,MotoGP,FRA,Race,FRA,M. Marquez,Repsol Honda Team,2.0,,0.0,DNF,93,
2023,MotoGP,FRA,Race,FRA,J. Miller,Red Bull KTM Factory Racing,4.0,,0.0,DNF,43,
2023,MotoGP,FRA,Race,FRA,A. Rins,LCR Honda CASTROL,8.0,,0.0,DNF,42,
2023,MotoGP,FRA,Race,FRA,J. Mir,Repsol Honda Team,6.0,,0.0,DNF,36,
2023,MotoGP,FRA,Race,FRA,A. Marquez,Gresini Racing MotoGP,8.0,,0.0,DNF,73,
2023,MotoGP,FRA,Race,FRA,L. Marini,Mooney VR46 Racing Team,1.0,,0.0,DNF,10,
2023,MotoGP,FRA,Race,FRA,M. Viñales,Aprilia Racing,6.0,,0.0,DNF,12,
2023,MotoGP,FRA,Race,FRA,F. Bagnaia,Ducati Lenovo Team,1.0,,0.0,DNF,1,
2023,MotoGP,FRA,Race,FRA,J. Martin,Prima Pramac Racing,5.0,1.0,12.0,Finished,89,
2023,MotoGP,FRA,Race,FRA,B. Binder,Red Bull KTM Factory Racing,10.0,2.0,9.0,Finished,33,
2023,MotoGP,FRA,Race,FRA,F. Bagnaia,Ducati Lenovo Team,1.0,3.0,7.0,Finished,1,
2023,MotoGP,FRA,Race,FRA,L. Marini,Mooney VR46 Racing Team,1.0,4.0,6.0,Finished,10,
2023,MotoGP,FRA,Race,FRA,M. Marquez,Repsol Honda Team,2.0,5.0,5.0,Finished,93,
2023,MotoGP,FRA,Race,FRA,J. Zarco,Prima Pramac Racing,9.0,6.0,4.0,Finished,5,
2023,MotoGP,FRA,Race,FRA,M. Bezzecchi,Mooney VR46 Racing Team,7.0,7.0,3.0,Finished,72,
2023,MotoGP,FRA,Race,FRA,A. Espargaro,Aprilia Racing,11.0,8.0,2.0,Finished,41,
2023,MotoGP,FRA,Race,FRA,M. Viñales,Aprilia Racing,6.0,9.0,1.0,Finished,12,
2023,MotoGP,FRA,Race,FRA,T. Nakagami,LCR Honda IDEMITSU,4.0,10.0,0.0,Finished,30,
2023,MotoGP,FRA,Race,FRA,A. Rins,LCR Honda CASTROL,8.0,11.0,0.0,Finished,42,
2023,MotoGP,FRA,Race,FRA,F. Di Giannantonio,Gresini Racing MotoGP,5.0,12.0,0.0,Finished,49,
2023,MotoGP,FRA,Race,FRA,F. Morbidelli,Monster Energy Yamaha MotoGP,7.0,13.0,0.0,Finished,21,
2023,MotoGP,FRA,Race,FRA,J. Mir,Repsol Honda Team,6.0,14.0,0.0,Finished,36,
2023,MotoGP,FRA,Race,FRA,A. Marquez,Gresini Racing MotoGP,8.0,15.0,0.0,Finished,73,
2023,MotoGP,FRA,Race,FRA,D. Petrucci,Ducati Lenovo Team,9.0,16.0,0.0,Finished,9,
2023,MotoGP,FRA,Race,FRA,L. Savadori,CryptoDATA RNF MotoGP Team,10.0,17.0,0.0,Finished,32,
2023,MotoGP,FRA,Race,FRA,F. Quartararo,Monster Energy Yamaha MotoGP,3.0,,0.0,DNF,20,
2023,MotoGP,FRA,Race,FRA,J. Folger,GASGAS Factory Racing Tech3,11.0,,0.0,DNF,94,
2023,MotoGP,FRA,Race,FRA,A. Fernandez,GASGAS Factory Racing Tech3,2.0,,0.0,DNF,37,
2023,MotoGP,FRA,Race,FRA,J. Miller,Red Bull KTM Factory Racing,4.0,,0.0,DNF,43,
2023,MotoGP,ITA,Race,ITA,F. Bagnaia,Ducati Lenovo Team,1.0,1.0,25.0,Finished,1,
2023,MotoGP,ITA,Race,ITA,J. Martin,Prima Pramac Racing,6.0,2.0,20.0,Finished,89,
2023,MotoGP,ITA,Race,ITA,J. Zarco,Prima Pramac Racing,9.0,3.0,16.0,Finished,5,
2023,MotoGP,ITA,Race,ITA,L. Marini,Mooney VR46 Racing Team,4.0,4.0,13.0,Finished,10,
2023,MotoGP,ITA,Race,ITA,B. Binder,Red Bull KTM Factory Racing,11.0,5.0,11.0,Finished,33,
2023,MotoGP,ITA,Race,ITA,A. Espargaro,Aprilia Racing,8.0,6.0,10.0,Finished,41,
2023,MotoGP,ITA,Race,ITA,J. Miller,Red Bull KTM Factory Racing,2.0,7.0,9.0,Finished,43,
2023,MotoGP,ITA,Race,ITA,M. Bezzecchi,Mooney VR46 Racing Team,7.0,8.0,8.0,Finished,72,
2023,MotoGP,ITA,Race,ITA,E. Bastianini,Ducati Lenovo Team,12.0,9.0,7.0,Finished,23,
2023,MotoGP,ITA,Race,ITA,F. Morbidelli,Monster Energy Yamaha MotoGP,4.0,10.0,6.0,Finished,21,
2023,MotoGP,ITA,Race,ITA,F. Quartararo,Monster Energy Yamaha MotoGP,5.0,11.0,5.0,Finished,20,
2023,MotoGP,ITA,Race,ITA,M. Viñales,Aprilia Racing,3.0,12.0,4.0,Finished,12,
2023,MotoGP,ITA,Race,ITA,T. Nakagami,LCR Honda IDEMITSU,6.0,13.0,3.0,Finished,30,
2023,MotoGP,ITA,Race,ITA,F. Di Giannantonio,Gresini Racing MotoGP,9.0,14.0,2.0,Finished,49,
2023,MotoGP,ITA,Race,ITA,A. Fernandez,GASGAS Factory Racing Tech3,11.0,15.0,1.0,Finished,37,
2023,MotoGP,ITA,Race,ITA,M. Pirro,Aruba.it Racing,7.0,16.0,0.0,Finished,51,
2023,MotoGP,ITA,Race,ITA,R. Fernandez,CryptoDATA RNF MotoGP Team,10.0,17.0,0.0,Finished,25,
2023,MotoGP,ITA,Race,ITA,L. Savadori,Aprilia Racing,12.0,18.0,0.0,Finished,32,
2023,MotoGP,ITA,Race,ITA,J. Folger,GASGAS Factory Racing Tech3,13.0,19.0,0.0,Finished,94,
2023,MotoGP,ITA,Race,ITA,A. Marquez,Gresini Racing MotoGP,1.0,,0.0,DNF,73,
2023,MotoGP,ITA,Race,ITA,M. Oliveira,CryptoDATA RNF MotoGP Team,8.0,,0.0,DNF,88,
2023,MotoGP,ITA,Race,ITA,M. Marquez,Repsol Honda Team,2.0,,0.0,DNF,93,
2023,MotoGP,ITA,Race,ITA,F. Bagnaia,Ducati Lenovo Team,1.0,1.0,12.0,Finished,1,
2023,MotoGP,ITA,Race,ITA,M. Bezzecchi,Mooney VR46 Racing Team,7.0,2.0,9.0,Finished,72,
2023,MotoGP,ITA,Race,ITA,J. Martin,Prima Pramac Racing,6.0,3.0,7.0,Finished,89,
2023,MotoGP,ITA,Race,ITA,J. Zarco,Prima Pramac Racing,9.0,4.0,6.0,Finished,5,
2023,MotoGP,ITA,Race,ITA,L. Marini,Mooney VR46 Racing Team,4.0,5.0,5.0,Finished,10,
2023,MotoGP,ITA,Race,ITA,J. Miller,Red Bull KTM Factory Racing,2.0,6.0,4.0,Finished,43,
2023,MotoGP,ITA,Race,ITA,M. Marquez,Repsol Honda Team,2.0,7.0,3.0,Finished,93,
2023,MotoGP,ITA,Race,ITA,A. Espargaro,Aprilia Racing,8.0,8.0,2.0,Finished,41,
2023,MotoGP,ITA,Race,ITA,E. Bastianini,Ducati Lenovo Team,12.0,9.0,1.0,Finished,23,
2023,MotoGP,ITA,Race,ITA,F. Quartararo,Monster Energy Yamaha MotoGP,5.0,10.0,0.0,Finished,20,
2023,MotoGP,ITA,Race,ITA,B. Binder,Red Bull KTM Factory Racing,11.0,11.0,0.0,Finished,33,
2023,MotoGP,ITA,Race,ITA,M. Oliveira,CryptoDATA RNF MotoGP Team,8.0,12.0,0.0,Finished,88,
2023,MotoGP,ITA,Race,ITA,M. Viñales,Aprilia Racing,3.0,13.0,0.0,Finished,12,
2023,MotoGP,ITA,Race,ITA,F. Di Giannantonio,Gresini Racing MotoGP,9.0,14.0,0.0,Finished,49,
2023,MotoGP,ITA,Race,ITA,M. Pirro,Aruba.it Racing,7.0,15.0,0.0,Finished,51,
2023,MotoGP,ITA,Race,ITA,F. Morbidelli,Monster Energy Yamaha MotoGP,4.0,16.0,0.0,Finished,21,
2023,MotoGP,ITA,Race,ITA,T. Nakagami,LCR Honda IDEMITSU,6.0,17.0,0.0,Finished,30,
2023,MotoGP,ITA,Race,ITA,L. Savadori,Aprilia Racing,12.0,18.0,0.0,Finished,32,
2023,MotoGP,ITA,Race,ITA,R. Fernandez,CryptoDATA RNF MotoGP Team,10.0,19.0,0.0,Finished,25,
2023,MotoGP,ITA,Race,ITA,A. Fernandez,GASGAS Factory Racing Tech3,11.0,20.0,0.0,Finished,37,
2023,MotoGP,ITA,Race,ITA,J. Folger,GASGAS Factory Racing Tech3,13.0,21.0,0.0,Finished,94,
2023,MotoGP,ITA,Race,ITA,A. Rins,LCR Honda CASTROL,10.0,,0.0,DNF,42,
2023,MotoGP,ITA,Race,ITA,A. Marquez,Gresini Racing MotoGP,1.0,,0.0,DNF,73,
2023,MotoGP,GER,Race,GER,J. Martin,Prima Pramac Racing,6.0,1.0,25.0,Finished,89,
2023,MotoGP,GER,Race,GER,F. Bagnaia,Ducati Lenovo Team,1.0,2.0,20.0,Finished,1,
2023,MotoGP,GER,Race,GER,J. Zarco,Prima Pramac Racing,4.0,3.0,16.0,Finished,5,
2023,MotoGP,GER,Race,GER,M. Bezzecchi,Mooney VR46 Racing Team,5.0,4.0,13.0,Finished,72,
2023,MotoGP,GER,Race,GER,L. Marini,Mooney VR46 Racing Team,2.0,5.0,11.0,Finished,10,
2023,MotoGP,GER,Race,GER,J. Miller,Red Bull KTM Factory Racing,3.0,6.0,10.0,Finished,43,
2023,MotoGP,GER,Race,GER,A. Marquez,Gresini Racing MotoGP,8.0,7.0,9.0,Finished,73,
2023,MotoGP,GER,Race,GER,E. Bastianini,Ducati Lenovo Team,11.0,8.0,8.0,Finished,23,
2023,MotoGP,GER,Race,GER,F. Di Giannantonio,Gresini Racing MotoGP,4.0,9.0,7.0,Finished,49,
2023,MotoGP,GER,Race,GER,M. Oliveira,CryptoDATA RNF MotoGP Team,6.0,10.0,6.0,Finished,88,
2023,MotoGP,GER,Race,GER,A. Fernandez,GASGAS Factory Racing Tech3,5.0,11.0,5.0,Finished,37,
2023,MotoGP,GER,Race,GER,F. Morbidelli,Monster Energy Yamaha MotoGP,7.0,12.0,4.0,Finished,21,
2023,MotoGP,GER,Race,GER,F. Quartararo,Monster Energy Yamaha MotoGP,12.0,13.0,3.0,Finished,20,
2023,MotoGP,GER,Race,GER,T. Nakagami,LCR Honda IDEMITSU,8.0,14.0,2.0,Finished,30,
2023,MotoGP,GER,Race,GER,R. Fernandez,CryptoDATA RNF MotoGP Team,9.0,15.0,1.0,Finished,25,
2023,MotoGP,GER,Race,GER,A. Espargaro,Aprilia Racing,10.0,16.0,0.0,Finished,41,
2023,MotoGP,GER,Race,GER,J. Folger,GASGAS Factory Racing Tech3,10.0,17.0,0.0,Finished,94,
2023,MotoGP,GER,Race,GER,B. Binder,Red Bull KTM Factory Racing,1.0,,0.0,DNF,33,
2023,MotoGP,GER,Race,GER,M. Viñales,Aprilia Racing,3.0,,0.0,DNF,12,
2023,MotoGP,GER,Race,GER,J. Martin,Prima Pramac Racing,6.0,1.0,12.0,Finished,89,
2023,MotoGP,GER,Race,GER,F. Bagnaia,Ducati Lenovo Team,1.0,2.0,9.0,Finished,1,
2023,MotoGP,GER,Race,GER,J. Miller,Red Bull KTM Factory Racing,3.0,3.0,7.0,Finished,43,
2023,MotoGP,GER,Race,GER,L. Marini,Mooney VR46 Racing Team,2.0,4.0,6.0,Finished,10,
2023,MotoGP,GER,Race,GER,J. Zarco,Prima Pramac Racing,4.0,5.0,5.0,Finished,5,
2023,MotoGP,GER,Race,GER,B. Binder,Red Bull KTM Factory Racing,1.0,6.0,4.0,Finished,33,
2023,MotoGP,GER,Race,GER,M. Bezzecchi,Mooney VR46 Racing Team,5.0,7.0,3.0,Finished,72,
2023,MotoGP,GER,Race,GER,A. Marquez,Gresini Racing MotoGP,8.0,8.0,2.0,Finished,73,
2023,MotoGP,GER,Race,GER,A. Espargaro,Aprilia Racing,10.0,9.0,1.0,Finished,41,
2023,MotoGP,GER,Race,GER,E. Bastianini,Ducati Lenovo Team,11.0,10.0,0.0,Finished,23,
2023,MotoGP,GER,Race,GER,M. Marquez,Repsol Honda Team,2.0,11.0,0.0,Finished,93,
2023,MotoGP,GER,Race,GER,F. Di Giannantonio,Gresini Racing MotoGP,4.0,12.0,0.0,Finished,49,
2023,MotoGP,GER,Race,GER,F. Quartararo,Monster Energy Yamaha MotoGP,12.0,13.0,0.0,Finished,20,
2023,MotoGP,GER,Race,GER,A. Fernandez,GASGAS Factory Racing Tech3,5.0,14.0,0.0,Finished,37,
2023,MotoGP,GER,Race,GER,F. Morbidelli,Monster Energy Yamaha MotoGP,7.0,15.0,0.0,Finished,21,
2023,MotoGP,GER,Race,GER,M. Oliveira,CryptoDATA RNF MotoGP Team,6.0,16.0,0.0,Finished,88,
2023,MotoGP,GER,Race,GER,T. Nakagami,LCR Honda IDEMITSU,8.0,17.0,0.0,Finished,30,
2023,MotoGP,GER,Race,GER,R. Fernandez,CryptoDATA RNF MotoGP Team,9.0,18.0,0.0,Finished,25,
2023,MotoGP,GER,Race,GER,M. Viñales,Aprilia Racing,3.0,,0.0,DNF,12,
2023,MotoGP,GER,Race,GER,J. Folger,GASGAS Factory Racing Tech3,10.0,,0.0,DNF,94,
2023,MotoGP,NED,Race,NED,F. Bagnaia,Ducati Lenovo Team,2.0,1.0,25.0,Finished,1,
2023,MotoGP,NED,Race,NED,M. Bezzecchi,Mooney VR46 Racing Team,1.0,2.0,20.0,Finished,72,
2023,MotoGP,NED,Race,NED,A. Espargaro,Aprilia Racing,6.0,3.0,16.0,Finished,41,
2023,MotoGP,NED,Race,NED,B. Binder,Red Bull KTM Factory Racing,5.0,4.0,13.0,Finished,33,
2023,MotoGP,NED,Race,NED,J. Martin,Prima Pramac Racing,10.0,5.0,11.0,Finished,89,
2023,MotoGP,NED,Race,NED,A. Marquez,Gresini Racing MotoGP,9.0,6.0,10.0,Finished,73,
2023,MotoGP,NED,Race,NED,L. Marini,Mooney VR46 Racing Team,3.0,7.0,9.0,Finished,10,
2023,MotoGP,NED,Race,NED,T. Nakagami,LCR Honda IDEMITSU,4.0,8.0,8.0,Finished,30,
2023,MotoGP,NED,Race,NED,F. Morbidelli,Monster Energy Yamaha MotoGP,5.0,9.0,7.0,Finished,21,
2023,MotoGP,NED,Race,NED,A. Fernandez,GASGAS Factory Racing Tech3,11.0,10.0,6.0,Finished,37,
2023,MotoGP,NED,Race,NED,L. Savadori,Aprilia Racing,9.0,11.0,5.0,Finished,32,
2023,MotoGP,NED,Race,NED,R. Fernandez,CryptoDATA RNF MotoGP Team,6.0,12.0,4.0,Finished,25,
2023,MotoGP,NED,Race,NED,S. Bradl,LCR Honda CASTROL,10.0,13.0,3.0,Finished,6,
2023,MotoGP,NED,Race,NED,J. Folger,GASGAS Factory Racing Tech3,13.0,14.0,2.0,Finished,94,
2023,MotoGP,NED,Race,NED,F. Di Giannantonio,Gresini Racing MotoGP,3.0,,0.0,DNF,49,
2023,MotoGP,NED,Race,NED,I. Lecuona,Repsol Honda Team,12.0,,0.0,DNF,27,
2023,MotoGP,NED,Race,NED,M. Oliveira,CryptoDATA RNF MotoGP Team,2.0,,0.0,DNF,88,
2023,MotoGP,NED,Race,NED,E. Bastianini,Ducati Lenovo Team,8.0,,0.0,DNF,23,
2023,MotoGP,NED,Race,NED,M. Viñales,Aprilia Racing,7.0,,0.0,DNF,12,
2023,MotoGP,NED,Race,NED,J. Zarco,Prima Pramac Racing,1.0,,0.0,DNF,5,
2023,MotoGP,NED,Race,NED,F. Quartararo,Monster Energy Yamaha MotoGP,4.0,,0.0,DNF,20,
2023,MotoGP,NED,Race,NED,J. Miller,Red Bull KTM Factory Racing,12.0,,0.0,DNF,43,
2023,MotoGP,NED,Race,NED,M. Bezzecchi,Mooney VR46 Racing Team,1.0,1.0,12.0,Finished,72,
2023,MotoGP,NED,Race,NED,F. Bagnaia,Ducati Lenovo Team,2.0,2.0,9.0,Finished,1,
2023,MotoGP,NED,Race,NED,F. Quartararo,Monster Energy Yamaha MotoGP,4.0,3.0,7.0,Finished,20,
2023,MotoGP,NED,Race,NED,A. Espargaro,Aprilia Racing,6.0,4.0,6.0,Finished,41,
2023,MotoGP,NED,Race,NED,B. Binder,Red Bull KTM Factory Racing,5.0,5.0,5.0,Finished,33,
2023,MotoGP,NED,Race,NED,J. Martin,Prima Pramac Racing,10.0,6.0,4.0,Finished,89,
2023,MotoGP,NED,Race,NED,M. Viñales,Aprilia Racing,7.0,7.0,3.0,Finished,12,
2023,MotoGP,NED,Race,NED,E. Bastianini,Ducati Lenovo Team,8.0,8.0,2.0,Finished,23,
2023,MotoGP,NED,Race,NED,A. Marquez,Gresini Racing MotoGP,9.0,9.0,1.0,Finished,73,
2023,MotoGP,NED,Race,NED,L. Marini,Mooney VR46 Racing Team,3.0,10.0,0.0,Finished,10,
2023,MotoGP,NED,Race,NED,J. Miller,Red Bull KTM Factory Racing,12.0,11.0,0.0,Finished,43,
2023,MotoGP,NED,Race,NED,T. Nakagami,LCR Honda IDEMITSU,4.0,12.0,0.0,Finished,30,
2023,MotoGP,NED,Race,NED,J. Zarco,Prima Pramac Racing,1.0,13.0,0.0,Finished,5,
2023,MotoGP,NED,Race,NED,A. Fernandez,GASGAS Factory Racing Tech3,11.0,14.0,0.0,Finished,37,
2023,MotoGP,NED,Race,NED,F. Morbidelli,Monster Energy Yamaha MotoGP,5.0,15.0,0.0,Finished,21,
2023,MotoGP,NED,Race,NED,L. Savadori,Aprilia Racing,9.0,16.0,0.0,Finished,32,
2023,MotoGP,NED,Race,NED,M. Marquez,Repsol Honda Team,7.0,17.0,0.0,Finished,93,
2023,MotoGP,NED,Race,NED,R. Fernandez,CryptoDATA RNF MotoGP Team,6.0,18.0,0.0,Finished,25,
2023,MotoGP,NED,Race,NED,M. Oliveira,CryptoDATA RNF MotoGP Team,2.0,19.0,0.0,Finished,88,
2023,MotoGP,NED,Race,NED,I. Lecuona,Repsol Honda Team,12.0,20.0,0.0,Finished,27,
2023,MotoGP,NED,Race,NED,J. Folger,GASGAS Factory Racing Tech3,13.0,21.0,0.0,Finished,94,
2023,MotoGP,NED,Race,NED,S. Bradl,LCR Honda CASTROL,10.0,22.0,0.0,Finished,6,
2023,MotoGP,NED,Race,NED,F. Di Giannantonio,Gresini Racing MotoGP,3.0,,0.0,DNF,49,
2023,MotoGP,GBR,Race,GBR,A. Espargaro,Aprilia Racing,12.0,1.0,25.0,Finished,41,
2023,MotoGP,GBR,Race,GBR,F. Bagnaia,Ducati Lenovo Team,4.0,2.0,20.0,Finished,1,
2023,MotoGP,GBR,Race,GBR,B. Binder,Red Bull KTM Factory Racing,10.0,3.0,16.0,Finished,33,
2023,MotoGP,GBR,Race,GBR,M. Oliveira,CryptoDATA RNF MotoGP Team,6.0,4.0,13.0,Finished,88,
2023,MotoGP,GBR,Race,GBR,M. Viñales,Aprilia Racing,8.0,5.0,11.0,Finished,12,
2023,MotoGP,GBR,Race,GBR,J. Martin,Prima Pramac Racing,7.0,6.0,10.0,Finished,89,
2023,MotoGP,GBR,Race,GBR,L. Marini,Mooney VR46 Racing Team,6.0,7.0,9.0,Finished,10,
2023,MotoGP,GBR,Race,GBR,J. Miller,Red Bull KTM Factory Racing,2.0,8.0,8.0,Finished,43,
2023,MotoGP,GBR,Race,GBR,J. Zarco,Prima Pramac Racing,9.0,9.0,7.0,Finished,5,
2023,MotoGP,GBR,Race,GBR,R. Fernandez,CryptoDATA RNF MotoGP Team,10.0,10.0,6.0,Finished,25,
2023,MotoGP,GBR,Race,GBR,A. Fernandez,GASGAS Factory Racing Tech3,2.0,11.0,5.0,Finished,37,
2023,MotoGP,GBR,Race,GBR,P. Espargaro,GASGAS Factory Racing Tech3,5.0,12.0,4.0,Finished,44,
2023,MotoGP,GBR,Race,GBR,F. Di Giannantonio,Gresini Racing MotoGP,8.0,13.0,3.0,Finished,49,
2023,MotoGP,GBR,Race,GBR,F. Morbidelli,Monster Energy Yamaha MotoGP,1.0,14.0,2.0,Finished,21,
2023,MotoGP,GBR,Race,GBR,F. Quartararo,Monster Energy Yamaha MotoGP,12.0,15.0,1.0,Finished,20,
2023,MotoGP,GBR,Race,GBR,T. Nakagami,LCR Honda IDEMITSU,11.0,16.0,0.0,Finished,30,
2023,MotoGP,GBR,Race,GBR,I. Lecuona,LCR Honda CASTROL,7.0,17.0,0.0,Finished,27,
2023,MotoGP,GBR,Race,GBR,E. Bastianini,Ducati Lenovo Team,3.0,,0.0,DNF,23,
2023,MotoGP,GBR,Race,GBR,M. Marquez,Repsol Honda Team,4.0,,0.0,DNF,93,
2023,MotoGP,GBR,Race,GBR,A. Marquez,Gresini Racing MotoGP,3.0,,0.0,DNF,73,
2023,MotoGP,GBR,Race,GBR,M. Bezzecchi,Mooney VR46 Racing Team,1.0,,0.0,DNF,72,
2023,MotoGP,GBR,Race,GBR,J. Mir,Repsol Honda Team,9.0,,0.0,DNF,36,
2023,MotoGP,GBR,Race,GBR,A. Marquez,Gresini Racing MotoGP,3.0,1.0,12.0,Finished,73,
2023,MotoGP,GBR,Race,GBR,M. Bezzecchi,Mooney VR46 Racing Team,1.0,2.0,9.0,Finished,72,
2023,MotoGP,GBR,Race,GBR,M. Viñales,Aprilia Racing,8.0,3.0,7.0,Finished,12,
2023,MotoGP,GBR,Race,GBR,J. Zarco,Prima Pramac Racing,9.0,4.0,6.0,Finished,5,
2023,MotoGP,GBR,Race,GBR,A. Espargaro,Aprilia Racing,12.0,5.0,5.0,Finished,41,
2023,MotoGP,GBR,Race,GBR,J. Martin,Prima Pramac Racing,7.0,6.0,4.0,Finished,89,
2023,MotoGP,GBR,Race,GBR,J. Miller,Red Bull KTM Factory Racing,2.0,7.0,3.0,Finished,43,
2023,MotoGP,GBR,Race,GBR,A. Fernandez,GASGAS Factory Racing Tech3,2.0,8.0,2.0,Finished,37,
2023,MotoGP,GBR,Race,GBR,B. Binder,Red Bull KTM Factory Racing,10.0,9.0,1.0,Finished,33,
2023,MotoGP,GBR,Race,GBR,M. Oliveira,CryptoDATA RNF MotoGP Team,6.0,10.0,0.0,Finished,88,
2023,MotoGP,GBR,Race,GBR,L. Marini,Mooney VR46 Racing Team,6.0,11.0,0.0,Finished,10,
2023,MotoGP,GBR,Race,GBR,F. Di Giannantonio,Gresini Racing MotoGP,8.0,12.0,0.0,Finished,49,
2023,MotoGP,GBR,Race,GBR,E. Bastianini,Ducati Lenovo Team,3.0,13.0,0.0,Finished,23,
2023,MotoGP,GBR,Race,GBR,F. Bagnaia,Ducati Lenovo Team,4.0,14.0,0.0,Finished,1,
2023,MotoGP,GBR,Race,GBR,F. Morbidelli,Monster Energy Yamaha MotoGP,1.0,15.0,0.0,Finished,21,
2023,MotoGP,GBR,Race,GBR,P. Espargaro,GASGAS Factory Racing Tech3,5.0,16.0,0.0,Finished,44,
2023,MotoGP,GBR,Race,GBR,J. Mir,Repsol Honda Team,9.0,17.0,0.0,Finished,36,
2023,MotoGP,GBR,Race,GBR,M. Marquez,Repsol Honda Team,4.0,18.0,0.0,Finished,93,
2023,MotoGP,GBR,Race,GBR,R. Fernandez,CryptoDATA RNF MotoGP Team,10.0,19.0,0.0,Finished,25,
2023,MotoGP,GBR,Race,GBR,T. Nakagami,LCR Honda IDEMITSU,11.0,20.0,0.0,Finished,30,
2023,MotoGP,GBR,Race,GBR,F. Quartararo,Monster Energy Yamaha MotoGP,12.0,21.0,0.0,Finished,20,
2023,MotoGP,GBR,Race,GBR,I. Lecuona,LCR Honda CASTROL,7.0,22.0,0.0,Finished,27,
2023,MotoGP,AUT,Race,AUT,F. Bagnaia,Ducati Lenovo Team,1.0,1.0,25.0,Finished,1,
2023,MotoGP,AUT,Race,AUT,B. Binder,Red Bull KTM Factory Racing,3.0,2.0,20.0,Finished,33,
2023,MotoGP,AUT,Race,AUT,M. Bezzecchi,Mooney VR46 Racing Team,7.0,3.0,16.0,Finished,72,
2023,MotoGP,AUT,Race,AUT,L. Marini,Mooney VR46 Racing Team,2.0,4.0,13.0,Finished,10,
2023,MotoGP,AUT,Race,AUT,A. Marquez,Gresini Racing MotoGP,5.0,5.0,11.0,Finished,73,
2023,MotoGP,AUT,Race,AUT,M. Viñales,Aprilia Racing,2.0,6.0,10.0,Finished,12,
2023,MotoGP,AUT,Race,AUT,J. Martin,Prima Pramac Racing,12.0,7.0,9.0,Finished,89,
2023,MotoGP,AUT,Race,AUT,F. Quartararo,Monster Energy Yamaha MotoGP,9.0,8.0,8.0,Finished,20,
2023,MotoGP,AUT,Race,AUT,A. Espargaro,Aprilia Racing,11.0,9.0,7.0,Finished,41,
2023,MotoGP,AUT,Race,AUT,E. Bastianini,Ducati Lenovo Team,4.0,10.0,6.0,Finished,23,
2023,MotoGP,AUT,Race,AUT,F. Morbidelli,Monster Energy Yamaha MotoGP,5.0,11.0,5.0,Finished,21,
2023,MotoGP,AUT,Race,AUT,M. Marquez,Repsol Honda Team,8.0,12.0,4.0,Finished,93,
2023,MotoGP,AUT,Race,AUT,J. Zarco,Prima Pramac Racing,10.0,13.0,3.0,Finished,5,
2023,MotoGP,AUT,Race,AUT,A. Fernandez,GASGAS Factory Racing Tech3,12.0,14.0,2.0,Finished,37,
2023,MotoGP,AUT,Race,AUT,J. Miller,Red Bull KTM Factory Racing,1.0,15.0,1.0,Finished,43,
2023,MotoGP,AUT,Race,AUT,P. Espargaro,GASGAS Factory Racing Tech3,3.0,16.0,0.0,Finished,44,
2023,MotoGP,AUT,Race,AUT,F. Di Giannantonio,Gresini Racing MotoGP,10.0,17.0,0.0,Finished,49,
2023,MotoGP,AUT,Race,AUT,T. Nakagami,LCR Honda IDEMITSU,9.0,18.0,0.0,Finished,30,
2023,MotoGP,AUT,Race,AUT,L. Savadori,Aprilia Racing,13.0,19.0,0.0,Finished,32,
2023,MotoGP,AUT,Race,AUT,I. Lecuona,LCR Honda CASTROL,11.0,20.0,0.0,Finished,27,
2023,MotoGP,AUT,Race,AUT,R. Fernandez,CryptoDATA RNF MotoGP Team,7.0,,0.0,DNF,25,
2023,MotoGP,AUT,Race,AUT,J. Mir,Repsol Honda Team,6.0,,0.0,DNF,36,
2023,MotoGP,AUT,Race,AUT,M. Oliveira,CryptoDATA RNF MotoGP Team,8.0,,0.0,DNF,88,
2023,MotoGP,AUT,Race,AUT,F. Bagnaia,Ducati Lenovo Team,1.0,1.0,12.0,Finished,1,
2023,MotoGP,AUT,Race,AUT,B. Binder,Red Bull KTM Factory Racing,3.0,2.0,9.0,Finished,33,
2023,MotoGP,AUT,Race,AUT,J. Martin,Prima Pramac Racing,12.0,3.0,7.0,Finished,89,
2023,MotoGP,AUT,Race,AUT,A. Marquez,Gresini Racing MotoGP,5.0,4.0,6.0,Finished,73,
2023,MotoGP,AUT,Race,AUT,J. Miller,Red Bull KTM Factory Racing,1.0,5.0,5.0,Finished,43,
2023,MotoGP,AUT,Race,AUT,P. Espargaro,GASGAS Factory Racing Tech3,3.0,6.0,4.0,Finished,44,
2023,MotoGP,AUT,Race,AUT,A. Espargaro,Aprilia Racing,11.0,7.0,3.0,Finished,41,
2023,MotoGP,AUT,Race,AUT,M. Viñales,Aprilia Racing,2.0,8.0,2.0,Finished,12,
2023,MotoGP,AUT,Race,AUT,F. Morbidelli,Monster Energy Yamaha MotoGP,5.0,9.0,1.0,Finished,21,
2023,MotoGP,AUT,Race,AUT,M. Marquez,Repsol Honda Team,8.0,10.0,0.0,Finished,93,
2023,MotoGP,AUT,Race,AUT,F. Di Giannantonio,Gresini Racing MotoGP,10.0,11.0,0.0,Finished,49,
2023,MotoGP,AUT,Race,AUT,J. Mir,Repsol Honda Team,6.0,12.0,0.0,Finished,36,
2023,MotoGP,AUT,Race,AUT,E. Bastianini,Ducati Lenovo Team,4.0,13.0,0.0,Finished,23,
2023,MotoGP,AUT,Race,AUT,R. Fernandez,CryptoDATA RNF MotoGP Team,7.0,14.0,0.0,Finished,25,
2023,MotoGP,AUT,Race,AUT,F. Quartararo,Monster Energy Yamaha MotoGP,9.0,15.0,0.0,Finished,20,
2023,MotoGP,AUT,Race,AUT,I. Lecuona,LCR Honda CASTROL,11.0,16.0,0.0,Finished,27,
2023,MotoGP,AUT,Race,AUT,A. Fernandez,GASGAS Factory Racing Tech3,12.0,17.0,0.0,Finished,37,
2023,MotoGP,AUT,Race,AUT,J. Zarco,Prima Pramac Racing,10.0,,0.0,DNF,5,
2023,MotoGP,AUT,Race,AUT,L. Marini,Mooney VR46 Racing Team,2.0,,0.0,DNF,10,
2023,MotoGP,AUT,Race,AUT,L. Savadori,Aprilia Racing,13.0,,0.0,DNF,32,
2023,MotoGP,AUT,Race,AUT,T. Nakagami,LCR Honda IDEMITSU,9.0,,0.0,DNF,30,
2023,MotoGP,AUT,Race,AUT,M. Bezzecchi,Mooney VR46 Racing Team,7.0,,0.0,DNF,72,
2023,MotoGP,AUT,Race,AUT,M. Oliveira,CryptoDATA RNF MotoGP Team,8.0,,0.0,DNF,88,
2023,MotoGP,CAT,Race,CAT,A. Espargaro,Aprilia Racing,2.0,1.0,25.0,Finished,41,
2023,MotoGP,CAT,Race,CAT,M. Viñales,Aprilia Racing,4.0,2.0,20.0,Finished,12,
2023,MotoGP,CAT,Race,CAT,J. Martin,Prima Pramac Racing,5.0,3.0,16.0,Finished,89,
2023,MotoGP,CAT,Race,CAT,J. Zarco,Prima Pramac Racing,6.0,4.0,13.0,Finished,5,
2023,MotoGP,CAT,Race,CAT,M. Oliveira,CryptoDATA RNF MotoGP Team,1.0,5.0,11.0,Finished,88,
2023,MotoGP,CAT,Race,CAT,A. Marquez,Gresini Racing MotoGP,7.0,6.0,10.0,Finished,73,
2023,MotoGP,CAT,Race,CAT,F. Quartararo,Monster Energy Yamaha MotoGP,7.0,7.0,9.0,Finished,20,
2023,MotoGP,CAT,Race,CAT,J. Miller,Red Bull KTM Factory Racing,3.0,8.0,8.0,Finished,43,
2023,MotoGP,CAT,Race,CAT,A. Fernandez,GASGAS Factory Racing Tech3,9.0,9.0,7.0,Finished,37,
2023,MotoGP,CAT,Race,CAT,F. Di Giannantonio,Gresini Racing MotoGP,8.0,10.0,6.0,Finished,49,
2023,MotoGP,CAT,Race,CAT,L. Marini,Mooney VR46 Racing Team,8.0,11.0,5.0,Finished,10,
2023,MotoGP,CAT,Race,CAT,M. Bezzecchi,Mooney VR46 Racing Team,10.0,12.0,4.0,Finished,72,
2023,MotoGP,CAT,Race,CAT,M. Marquez,Repsol Honda Team,2.0,13.0,3.0,Finished,93,
2023,MotoGP,CAT,Race,CAT,F. Morbidelli,Monster Energy Yamaha MotoGP,6.0,14.0,2.0,Finished,21,
2023,MotoGP,CAT,Race,CAT,T. Nakagami,LCR Honda IDEMITSU,11.0,15.0,1.0,Finished,30,
2023,MotoGP,CAT,Race,CAT,I. Lecuona,LCR Honda CASTROL,12.0,16.0,0.0,Finished,27,
2023,MotoGP,CAT,Race,CAT,J. Mir,Repsol Honda Team,10.0,17.0,0.0,Finished,36,
2023,MotoGP,CAT,Race,CAT,R. Fernandez,CryptoDATA RNF MotoGP Team,5.0,,0.0,DNF,25,
2023,MotoGP,CAT,Race,CAT,B. Binder,Red Bull KTM Factory Racing,9.0,,0.0,DNF,33,
2023,MotoGP,CAT,Race,CAT,P. Espargaro,GASGAS Factory Racing Tech3,4.0,,0.0,DNF,44,
2023,MotoGP,CAT,Race,CAT,F. Bagnaia,Ducati Lenovo Team,1.0,,0.0,DNF,1,
2023,MotoGP,CAT,Race,CAT,E. Bastianini,Ducati Lenovo Team,11.0,,0.0,DNF,23,
2023,MotoGP,CAT,Race,CAT,A. Espargaro,Aprilia Racing,2.0,1.0,12.0,Finished,41,
2023,MotoGP,CAT,Race,CAT,F. Bagnaia,Ducati Lenovo Team,1.0,2.0,9.0,Finished,1,
2023,MotoGP,CAT,Race,CAT,M. Viñales,Aprilia Racing,4.0,3.0,7.0,Finished,12,
2023,MotoGP,CAT,Race,CAT,B. Binder,Red Bull KTM Factory Racing,9.0,4.0,6.0,Finished,33,
2023,MotoGP,CAT,Race,CAT,J. Martin,Prima Pramac Racing,5.0,5.0,5.0,Finished,89,
2023,MotoGP,CAT,Race,CAT,M. Oliveira,CryptoDATA RNF MotoGP Team,1.0,6.0,4.0,Finished,88,
2023,MotoGP,CAT,Race,CAT,J. Zarco,Prima Pramac Racing,6.0,7.0,3.0,Finished,5,
2023,MotoGP,CAT,Race,CAT,M. Bezzecchi,Mooney VR46 Racing Team,10.0,8.0,2.0,Finished,72,
2023,MotoGP,CAT,Race,CAT,E. Bastianini,Ducati Lenovo Team,11.0,9.0,1.0,Finished,23,
2023,MotoGP,CAT,Race,CAT,A. Marquez,Gresini Racing MotoGP,7.0,10.0,0.0,Finished,73,
2023,MotoGP,CAT,Race,CAT,M. Marquez,Repsol Honda Team,2.0,11.0,0.0,Finished,93,
2023,MotoGP,CAT,Race,CAT,L. Marini,Mooney VR46 Racing Team,8.0,12.0,0.0,Finished,10,
2023,MotoGP,CAT,Race,CAT,F. Di Giannantonio,Gresini Racing MotoGP,8.0,13.0,0.0,Finished,49,
2023,MotoGP,CAT,Race,CAT,R. Fernandez,CryptoDATA RNF MotoGP Team,5.0,14.0,0.0,Finished,25,
2023,MotoGP,CAT,Race,CAT,F. Morbidelli,Monster Energy Yamaha MotoGP,6.0,15.0,0.0,Finished,21,
2023,MotoGP,CAT,Race,CAT,J. Miller,Red Bull KTM Factory Racing,3.0,16.0,0.0,Finished,43,
2023,MotoGP,CAT,Race,CAT,A. Fernandez,GASGAS Factory Racing Tech3,9.0,17.0,0.0,Finished,37,
2023,MotoGP,CAT,Race,CAT,F. Quartararo,Monster Energy Yamaha MotoGP,7.0,18.0,0.0,Finished,20,
2023,MotoGP,CAT,Race,CAT,I. Lecuona,LCR Honda CASTROL,12.0,19.0,0.0,Finished,27,
2023,MotoGP,CAT,Race,CAT,T. Nakagami,LCR Honda IDEMITSU,11.0,20.0,0.0,Finished,30,
2023,MotoGP,CAT,Race,CAT,J. Mir,Repsol Honda Team,10.0,21.0,0.0,Finished,36,
2023,MotoGP,CAT,Race,CAT,P. Espargaro,GASGAS Factory Racing Tech3,4.0,,0.0,DNF,44,
2023,MotoGP,RSM,Race,RSM,J. Martin,Prima Pramac Racing,1.0,1.0,25.0,Finished,89,
2023,MotoGP,RSM,Race,RSM,M. Bezzecchi,Mooney VR46 Racing Team,2.0,2.0,20.0,Finished,72,
2023,MotoGP,RSM,Race,RSM,F. Bagnaia,Ducati Lenovo Team,3.0,3.0,16.0,Finished,1,
2023,MotoGP,RSM,Race,RSM,D. Pedrosa,Red Bull KTM Factory Racing,5.0,4.0,13.0,Finished,26,
2023,MotoGP,RSM,Race,RSM,M. Viñales,Aprilia Racing,4.0,5.0,11.0,Finished,12,
2023,MotoGP,RSM,Race,RSM,M. Oliveira,CryptoDATA RNF MotoGP Team,1.0,6.0,10.0,Finished,88,
2023,MotoGP,RSM,Race,RSM,M. Marquez,Repsol Honda Team,9.0,7.0,9.0,Finished,93,
2023,MotoGP,RSM,Race,RSM,R. Fernandez,CryptoDATA RNF MotoGP Team,12.0,8.0,8.0,Finished,25,
2023,MotoGP,RSM,Race,RSM,L. Marini,Mooney VR46 Racing Team,8.0,9.0,7.0,Finished,10,
2023,MotoGP,RSM,Race,RSM,J. Zarco,Prima Pramac Racing,6.0,10.0,6.0,Finished,5,
2023,MotoGP,RSM,Race,RSM,A. Marquez,Gresini Racing MotoGP,11.0,11.0,5.0,Finished,73,
2023,MotoGP,RSM,Race,RSM,A. Espargaro,Aprilia Racing,2.0,12.0,4.0,Finished,41,
2023,MotoGP,RSM,Race,RSM,F. Quartararo,Monster Energy Yamaha MotoGP,3.0,13.0,3.0,Finished,20,
2023,MotoGP,RSM,Race,RSM,B. Binder,Red Bull KTM Factory Racing,7.0,14.0,2.0,Finished,33,
2023,MotoGP,RSM,Race,RSM,F. Morbidelli,Monster Energy Yamaha MotoGP,9.0,15.0,1.0,Finished,21,
2023,MotoGP,RSM,Race,RSM,A. Fernandez,GASGAS Factory Racing Tech3,7.0,16.0,0.0,Finished,37,
2023,MotoGP,RSM,Race,RSM,F. Di Giannantonio,Gresini Racing MotoGP,11.0,17.0,0.0,Finished,49,
2023,MotoGP,RSM,Race,RSM,S. Bradl,HRC Team,5.0,18.0,0.0,Finished,6,
2023,MotoGP,RSM,Race,RSM,T. Nakagami,LCR Honda IDEMITSU,10.0,19.0,0.0,Finished,30,
2023,MotoGP,RSM,Race,RSM,P. Espargaro,GASGAS Factory Racing Tech3,13.0,,0.0,DNF,44,
2023,MotoGP,RSM,Race,RSM,J. Mir,Repsol Honda Team,12.0,,0.0,DNF,36,
2023,MotoGP,RSM,Race,RSM,M. Pirro,Aruba.it Racing,4.0,,0.0,DNF,51,
2023,MotoGP,RSM,Race,RSM,J. Miller,Red Bull KTM Factory Racing,8.0,,0.0,DNF,43,
2023,MotoGP,RSM,Race,RSM,J. Martin,Prima Pramac Racing,1.0,1.0,12.0,Finished,89,
2023,MotoGP,RSM,Race,RSM,M. Bezzecchi,Mooney VR46 Racing Team,2.0,2.0,9.0,Finished,72,
2023,MotoGP,RSM,Race,RSM,F. Bagnaia,Ducati Lenovo Team,3.0,3.0,7.0,Finished,1,
2023,MotoGP,RSM,Race,RSM,D. Pedrosa,Red Bull KTM Factory Racing,5.0,4.0,6.0,Finished,26,
2023,MotoGP,RSM,Race,RSM,B. Binder,Red Bull KTM Factory Racing,7.0,5.0,5.0,Finished,33,
2023,MotoGP,RSM,Race,RSM,M. Viñales,Aprilia Racing,4.0,6.0,4.0,Finished,12,
2023,MotoGP,RSM,Race,RSM,L. Marini,Mooney VR46 Racing Team,8.0,7.0,3.0,Finished,10,
2023,MotoGP,RSM,Race,RSM,A. Espargaro,Aprilia Racing,2.0,8.0,2.0,Finished,41,
2023,MotoGP,RSM,Race,RSM,A. Marquez,Gresini Racing MotoGP,11.0,9.0,1.0,Finished,73,
2023,MotoGP,RSM,Race,RSM,M. Marquez,Repsol Honda Team,9.0,10.0,0.0,Finished,93,
2023,MotoGP,RSM,Race,RSM,R. Fernandez,CryptoDATA RNF MotoGP Team,12.0,11.0,0.0,Finished,25,
2023,MotoGP,RSM,Race,RSM,M. Oliveira,CryptoDATA RNF MotoGP Team,1.0,12.0,0.0,Finished,88,
2023,MotoGP,RSM,Race,RSM,F. Quartararo,Monster Energy Yamaha MotoGP,3.0,13.0,0.0,Finished,20,
2023,MotoGP,RSM,Race,RSM,J. Zarco,Prima Pramac Racing,6.0,14.0,0.0,Finished,5,
2023,MotoGP,RSM,Race,RSM,J. Miller,Red Bull KTM Factory Racing,8.0,15.0,0.0,Finished,43,
2023,MotoGP,RSM,Race,RSM,P. Espargaro,GASGAS Factory Racing Tech3,13.0,16.0,0.0,Finished,44,
2023,MotoGP,RSM,Race,RSM,F. Di Giannantonio,Gresini Racing MotoGP,11.0,17.0,0.0,Finished,49,
2023,MotoGP,RSM,Race,RSM,F. Morbidelli,Monster Energy Yamaha MotoGP,9.0,18.0,0.0,Finished,21,
2023,MotoGP,RSM,Race,RSM,A. Fernandez,GASGAS Factory Racing Tech3,7.0,19.0,0.0,Finished,37,
2023,MotoGP,RSM,Race,RSM,M. Pirro,Aruba.it Racing,4.0,20.0,0.0,Finished,51,
2023,MotoGP,RSM,Race,RSM,T. Nakagami,LCR Honda IDEMITSU,10.0,21.0,0.0,Finished,30,
2023,MotoGP,RSM,Race,RSM,S. Bradl,HRC Team,5.0,22.0,0.0,Finished,6,
2023,MotoGP,RSM,Race,RSM,J. Mir,Repsol Honda Team,12.0,23.0,0.0,Finished,36,
2023,MotoGP,IND,Race,IND,M. Bezzecchi,Mooney VR46 Racing Team,1.0,1.0,25.0,Finished,72,
2023,MotoGP,IND,Race,IND,J. Martin,Prima Pramac Racing,2.0,2.0,20.0,Finished,89,
2023,MotoGP,IND,Race,IND,F. Quartararo,Monster Energy Yamaha MotoGP,8.0,3.0,16.0,Finished,20,
2023,MotoGP,IND,Race,IND,B. Binder,Red Bull KTM Factory Racing,4.0,4.0,13.0,Finished,33,
2023,MotoGP,IND,Race,IND,J. Mir,Repsol Honda Team,5.0,5.0,11.0,Finished,36,
2023,MotoGP,IND,Race,IND,J. Zarco,Prima Pramac Racing,7.0,6.0,10.0,Finished,5,
2023,MotoGP,IND,Race,IND,F. Morbidelli,Monster Energy Yamaha MotoGP,7.0,7.0,9.0,Finished,21,
2023,MotoGP,IND,Race,IND,M. Viñales,Aprilia Racing,9.0,8.0,8.0,Finished,12,
2023,MotoGP,IND,Race,IND,M. Marquez,Repsol Honda Team,6.0,9.0,7.0,Finished,93,
2023,MotoGP,IND,Race,IND,R. Fernandez,CryptoDATA RNF MotoGP Team,1.0,10.0,6.0,Finished,25,
2023,MotoGP,IND,Race,IND,T. Nakagami,LCR Honda IDEMITSU,5.0,11.0,5.0,Finished,30,
2023,MotoGP,IND,Race,IND,M. Oliveira,CryptoDATA RNF MotoGP Team,9.0,12.0,4.0,Finished,88,
2023,MotoGP,IND,Race,IND,P. Espargaro,GASGAS Factory Racing Tech3,10.0,13.0,3.0,Finished,44,
2023,MotoGP,IND,Race,IND,J. Miller,Red Bull KTM Factory Racing,6.0,14.0,2.0,Finished,43,
2023,MotoGP,IND,Race,IND,S. Bradl,LCR Honda CASTROL,11.0,15.0,1.0,Finished,6,
2023,MotoGP,IND,Race,IND,M. Pirro,Ducati Lenovo Team,12.0,16.0,0.0,Finished,51,
2023,MotoGP,IND,Race,IND,F. Di Giannantonio,Gresini Racing MotoGP,3.0,,0.0,DNF,49,
2023,MotoGP,IND,Race,IND,F. Bagnaia,Ducati Lenovo Team,3.0,,0.0,DNF,1,
2023,MotoGP,IND,Race,IND,A. Espargaro,Aprilia Racing,10.0,,0.0,DNF,41,
2023,MotoGP,IND,Race,IND,A. Fernandez,GASGAS Factory Racing Tech3,8.0,,0.0,DNF,37,
2023,MotoGP,IND,Race,IND,J. Martin,Prima Pramac Racing,2.0,1.0,12.0,Finished,89,
2023,MotoGP,IND,Race,IND,F. Bagnaia,Ducati Lenovo Team,3.0,2.0,9.0,Finished,1,
2023,MotoGP,IND,Race,IND,M. Marquez,Repsol Honda Team,6.0,3.0,7.0,Finished,93,
2023,MotoGP,IND,Race,IND,B. Binder,Red Bull KTM Factory Racing,4.0,4.0,6.0,Finished,33,
2023,MotoGP,IND,Race,IND,M. Bezzecchi,Mooney VR46 Racing Team,1.0,5.0,5.0,Finished,72,
2023,MotoGP,IND,Race,IND,F. Quartararo,Monster Energy Yamaha MotoGP,8.0,6.0,4.0,Finished,20,
2023,MotoGP,IND,Race,IND,J. Miller,Red Bull KTM Factory Racing,6.0,7.0,3.0,Finished,43,
2023,MotoGP,IND,Race,IND,M. Viñales,Aprilia Racing,9.0,8.0,2.0,Finished,12,
2023,MotoGP,IND,Race,IND,R. Fernandez,CryptoDATA RNF MotoGP Team,1.0,9.0,1.0,Finished,25,
2023,MotoGP,IND,Race,IND,F. Di Giannantonio,Gresini Racing MotoGP,3.0,10.0,0.0,Finished,49,
2023,MotoGP,IND,Race,IND,A. Fernandez,GASGAS Factory Racing Tech3,8.0,11.0,0.0,Finished,37,
2023,MotoGP,IND,Race,IND,M. Oliveira,CryptoDATA RNF MotoGP Team,9.0,12.0,0.0,Finished,88,
2023,MotoGP,IND,Race,IND,T. Nakagami,LCR Honda IDEMITSU,5.0,13.0,0.0,Finished,30,
2023,MotoGP,IND,Race,IND,M. Pirro,Ducati Lenovo Team,12.0,14.0,0.0,Finished,51,
2023,MotoGP,IND,Race,IND,F. Morbidelli,Monster Energy Yamaha MotoGP,7.0,15.0,0.0,Finished,21,
2023,MotoGP,IND,Race,IND,A. Espargaro,Aprilia Racing,10.0,,0.0,DNF,41,
2023,MotoGP,IND,Race,IND,J. Zarco,Prima Pramac Racing,7.0,,0.0,DNF,5,
2023,MotoGP,IND,Race,IND,J. Mir,Repsol Honda Team,5.0,,0.0,DNF,36,
2023,MotoGP,IND,Race,IND,P. Espargaro,GASGAS Factory Racing Tech3,10.0,,0.0,DNF,44,
2023,MotoGP,IND,Race,IND,S. Bradl,LCR Honda CASTROL,11.0,,0.0,DNF,6,
2023,MotoGP,IND,Race,IND,L. Marini,Mooney VR46 Racing Team,4.0,,0.0,DNF,10,
2023,MotoGP,JPN,Race,JPN,J. Martin,Prima Pramac Racing,1.0,1.0,25.0,Finished,89,
2023,MotoGP,JPN,Race,JPN,F. Bagnaia,Ducati Lenovo Team,2.0,2.0,20.0,Finished,1,
2023,MotoGP,JPN,Race,JPN,M. Marquez,Repsol Honda Team,1.0,3.0,16.0,Finished,93,
2023,MotoGP,JPN,Race,JPN,M. Bezzecchi,Mooney VR46 Racing Team,4.0,4.0,13.0,Finished,72,
2023,MotoGP,JPN,Race,JPN,A. Espargaro,Aprilia Racing,9.0,5.0,11.0,Finished,41,
2023,MotoGP,JPN,Race,JPN,J. Miller,Red Bull KTM Factory Racing,3.0,6.0,10.0,Finished,43,
2023,MotoGP,JPN,Race,JPN,A. Fernandez,GASGAS Factory Racing Tech3,3.0,7.0,9.0,Finished,37,
2023,MotoGP,JPN,Race,JPN,F. Di Giannantonio,Gresini Racing MotoGP,6.0,8.0,8.0,Finished,49,
2023,MotoGP,JPN,Race,JPN,R. Fernandez,CryptoDATA RNF MotoGP Team,2.0,9.0,7.0,Finished,25,
2023,MotoGP,JPN,Race,JPN,F. Quartararo,Monster Energy Yamaha MotoGP,4.0,10.0,6.0,Finished,20,
2023,MotoGP,JPN,Race,JPN,T. Nakagami,LCR Honda IDEMITSU,8.0,11.0,5.0,Finished,30,
2023,MotoGP,JPN,Race,JPN,J. Mir,Repsol Honda Team,5.0,12.0,4.0,Finished,36,
2023,MotoGP,JPN,Race,JPN,C. Crutchlow,Yamalube RS4GP Racing Team,9.0,13.0,3.0,Finished,35,
2023,MotoGP,JPN,Race,JPN,S. Bradl,LCR Honda CASTROL,10.0,14.0,2.0,Finished,6,
2023,MotoGP,JPN,Race,JPN,P. Espargaro,GASGAS Factory Racing Tech3,12.0,15.0,1.0,Finished,44,
2023,MotoGP,JPN,Race,JPN,M. Pirro,Ducati Lenovo Team,11.0,16.0,0.0,Finished,51,
2023,MotoGP,JPN,Race,JPN,F. Morbidelli,Monster Energy Yamaha MotoGP,7.0,17.0,0.0,Finished,21,
2023,MotoGP,JPN,Race,JPN,M. Oliveira,CryptoDATA RNF MotoGP Team,6.0,18.0,0.0,Finished,88,
2023,MotoGP,JPN,Race,JPN,M. Viñales,Aprilia Racing,8.0,19.0,0.0,Finished,12,
2023,MotoGP,JPN,Race,JPN,J. Zarco,Prima Pramac Racing,10.0,,0.0,DNF,5,
2023,MotoGP,JPN,Race,JPN,B. Binder,Red Bull KTM Factory Racing,5.0,,0.0,DNF,33,
2023,MotoGP,JPN,Race,JPN,J. Martin,Prima Pramac Racing,1.0,1.0,12.0,Finished,89,
2023,MotoGP,JPN,Race,JPN,B. Binder,Red Bull KTM Factory Racing,5.0,2.0,9.0,Finished,33,
2023,MotoGP,JPN,Race,JPN,F. Bagnaia,Ducati Lenovo Team,2.0,3.0,7.0,Finished,1,
2023,MotoGP,JPN,Race,JPN,J. Miller,Red Bull KTM Factory Racing,3.0,4.0,6.0,Finished,43,
2023,MotoGP,JPN,Race,JPN,J. Zarco,Prima Pramac Racing,10.0,5.0,5.0,Finished,5,
2023,MotoGP,JPN,Race,JPN,M. Bezzecchi,Mooney VR46 Racing Team,4.0,6.0,4.0,Finished,72,
2023,MotoGP,JPN,Race,JPN,M. Marquez,Repsol Honda Team,1.0,7.0,3.0,Finished,93,
2023,MotoGP,JPN,Race,JPN,F. Di Giannantonio,Gresini Racing MotoGP,6.0,8.0,2.0,Finished,49,
2023,MotoGP,JPN,Race,JPN,M. Viñales,Aprilia Racing,8.0,9.0,1.0,Finished,12,
2023,MotoGP,JPN,Race,JPN,R. Fernandez,CryptoDATA RNF MotoGP Team,2.0,10.0,0.0,Finished,25,
2023,MotoGP,JPN,Race,JPN,P. Espargaro,GASGAS Factory Racing Tech3,12.0,11.0,0.0,Finished,44,
2023,MotoGP,JPN,Race,JPN,A. Fernandez,GASGAS Factory Racing Tech3,3.0,12.0,0.0,Finished,37,
2023,MotoGP,JPN,Race,JPN,J. Mir,Repsol Honda Team,5.0,13.0,0.0,Finished,36,
2023,MotoGP,JPN,Race,JPN,M. Oliveira,CryptoDATA RNF MotoGP Team,6.0,14.0,0.0,Finished,88,
2023,MotoGP,JPN,Race,JPN,F. Quartararo,Monster Energy Yamaha MotoGP,4.0,15.0,0.0,Finished,20,
2023,MotoGP,JPN,Race,JPN,F. Morbidelli,Monster Energy Yamaha MotoGP,7.0,16.0,0.0,Finished,21,
2023,MotoGP,JPN,Race,JPN,T. Nakagami,LCR Honda IDEMITSU,8.0,17.0,0.0,Finished,30,
2023,MotoGP,JPN,Race,JPN,C. Crutchlow,Yamalube RS4GP Racing Team,9.0,18.0,0.0,Finished,35,
2023,MotoGP,JPN,Race,JPN,M. Pirro,Ducati Lenovo Team,11.0,19.0,0.0,Finished,51,
2023,MotoGP,JPN,Race,JPN,S. Bradl,LCR Honda CASTROL,10.0,20.0,0.0,Finished,6,
2023,MotoGP,JPN,Race,JPN,A. Espargaro,Aprilia Racing,9.0,,0.0,DNF,41,
2023,MotoGP,INA,Race,INA,F. Bagnaia,Ducati Lenovo Team,3.0,1.0,25.0,Finished,1,
2023,MotoGP,INA,Race,INA,M. Viñales,Aprilia Racing,2.0,2.0,20.0,Finished,12,
2023,MotoGP,INA,Race,INA,F. Quartararo,Monster Energy Yamaha MotoGP,4.0,3.0,16.0,Finished,20,
2023,MotoGP,INA,Race,INA,F. Di Giannantonio,Gresini Racing MotoGP,7.0,4.0,13.0,Finished,49,
2023,MotoGP,INA,Race,INA,M. Bezzecchi,Mooney VR46 Racing Team,9.0,5.0,11.0,Finished,72,
2023,MotoGP,INA,Race,INA,B. Binder,Red Bull KTM Factory Racing,5.0,6.0,10.0,Finished,33,
2023,MotoGP,INA,Race,INA,J. Miller,Red Bull KTM Factory Racing,10.0,7.0,9.0,Finished,43,
2023,MotoGP,INA,Race,INA,E. Bastianini,Ducati Lenovo Team,2.0,8.0,8.0,Finished,23,
2023,MotoGP,INA,Race,INA,A. Rins,LCR Honda CASTROL,11.0,9.0,7.0,Finished,42,
2023,MotoGP,INA,Race,INA,A. Espargaro,Aprilia Racing,3.0,10.0,6.0,Finished,41,
2023,MotoGP,INA,Race,INA,T. Nakagami,LCR Honda IDEMITSU,10.0,11.0,5.0,Finished,30,
2023,MotoGP,INA,Race,INA,M. Oliveira,CryptoDATA RNF MotoGP Team,12.0,12.0,4.0,Finished,88,
2023,MotoGP,INA,Race,INA,R. Fernandez,CryptoDATA RNF MotoGP Team,7.0,13.0,3.0,Finished,25,
2023,MotoGP,INA,Race,INA,F. Morbidelli,Monster Energy Yamaha MotoGP,5.0,14.0,2.0,Finished,21,
2023,MotoGP,INA,Race,INA,J. Zarco,Prima Pramac Racing,4.0,,0.0,DNF,5,
2023,MotoGP,INA,Race,INA,J. Martin,Prima Pramac Racing,6.0,,0.0,DNF,89,
2023,MotoGP,INA,Race,INA,A. Fernandez,GASGAS Factory Racing Tech3,8.0,,0.0,DNF,37,
2023,MotoGP,INA,Race,INA,J. Mir,Repsol Honda Team,9.0,,0.0,DNF,36,
2023,MotoGP,INA,Race,INA,M. Marquez,Repsol Honda Team,8.0,,0.0,DNF,93,
2023,MotoGP,INA,Race,INA,L. Marini,Mooney VR46 Racing Team,1.0,,0.0,DNF,10,
2023,MotoGP,INA,Race,INA,P. Espargaro,GASGAS Factory Racing Tech3,6.0,,0.0,DNF,44,
2023,MotoGP,INA,Race,INA,J. Martin,Prima Pramac Racing,6.0,1.0,12.0,Finished,89,
2023,MotoGP,INA,Race,INA,L. Marini,Mooney VR46 Racing Team,1.0,2.0,9.0,Finished,10,
2023,MotoGP,INA,Race,INA,M. Bezzecchi,Mooney VR46 Racing Team,9.0,3.0,7.0,Finished,72,
2023,MotoGP,INA,Race,INA,M. Viñales,Aprilia Racing,2.0,4.0,6.0,Finished,12,
2023,MotoGP,INA,Race,INA,F. Quartararo,Monster Energy Yamaha MotoGP,4.0,5.0,5.0,Finished,20,
2023,MotoGP,INA,Race,INA,F. Di Giannantonio,Gresini Racing MotoGP,7.0,6.0,4.0,Finished,49,
2023,MotoGP,INA,Race,INA,E. Bastianini,Ducati Lenovo Team,2.0,7.0,3.0,Finished,23,
2023,MotoGP,INA,Race,INA,F. Bagnaia,Ducati Lenovo Team,3.0,8.0,2.0,Finished,1,
2023,MotoGP,INA,Race,INA,J. Miller,Red Bull KTM Factory Racing,10.0,9.0,1.0,Finished,43,
2023,MotoGP,INA,Race,INA,M. Oliveira,CryptoDATA RNF MotoGP Team,12.0,10.0,0.0,Finished,88,
2023,MotoGP,INA,Race,INA,T. Nakagami,LCR Honda IDEMITSU,10.0,11.0,0.0,Finished,30,
2023,MotoGP,INA,Race,INA,J. Zarco,Prima Pramac Racing,4.0,12.0,0.0,Finished,5,
2023,MotoGP,INA,Race,INA,A. Fernandez,GASGAS Factory Racing Tech3,8.0,13.0,0.0,Finished,37,
2023,MotoGP,INA,Race,INA,R. Fernandez,CryptoDATA RNF MotoGP Team,7.0,14.0,0.0,Finished,25,
2023,MotoGP,INA,Race,INA,F. Morbidelli,Monster Energy Yamaha MotoGP,5.0,15.0,0.0,Finished,21,
2023,MotoGP,INA,Race,INA,J. Mir,Repsol Honda Team,9.0,16.0,0.0,Finished,36,
2023,MotoGP,INA,Race,INA,P. Espargaro,GASGAS Factory Racing Tech3,6.0,17.0,0.0,Finished,44,
2023,MotoGP,INA,Race,INA,A. Rins,LCR Honda CASTROL,11.0,18.0,0.0,Finished,42,
2023,MotoGP,INA,Race,INA,B. Binder,Red Bull KTM Factory Racing,5.0,19.0,0.0,Finished,33,
2023,MotoGP,INA,Race,INA,A. Espargaro,Aprilia Racing,3.0,,0.0,DNF,41,
2023,MotoGP,INA,Race,INA,M. Marquez,Repsol Honda Team,8.0,,0.0,DNF,93,
2023,MotoGP,AUS,Race,AUS,J. Zarco,Prima Pramac Racing,5.0,1.0,25.0,Finished,5,
2023,MotoGP,AUS,Race,AUS,F. Bagnaia,Ducati Lenovo Team,1.0,2.0,20.0,Finished,1,
2023,MotoGP,AUS,Race,AUS,F. Di Giannantonio,Gresini Racing MotoGP,6.0,3.0,16.0,Finished,49,
2023,MotoGP,AUS,Race,AUS,B. Binder,Red Bull KTM Factory Racing,2.0,4.0,13.0,Finished,33,
2023,MotoGP,AUS,Race,AUS,J. Martin,Prima Pramac Racing,1.0,5.0,11.0,Finished,89,
2023,MotoGP,AUS,Race,AUS,M. Bezzecchi,Mooney VR46 Racing Team,10.0,6.0,10.0,Finished,72,
2023,MotoGP,AUS,Race,AUS,J. Miller,Red Bull KTM Factory Racing,8.0,7.0,9.0,Finished,43,
2023,MotoGP,AUS,Race,AUS,A. Espargaro,Aprilia Racing,4.0,8.0,8.0,Finished,41,
2023,MotoGP,AUS,Race,AUS,A. Marquez,Gresini Racing MotoGP,3.0,9.0,7.0,Finished,73,
2023,MotoGP,AUS,Race,AUS,E. Bastianini,Ducati Lenovo Team,12.0,10.0,6.0,Finished,23,
2023,MotoGP,AUS,Race,AUS,M. Viñales,Aprilia Racing,9.0,11.0,5.0,Finished,12,
2023,MotoGP,AUS,Race,AUS,L. Marini,Mooney VR46 Racing Team,8.0,12.0,4.0,Finished,10,
2023,MotoGP,AUS,Race,AUS,M. Oliveira,CryptoDATA RNF MotoGP Team,9.0,13.0,3.0,Finished,88,
2023,MotoGP,AUS,Race,AUS,F. Quartararo,Monster Energy Yamaha MotoGP,7.0,14.0,2.0,Finished,20,
2023,MotoGP,AUS,Race,AUS,M. Marquez,Repsol Honda Team,2.0,15.0,1.0,Finished,93,
2023,MotoGP,AUS,Race,AUS,R. Fernandez,CryptoDATA RNF MotoGP Team,5.0,16.0,0.0,Finished,25,
2023,MotoGP,AUS,Race,AUS,F. Morbidelli,Monster Energy Yamaha MotoGP,10.0,17.0,0.0,Finished,21,
2023,MotoGP,AUS,Race,AUS,P. Espargaro,GASGAS Factory Racing Tech3,11.0,18.0,0.0,Finished,44,
2023,MotoGP,AUS,Race,AUS,T. Nakagami,LCR Honda IDEMITSU,11.0,19.0,0.0,Finished,30,
2023,MotoGP,AUS,Race,AUS,A. Fernandez,GASGAS Factory Racing Tech3,4.0,,0.0,DNF,37,
2023,MotoGP,AUS,Race,AUS,J. Mir,Repsol Honda Team,6.0,,0.0,DNF,36,
2023,MotoGP,THA,Race,THA,J. Martin,Prima Pramac Racing,1.0,1.0,25.0,Finished,89,
2023,MotoGP,THA,Race,THA,F. Bagnaia,Ducati Lenovo Team,6.0,2.0,20.0,Finished,1,
2023,MotoGP,THA,Race,THA,B. Binder,Red Bull KTM Factory Racing,5.0,3.0,16.0,Finished,33,
2023,MotoGP,THA,Race,THA,M. Bezzecchi,Mooney VR46 Racing Team,4.0,4.0,13.0,Finished,72,
2023,MotoGP,THA,Race,THA,F. Quartararo,Monster Energy Yamaha MotoGP,10.0,5.0,11.0,Finished,20,
2023,MotoGP,THA,Race,THA,M. Marquez,Repsol Honda Team,2.0,6.0,10.0,Finished,93,
2023,MotoGP,THA,Race,THA,L. Marini,Mooney VR46 Racing Team,2.0,7.0,9.0,Finished,10,
2023,MotoGP,THA,Race,THA,A. Espargaro,Aprilia Racing,3.0,8.0,8.0,Finished,41,
2023,MotoGP,THA,Race,THA,F. Di Giannantonio,Gresini Racing MotoGP,3.0,9.0,7.0,Finished,49,
2023,MotoGP,THA,Race,THA,J. Zarco,Prima Pramac Racing,11.0,10.0,6.0,Finished,5,
2023,MotoGP,THA,Race,THA,F. Morbidelli,Monster Energy Yamaha MotoGP,8.0,11.0,5.0,Finished,21,
2023,MotoGP,THA,Race,THA,J. Mir,Repsol Honda Team,9.0,12.0,4.0,Finished,36,
2023,MotoGP,THA,Race,THA,E. Bastianini,Ducati Lenovo Team,11.0,13.0,3.0,Finished,23,
2023,MotoGP,THA,Race,THA,T. Nakagami,LCR Honda IDEMITSU,6.0,14.0,2.0,Finished,30,
2023,MotoGP,THA,Race,THA,R. Fernandez,CryptoDATA RNF MotoGP Team,4.0,15.0,1.0,Finished,25,
2023,MotoGP,THA,Race,THA,J. Miller,Red Bull KTM Factory Racing,5.0,16.0,0.0,Finished,43,
2023,MotoGP,THA,Race,THA,A. Fernandez,GASGAS Factory Racing Tech3,12.0,17.0,0.0,Finished,37,
2023,MotoGP,THA,Race,THA,P. Espargaro,GASGAS Factory Racing Tech3,7.0,18.0,0.0,Finished,44,
2023,MotoGP,THA,Race,THA,M. Viñales,Aprilia Racing,9.0,,0.0,DNF,12,
2023,MotoGP,THA,Race,THA,A. Marquez,Gresini Racing MotoGP,1.0,,0.0,DNF,73,
2023,MotoGP,THA,Race,THA,M. Oliveira,CryptoDATA RNF MotoGP Team,10.0,,0.0,DNF,88,
2023,MotoGP,THA,Race,THA,J. Martin,Prima Pramac Racing,1.0,1.0,12.0,Finished,89,
2023,MotoGP,THA,Race,THA,B. Binder,Red Bull KTM Factory Racing,5.0,2.0,9.0,Finished,33,
2023,MotoGP,THA,Race,THA,L. Marini,Mooney VR46 Racing Team,2.0,3.0,7.0,Finished,10,
2023,MotoGP,THA,Race,THA,M. Marquez,Repsol Honda Team,2.0,4.0,6.0,Finished,93,
2023,MotoGP,THA,Race,THA,A. Espargaro,Aprilia Racing,3.0,5.0,5.0,Finished,41,
2023,MotoGP,THA,Race,THA,M. Bezzecchi,Mooney VR46 Racing Team,4.0,6.0,4.0,Finished,72,
2023,MotoGP,THA,Race,THA,F. Bagnaia,Ducati Lenovo Team,6.0,7.0,3.0,Finished,1,
2023,MotoGP,THA,Race,THA,A. Marquez,Gresini Racing MotoGP,1.0,8.0,2.0,Finished,73,
2023,MotoGP,THA,Race,THA,J. Zarco,Prima Pramac Racing,11.0,9.0,1.0,Finished,5,
2023,MotoGP,THA,Race,THA,J. Miller,Red Bull KTM Factory Racing,5.0,10.0,0.0,Finished,43,
2023,MotoGP,THA,Race,THA,F. Quartararo,Monster Energy Yamaha MotoGP,10.0,11.0,0.0,Finished,20,
2023,MotoGP,THA,Race,THA,J. Mir,Repsol Honda Team,9.0,12.0,0.0,Finished,36,
2023,MotoGP,THA,Race,THA,E. Bastianini,Ducati Lenovo Team,11.0,13.0,0.0,Finished,23,
2023,MotoGP,THA,Race,THA,R. Fernandez,CryptoDATA RNF MotoGP Team,4.0,14.0,0.0,Finished,25,
2023,MotoGP,THA,Race,THA,F. Morbidelli,Monster Energy Yamaha MotoGP,8.0,15.0,0.0,Finished,21,
2023,MotoGP,THA,Race,THA,P. Espargaro,GASGAS Factory Racing Tech3,7.0,16.0,0.0,Finished,44,
2023,MotoGP,THA,Race,THA,M. Oliveira,CryptoDATA RNF MotoGP Team,10.0,17.0,0.0,Finished,88,
2023,MotoGP,THA,Race,THA,M. Viñales,Aprilia Racing,9.0,18.0,0.0,Finished,12,
2023,MotoGP,THA,Race,THA,T. Nakagami,LCR Honda IDEMITSU,6.0,19.0,0.0,Finished,30,
2023,MotoGP,THA,Race,THA,F. Di Giannantonio,Gresini Racing MotoGP,3.0,,0.0,DNF,49,
2023,MotoGP,THA,Race,THA,A. Fernandez,GASGAS Factory Racing Tech3,12.0,,0.0,DNF,37,
2023,MotoGP,MAL,Race,MAL,E. Bastianini,Ducati Lenovo Team,2.0,1.0,25.0,Finished,23,
2023,MotoGP,MAL,Race,MAL,A. Marquez,Gresini Racing MotoGP,4.0,2.0,20.0,Finished,73,
2023,MotoGP,MAL,Race,MAL,F. Bagnaia,Ducati Lenovo Team,1.0,3.0,16.0,Finished,1,
2023,MotoGP,MAL,Race,MAL,J. Martin,Prima Pramac Racing,2.0,4.0,13.0,Finished,89,
2023,MotoGP,MAL,Race,MAL,F. Quartararo,Monster Energy Yamaha MotoGP,8.0,5.0,11.0,Finished,20,
2023,MotoGP,MAL,Race,MAL,M. Bezzecchi,Mooney VR46 Racing Team,6.0,6.0,10.0,Finished,72,
2023,MotoGP,MAL,Race,MAL,F. Morbidelli,Monster Energy Yamaha MotoGP,5.0,7.0,9.0,Finished,21,
2023,MotoGP,MAL,Race,MAL,J. Miller,Red Bull KTM Factory Racing,10.0,8.0,8.0,Finished,43,
2023,MotoGP,MAL,Race,MAL,F. Di Giannantonio,Gresini Racing MotoGP,1.0,9.0,7.0,Finished,49,
2023,MotoGP,MAL,Race,MAL,L. Marini,Mooney VR46 Racing Team,5.0,10.0,6.0,Finished,10,
2023,MotoGP,MAL,Race,MAL,M. Viñales,Aprilia Racing,9.0,11.0,5.0,Finished,12,
2023,MotoGP,MAL,Race,MAL,J. Zarco,Prima Pramac Racing,12.0,12.0,4.0,Finished,5,
2023,MotoGP,MAL,Race,MAL,M. Marquez,Repsol Honda Team,10.0,13.0,3.0,Finished,93,
2023,MotoGP,MAL,Race,MAL,A. Fernandez,GASGAS Factory Racing Tech3,4.0,14.0,2.0,Finished,37,
2023,MotoGP,MAL,Race,MAL,P. Espargaro,GASGAS Factory Racing Tech3,7.0,15.0,1.0,Finished,44,
2023,MotoGP,MAL,Race,MAL,I. Lecuona,LCR Honda CASTROL,13.0,16.0,0.0,Finished,27,
2023,MotoGP,MAL,Race,MAL,A. Bautista,Aruba.it Racing,12.0,17.0,0.0,Finished,19,
2023,MotoGP,MAL,Race,MAL,T. Nakagami,LCR Honda IDEMITSU,11.0,18.0,0.0,Finished,30,
2023,MotoGP,MAL,Race,MAL,B. Binder,Red Bull KTM Factory Racing,7.0,,0.0,DNF,33,
2023,MotoGP,MAL,Race,MAL,A. Espargaro,Aprilia Racing,3.0,,0.0,DNF,41,
2023,MotoGP,MAL,Race,MAL,R. Fernandez,CryptoDATA RNF MotoGP Team,8.0,,0.0,DNF,25,
2023,MotoGP,MAL,Race,MAL,M. Oliveira,CryptoDATA RNF MotoGP Team,9.0,,0.0,DNF,88,
2023,MotoGP,MAL,Race,MAL,J. Mir,Repsol Honda Team,6.0,,0.0,DNF,36,
2023,MotoGP,MAL,Race,MAL,A. Marquez,Gresini Racing MotoGP,4.0,1.0,12.0,Finished,73,
2023,MotoGP,MAL,Race,MAL,J. Martin,Prima Pramac Racing,2.0,2.0,9.0,Finished,89,
2023,MotoGP,MAL,Race,MAL,F. Bagnaia,Ducati Lenovo Team,1.0,3.0,7.0,Finished,1,
2023,MotoGP,MAL,Race,MAL,E. Bastianini,Ducati Lenovo Team,2.0,4.0,6.0,Finished,23,
2023,MotoGP,MAL,Race,MAL,B. Binder,Red Bull KTM Factory Racing,7.0,5.0,5.0,Finished,33,
2023,MotoGP,MAL,Race,MAL,J. Miller,Red Bull KTM Factory Racing,10.0,6.0,4.0,Finished,43,
2023,MotoGP,MAL,Race,MAL,M. Bezzecchi,Mooney VR46 Racing Team,6.0,7.0,3.0,Finished,72,
2023,MotoGP,MAL,Race,MAL,J. Zarco,Prima Pramac Racing,12.0,8.0,2.0,Finished,5,
2023,MotoGP,MAL,Race,MAL,L. Marini,Mooney VR46 Racing Team,5.0,9.0,1.0,Finished,10,
2023,MotoGP,MAL,Race,MAL,M. Viñales,Aprilia Racing,9.0,10.0,0.0,Finished,12,
2023,MotoGP,MAL,Race,MAL,F. Morbidelli,Monster Energy Yamaha MotoGP,5.0,11.0,0.0,Finished,21,
2023,MotoGP,MAL,Race,MAL,A. Espargaro,Aprilia Racing,3.0,12.0,0.0,Finished,41,
2023,MotoGP,MAL,Race,MAL,F. Di Giannantonio,Gresini Racing MotoGP,1.0,13.0,0.0,Finished,49,
2023,MotoGP,MAL,Race,MAL,A. Fernandez,GASGAS Factory Racing Tech3,4.0,14.0,0.0,Finished,37,
2023,MotoGP,MAL,Race,MAL,P. Espargaro,GASGAS Factory Racing Tech3,7.0,15.0,0.0,Finished,44,
2023,MotoGP,MAL,Race,MAL,F. Quartararo,Monster Energy Yamaha MotoGP,8.0,16.0,0.0,Finished,20,
2023,MotoGP,MAL,Race,MAL,R. Fernandez,CryptoDATA RNF MotoGP Team,8.0,17.0,0.0,Finished,25,
2023,MotoGP,MAL,Race,MAL,M. Oliveira,CryptoDATA RNF MotoGP Team,9.0,18.0,0.0,Finished,88,
2023,MotoGP,MAL,Race,MAL,T. Nakagami,LCR Honda IDEMITSU,11.0,19.0,0.0,Finished,30,
2023,MotoGP,MAL,Race,MAL,I. Lecuona,LCR Honda CASTROL,13.0,20.0,0.0,Finished,27,
2023,MotoGP,MAL,Race,MAL,M. Marquez,Repsol Honda Team,10.0,21.0,0.0,Finished,93,
2023,MotoGP,MAL,Race,MAL,A. Bautista,Aruba.it Racing,12.0,22.0,0.0,Finished,19,
2023,MotoGP,MAL,Race,MAL,J. Mir,Repsol Honda Team,6.0,23.0,0.0,Finished,36,
2023,MotoGP,QAT,Race,QAT,F. Di Giannantonio,Gresini Racing MotoGP,2.0,1.0,25.0,Finished,49,
2023,MotoGP,QAT,Race,QAT,F. Bagnaia,Ducati Lenovo Team,4.0,2.0,20.0,Finished,1,
2023,MotoGP,QAT,Race,QAT,L. Marini,Mooney VR46 Racing Team,1.0,3.0,16.0,Finished,10,
2023,MotoGP,QAT,Race,QAT,M. Viñales,Aprilia Racing,8.0,4.0,13.0,Finished,12,
2023,MotoGP,QAT,Race,QAT,B. Binder,Red Bull KTM Factory Racing,11.0,5.0,11.0,Finished,33,
2023,MotoGP,QAT,Race,QAT,A. Marquez,Gresini Racing MotoGP,2.0,6.0,10.0,Finished,73,
2023,MotoGP,QAT,Race,QAT,F. Quartararo,Monster Energy Yamaha MotoGP,4.0,7.0,9.0,Finished,20,
2023,MotoGP,QAT,Race,QAT,E. Bastianini,Ducati Lenovo Team,5.0,8.0,8.0,Finished,23,
2023,MotoGP,QAT,Race,QAT,J. Miller,Red Bull KTM Factory Racing,6.0,9.0,7.0,Finished,43,
2023,MotoGP,QAT,Race,QAT,J. Martin,Prima Pramac Racing,5.0,10.0,6.0,Finished,89,
2023,MotoGP,QAT,Race,QAT,M. Marquez,Repsol Honda Team,7.0,11.0,5.0,Finished,93,
2023,MotoGP,QAT,Race,QAT,J. Zarco,Prima Pramac Racing,1.0,12.0,4.0,Finished,5,
2023,MotoGP,QAT,Race,QAT,M. Bezzecchi,Mooney VR46 Racing Team,3.0,13.0,3.0,Finished,72,
2023,MotoGP,QAT,Race,QAT,J. Mir,Repsol Honda Team,10.0,14.0,2.0,Finished,36,
2023,MotoGP,QAT,Race,QAT,A. Fernandez,GASGAS Factory Racing Tech3,12.0,15.0,1.0,Finished,37,
2023,MotoGP,QAT,Race,QAT,F. Morbidelli,Monster Energy Yamaha MotoGP,8.0,16.0,0.0,Finished,21,
2023,MotoGP,QAT,Race,QAT,R. Fernandez,CryptoDATA RNF MotoGP Team,9.0,17.0,0.0,Finished,25,
2023,MotoGP,QAT,Race,QAT,P. Espargaro,GASGAS Factory Racing Tech3,9.0,18.0,0.0,Finished,44,
2023,MotoGP,QAT,Race,QAT,T. Nakagami,LCR Honda IDEMITSU,12.0,19.0,0.0,Finished,30,
2023,MotoGP,QAT,Race,QAT,A. Espargaro,Aprilia Racing,10.0,,0.0,DNF,41,
2023,MotoGP,QAT,Race,QAT,I. Lecuona,LCR Honda CASTROL,11.0,,0.0,DNF,27,
2023,MotoGP,QAT,Race,QAT,J. Martin,Prima Pramac Racing,5.0,1.0,12.0,Finished,89,
2023,MotoGP,QAT,Race,QAT,F. Di Giannantonio,Gresini Racing MotoGP,2.0,2.0,9.0,Finished,49,
2023,MotoGP,QAT,Race,QAT,L. Marini,Mooney VR46 Racing Team,1.0,3.0,7.0,Finished,10,
2023,MotoGP,QAT,Race,QAT,A. Marquez,Gresini Racing MotoGP,2.0,4.0,6.0,Finished,73,
2023,MotoGP,QAT,Race,QAT,F. Bagnaia,Ducati Lenovo Team,4.0,5.0,5.0,Finished,1,
2023,MotoGP,QAT,Race,QAT,M. Viñales,Aprilia Racing,8.0,6.0,4.0,Finished,12,
2023,MotoGP,QAT,Race,QAT,B. Binder,Red Bull KTM Factory Racing,11.0,7.0,3.0,Finished,33,
2023,MotoGP,QAT,Race,QAT,F. Quartararo,Monster Energy Yamaha MotoGP,4.0,8.0,2.0,Finished,20,
2023,MotoGP,QAT,Race,QAT,A. Fernandez,GASGAS Factory Racing Tech3,12.0,9.0,1.0,Finished,37,
2023,MotoGP,QAT,Race,QAT,J. Zarco,Prima Pramac Racing,1.0,10.0,0.0,Finished,5,
2023,MotoGP,QAT,Race,QAT,M. Marquez,Repsol Honda Team,7.0,11.0,0.0,Finished,93,
2023,MotoGP,QAT,Race,QAT,J. Miller,Red Bull KTM Factory Racing,6.0,12.0,0.0,Finished,43,
2023,MotoGP,QAT,Race,QAT,M. Bezzecchi,Mooney VR46 Racing Team,3.0,13.0,0.0,Finished,72,
2023,MotoGP,QAT,Race,QAT,R. Fernandez,CryptoDATA RNF MotoGP Team,9.0,14.0,0.0,Finished,25,
2023,MotoGP,QAT,Race,QAT,F. Morbidelli,Monster Energy Yamaha MotoGP,8.0,15.0,0.0,Finished,21,
2023,MotoGP,QAT,Race,QAT,P. Espargaro,GASGAS Factory Racing Tech3,9.0,16.0,0.0,Finished,44,
2023,MotoGP,QAT,Race,QAT,I. Lecuona,LCR Honda CASTROL,11.0,17.0,0.0,Finished,27,
2023,MotoGP,QAT,Race,QAT,T. Nakagami,LCR Honda IDEMITSU,12.0,18.0,0.0,Finished,30,
2023,MotoGP,QAT,Race,QAT,J. Mir,Repsol Honda Team,10.0,19.0,0.0,Finished,36,
2023,MotoGP,QAT,Race,QAT,E. Bastianini,Ducati Lenovo Team,5.0,20.0,0.0,Finished,23,
2023,MotoGP,QAT,Race,QAT,A. Espargaro,Aprilia Racing,10.0,,0.0,DNF,41,
2023,MotoGP,QAT,Race,QAT,M. Oliveira,CryptoDATA RNF MotoGP Team,7.0,,0.0,DNF,88,
2023,MotoGP,VAL,Race,VAL,F. Bagnaia,Ducati Lenovo Team,1.0,1.0,25.0,Finished,1,
2023,MotoGP,VAL,Race,VAL,J. Zarco,Prima Pramac Racing,3.0,2.0,20.0,Finished,5,
2023,MotoGP,VAL,Race,VAL,B. Binder,Red Bull KTM Factory Racing,5.0,3.0,16.0,Finished,33,
2023,MotoGP,VAL,Race,VAL,F. Di Giannantonio,Gresini Racing MotoGP,11.0,4.0,13.0,Finished,49,
2023,MotoGP,VAL,Race,VAL,R. Fernandez,CryptoDATA RNF MotoGP Team,10.0,5.0,11.0,Finished,25,
2023,MotoGP,VAL,Race,VAL,A. Marquez,Gresini Racing MotoGP,2.0,6.0,10.0,Finished,73,
2023,MotoGP,VAL,Race,VAL,F. Morbidelli,Monster Energy Yamaha MotoGP,9.0,7.0,9.0,Finished,21,
2023,MotoGP,VAL,Race,VAL,A. Espargaro,Aprilia Racing,12.0,8.0,8.0,Finished,41,
2023,MotoGP,VAL,Race,VAL,L. Marini,Mooney VR46 Racing Team,7.0,9.0,7.0,Finished,10,
2023,MotoGP,VAL,Race,VAL,M. Viñales,Aprilia Racing,1.0,10.0,6.0,Finished,12,
2023,MotoGP,VAL,Race,VAL,F. Quartararo,Monster Energy Yamaha MotoGP,5.0,11.0,5.0,Finished,20,
2023,MotoGP,VAL,Race,VAL,T. Nakagami,LCR Honda IDEMITSU,6.0,12.0,4.0,Finished,30,
2023,MotoGP,VAL,Race,VAL,L. Savadori,CryptoDATA RNF MotoGP Team,11.0,13.0,3.0,Finished,32,
2023,MotoGP,VAL,Race,VAL,P. Espargaro,GASGAS Factory Racing Tech3,8.0,14.0,2.0,Finished,44,
2023,MotoGP,VAL,Race,VAL,A. Rins,LCR Honda CASTROL,10.0,,0.0,DNF,42,
2023,MotoGP,VAL,Race,VAL,J. Miller,Red Bull KTM Factory Racing,4.0,,0.0,DNF,43,
2023,MotoGP,VAL,Race,VAL,A. Fernandez,GASGAS Factory Racing Tech3,3.0,,0.0,DNF,37,
2023,MotoGP,VAL,Race,VAL,E. Bastianini,Ducati Lenovo Team,4.0,,0.0,DNF,23,
2023,MotoGP,VAL,Race,VAL,J. Martin,Prima Pramac Racing,6.0,,0.0,DNF,89,
2023,MotoGP,VAL,Race,VAL,M. Marquez,Repsol Honda Team,9.0,,0.0,DNF,93,
2023,MotoGP,VAL,Race,VAL,M. Bezzecchi,Mooney VR46 Racing Team,7.0,,0.0,DNF,72,
2023,MotoGP,VAL,Race,VAL,J. Martin,Prima Pramac Racing,6.0,1.0,12.0,Finished,89,
2023,MotoGP,VAL,Race,VAL,B. Binder,Red Bull KTM Factory Racing,5.0,2.0,9.0,Finished,33,
2023,MotoGP,VAL,Race,VAL,M. Marquez,Repsol Honda Team,9.0,3.0,7.0,Finished,93,
2023,MotoGP,VAL,Race,VAL,M. Viñales,Aprilia Racing,1.0,4.0,6.0,Finished,12,
2023,MotoGP,VAL,Race,VAL,F. Bagnaia,Ducati Lenovo Team,1.0,5.0,5.0,Finished,1,
2023,MotoGP,VAL,Race,VAL,F. Di Giannantonio,Gresini Racing MotoGP,11.0,6.0,4.0,Finished,49,
2023,MotoGP,VAL,Race,VAL,M. Bezzecchi,Mooney VR46 Racing Team,7.0,7.0,3.0,Finished,72,
2023,MotoGP,VAL,Race,VAL,A. Marquez,Gresini Racing MotoGP,2.0,8.0,2.0,Finished,73,
2023,MotoGP,VAL,Race,VAL,J. Zarco,Prima Pramac Racing,3.0,9.0,1.0,Finished,5,
2023,MotoGP,VAL,Race,VAL,A. Fernandez,GASGAS Factory Racing Tech3,3.0,10.0,0.0,Finished,37,
2023,MotoGP,VAL,Race,VAL,R. Fernandez,CryptoDATA RNF MotoGP Team,10.0,11.0,0.0,Finished,25,
2023,MotoGP,VAL,Race,VAL,J. Miller,Red Bull KTM Factory Racing,4.0,12.0,0.0,Finished,43,
2023,MotoGP,VAL,Race,VAL,A. Espargaro,Aprilia Racing,12.0,13.0,0.0,Finished,41,
2023,MotoGP,VAL,Race,VAL,P. Espargaro,GASGAS Factory Racing Tech3,8.0,14.0,0.0,Finished,44,
2023,MotoGP,VAL,Race,VAL,E. Bastianini,Ducati Lenovo Team,4.0,15.0,0.0,Finished,23,
2023,MotoGP,VAL,Race,VAL,T. Nakagami,LCR Honda IDEMITSU,6.0,16.0,0.0,Finished,30,
2023,MotoGP,VAL,Race,VAL,L. Marini,Mooney VR46 Racing Team,7.0,17.0,0.0,Finished,10,
2023,MotoGP,VAL,Race,VAL,F. Morbidelli,Monster Energy Yamaha MotoGP,9.0,18.0,0.0,Finished,21,
2023,MotoGP,VAL,Race,VAL,A. Rins,LCR Honda CASTROL,10.0,19.0,0.0,Finished,42,
2023,MotoGP,VAL,Race,VAL,L. Savadori,CryptoDATA RNF MotoGP Team,11.0,20.0,0.0,Finished,32,
2023,MotoGP,VAL,Race,VAL,F. Quartararo,Monster Energy Yamaha MotoGP,5.0,,0.0,DNF,20,
2024,MotoGP,QAT,Race,QAT,F. Bagnaia,Ducati Lenovo Team,5.0,1.0,25.0,Finished,1,
2024,MotoGP,QAT,Race,QAT,B. Binder,Red Bull KTM Factory Racing,4.0,2.0,20.0,Finished,33,
2024,MotoGP,QAT,Race,QAT,J. Martin,Prima Pramac Racing,1.0,3.0,16.0,Finished,89,
2024,MotoGP,QAT,Race,QAT,M. Marquez,Gresini Racing MotoGP,6.0,4.0,13.0,Finished,93,
2024,MotoGP,QAT,Race,QAT,E. Bastianini,Ducati Lenovo Team,3.0,5.0,11.0,Finished,23,
2024,MotoGP,QAT,Race,QAT,A. Marquez,Gresini Racing MotoGP,9.0,6.0,10.0,Finished,73,
2024,MotoGP,QAT,Race,QAT,F. Di Giannantonio,Pertamina Enduro VR46 Racing Team,7.0,7.0,9.0,Finished,49,
2024,MotoGP,QAT,Race,QAT,A. Espargaro,Aprilia Racing,2.0,8.0,8.0,Finished,41,
2024,MotoGP,QAT,Race,QAT,P. Acosta,Red Bull GASGAS Tech3,8.0,9.0,7.0,Finished,31,
2024,MotoGP,QAT,Race,QAT,M. Viñales,Aprilia Racing,10.0,10.0,6.0,Finished,12,
2024,MotoGP,QAT,Race,QAT,F. Quartararo,Monster Energy Yamaha MotoGP Team,,11.0,5.0,Finished,20,
2024,MotoGP,QAT,Race,QAT,J. Zarco,CASTROL Honda LCR,,12.0,4.0,Finished,5,
2024,MotoGP,QAT,Race,QAT,J. Mir,Repsol Honda Team,,13.0,3.0,Finished,36,
2024,MotoGP,QAT,Race,QAT,M. Bezzecchi,Pertamina Enduro VR46 Racing Team,,14.0,2.0,Finished,72,
2024,MotoGP,QAT,Race,QAT,M. Oliveira,Trackhouse Racing,,15.0,1.0,Finished,88,
2024,MotoGP,QAT,Race,QAT,A. Rins,Monster Energy Yamaha MotoGP Team,,16.0,0.0,Finished,42,
2024,MotoGP,QAT,Race,QAT,A. Fernandez,Red Bull GASGAS Tech3,,17.0,0.0,Finished,37,
2024,MotoGP,QAT,Race,QAT,F. Morbidelli,Prima Pramac Racing,,18.0,0.0,Finished,21,
2024,MotoGP,QAT,Race,QAT,T. Nakagami,IDEMITSU Honda LCR,,19.0,0.0,Finished,30,
2024,MotoGP,QAT,Race,QAT,L. Marini,Repsol Honda Team,,20.0,0.0,Finished,10,
2024,MotoGP,QAT,Race,QAT,J. Miller,Red Bull KTM Factory Racing,11.0,21.0,0.0,Finished,43,
2024,MotoGP,QAT,Race,QAT,R. Fernandez,Trackhouse Racing,12.0,,0.0,DNF,25,
2024,MotoGP,QAT,Race,QAT,J. Martin,Prima Pramac Racing,1.0,1.0,12.0,Finished,89,
2024,MotoGP,QAT,Race,QAT,B. Binder,Red Bull KTM Factory Racing,4.0,2.0,9.0,Finished,33,
2024,MotoGP,QAT,Race,QAT,A. Espargaro,Aprilia Racing,2.0,3.0,7.0,Finished,41,
2024,MotoGP,QAT,Race,QAT,F. Bagnaia,Ducati Lenovo Team,5.0,4.0,6.0,Finished,1,
2024,MotoGP,QAT,Race,QAT,M. Marquez,Gresini Racing MotoGP,6.0,5.0,5.0,Finished,93,
2024,MotoGP,QAT,Race,QAT,E. Bastianini,Ducati Lenovo Team,3.0,6.0,4.0,Finished,23,
2024,MotoGP,QAT,Race,QAT,A. Marquez,Gresini Racing MotoGP,9.0,7.0,3.0,Finished,73,
2024,MotoGP,QAT,Race,QAT,P. Acosta,Red Bull GASGAS Tech3,8.0,8.0,2.0,Finished,31,
2024,MotoGP,QAT,Race,QAT,M. Viñales,Aprilia Racing,10.0,9.0,1.0,Finished,12,
2024,MotoGP,QAT,Race,QAT,J. Miller,Red Bull KTM Factory Racing,11.0,10.0,0.0,Finished,43,
2024,MotoGP,QAT,Race,QAT,M. Bezzecchi,Pertamina Enduro VR46 MotoGP Team,,11.0,0.0,Finished,72,
2024,MotoGP,QAT,Race,QAT,F. Quartararo,Monster Energy Yamaha MotoGP Team,,12.0,0.0,Finished,20,
2024,MotoGP,QAT,Race,QAT,M. Oliveira,Trackhouse Racing,,13.0,0.0,Finished,88,
2024,MotoGP,QAT,Race,QAT,R. Fernandez,Trackhouse Racing,12.0,14.0,0.0,Finished,25,
2024,MotoGP,QAT,Race,QAT,J. Mir,Repsol Honda Team,,15.0,0.0,Finished,36,
2024,MotoGP,QAT,Race,QAT,J. Zarco,CASTROL Honda LCR,,16.0,0.0,Finished,5,
2024,MotoGP,QAT,Race,QAT,A. Rins,Monster Energy Yamaha MotoGP Team,,17.0,0.0,Finished,42,
2024,MotoGP,QAT,Race,QAT,A. Fernandez,Red Bull GASGAS Tech3,,18.0,0.0,Finished,37,
2024,MotoGP,QAT,Race,QAT,T. Nakagami,IDEMITSU Honda LCR,,19.0,0.0,Finished,30,
2024,MotoGP,QAT,Race,QAT,F. Morbidelli,Prima Pramac Racing,,20.0,0.0,Finished,21,
2024,MotoGP,QAT,Race,QAT,L. Marini,Repsol Honda Team,,21.0,0.0,Finished,10,
2024,MotoGP,QAT,Race,QAT,F. Di Giannantonio,Pertamina Enduro VR46 MotoGP Team,7.0,,0.0,DNF,49,
2024,MotoGP,POR,Race,POR,J. Martin,Prima Pramac Racing,3.0,1.0,25.0,Finished,89,
2024,MotoGP,POR,Race,POR,E. Bastianini,Ducati Lenovo Team,1.0,2.0,20.0,Finished,23,
2024,MotoGP,POR,Race,POR,P. Acosta,Red Bull GASGAS Tech3,2.0,3.0,16.0,Finished,31,
2024,MotoGP,POR,Race,POR,B. Binder,Red Bull KTM Factory Racing,10.0,4.0,13.0,Finished,33,
2024,MotoGP,POR,Race,POR,J. Miller,Red Bull KTM Factory Racing,5.0,5.0,11.0,Finished,43,
2024,MotoGP,POR,Race,POR,M. Bezzecchi,Pertamina Enduro VR46 Racing Team,6.0,6.0,10.0,Finished,72,
2024,MotoGP,POR,Race,POR,F. Quartararo,Monster Energy Yamaha MotoGP Team,9.0,7.0,9.0,Finished,20,
2024,MotoGP,POR,Race,POR,A. Espargaro,Aprilia Racing,3.0,8.0,8.0,Finished,41,
2024,MotoGP,POR,Race,POR,M. Oliveira,Trackhouse Racing,5.0,9.0,7.0,Finished,88,
2024,MotoGP,POR,Race,POR,F. Di Giannantonio,Pertamina Enduro VR46 Racing Team,4.0,10.0,6.0,Finished,49,
2024,MotoGP,POR,Race,POR,A. Fernandez,Red Bull GASGAS Tech3,8.0,11.0,5.0,Finished,37,
2024,MotoGP,POR,Race,POR,J. Mir,Repsol Honda Team,10.0,12.0,4.0,Finished,36,
2024,MotoGP,POR,Race,POR,A. Rins,Monster Energy Yamaha MotoGP Team,11.0,13.0,3.0,Finished,42,
2024,MotoGP,POR,Race,POR,T. Nakagami,IDEMITSU Honda LCR,11.0,14.0,2.0,Finished,30,
2024,MotoGP,POR,Race,POR,J. Zarco,CASTROL Honda LCR,9.0,15.0,1.0,Finished,5,
2024,MotoGP,POR,Race,POR,M. Marquez,Gresini Racing MotoGP,8.0,16.0,0.0,Finished,93,
2024,MotoGP,POR,Race,POR,L. Marini,Repsol Honda Team,12.0,17.0,0.0,Finished,10,
2024,MotoGP,POR,Race,POR,F. Morbidelli,Prima Pramac Racing,7.0,18.0,0.0,Finished,21,
2024,MotoGP,POR,Race,POR,M. Viñales,Aprilia Racing,2.0,,0.0,DNF,12,
2024,MotoGP,POR,Race,POR,F. Bagnaia,Ducati Lenovo Team,4.0,,0.0,DNF,1,
2024,MotoGP,POR,Race,POR,A. Marquez,Gresini Racing MotoGP,1.0,,0.0,DNF,73,
2024,MotoGP,POR,Race,POR,R. Fernandez,Trackhouse Racing,6.0,,0.0,DNF,25,
2024,MotoGP,POR,Race,POR,M. Viñales,Aprilia Racing,2.0,1.0,12.0,Finished,12,
2024,MotoGP,POR,Race,POR,M. Marquez,Gresini Racing MotoGP,8.0,2.0,9.0,Finished,93,
2024,MotoGP,POR,Race,POR,J. Martin,Prima Pramac Racing,3.0,3.0,7.0,Finished,89,
2024,MotoGP,POR,Race,POR,F. Bagnaia,Ducati Lenovo Team,4.0,4.0,6.0,Finished,1,
2024,MotoGP,POR,Race,POR,J. Miller,Red Bull KTM Factory Racing,5.0,5.0,5.0,Finished,43,
2024,MotoGP,POR,Race,POR,E. Bastianini,Ducati Lenovo Team,1.0,6.0,4.0,Finished,23,
2024,MotoGP,POR,Race,POR,P. Acosta,Red Bull GASGAS Tech3,2.0,7.0,3.0,Finished,31,
2024,MotoGP,POR,Race,POR,A. Espargaro,Aprilia Racing,3.0,8.0,2.0,Finished,41,
2024,MotoGP,POR,Race,POR,F. Quartararo,Monster Energy Yamaha MotoGP Team,9.0,9.0,1.0,Finished,20,
2024,MotoGP,POR,Race,POR,R. Fernandez,Trackhouse Racing,6.0,10.0,0.0,Finished,25,
2024,MotoGP,POR,Race,POR,M. Bezzecchi,Pertamina Enduro VR46 Racing Team,6.0,11.0,0.0,Finished,72,
2024,MotoGP,POR,Race,POR,M. Oliveira,Trackhouse Racing,5.0,12.0,0.0,Finished,88,
2024,MotoGP,POR,Race,POR,A. Marquez,Gresini Racing MotoGP,1.0,13.0,0.0,Finished,73,
2024,MotoGP,POR,Race,POR,J. Mir,Repsol Honda Team,10.0,14.0,0.0,Finished,36,
2024,MotoGP,POR,Race,POR,A. Fernandez,Red Bull GASGAS Tech3,8.0,15.0,0.0,Finished,37,
2024,MotoGP,POR,Race,POR,F. Morbidelli,Prima Pramac Racing,7.0,16.0,0.0,Finished,21,
2024,MotoGP,POR,Race,POR,T. Nakagami,IDEMITSU Honda LCR,11.0,17.0,0.0,Finished,30,
2024,MotoGP,POR,Race,POR,L. Marini,Repsol Honda Team,12.0,18.0,0.0,Finished,10,
2024,MotoGP,POR,Race,POR,J. Zarco,CASTROL Honda LCR,9.0,,0.0,DNF,5,
2024,MotoGP,POR,Race,POR,F. Di Giannantonio,Pertamina Enduro VR46 Racing Team,4.0,,0.0,DNF,49,
2024,MotoGP,POR,Race,POR,B. Binder,Red Bull KTM Factory Racing,10.0,,0.0,DNF,33,
2024,MotoGP,POR,Race,POR,A. Rins,Monster Energy Yamaha MotoGP Team,11.0,,0.0,DNF,42,
2024,MotoGP,AME,Race,AME,M. Viñales,Aprilia Racing,1.0,1.0,25.0,Finished,12,
2024,MotoGP,AME,Race,AME,P. Acosta,Red Bull GASGAS Tech3,2.0,2.0,20.0,Finished,31,
2024,MotoGP,AME,Race,AME,E. Bastianini,Ducati Lenovo Team,5.0,3.0,16.0,Finished,23,
2024,MotoGP,AME,Race,AME,J. Martin,Prima Pramac Racing,6.0,4.0,13.0,Finished,89,
2024,MotoGP,AME,Race,AME,F. Bagnaia,Ducati Lenovo Team,4.0,5.0,11.0,Finished,1,
2024,MotoGP,AME,Race,AME,F. Di Giannantonio,Pertamina Enduro VR46 Racing Team,8.0,6.0,10.0,Finished,49,
2024,MotoGP,AME,Race,AME,A. Espargaro,Aprilia Racing,7.0,7.0,9.0,Finished,41,
2024,MotoGP,AME,Race,AME,M. Bezzecchi,Pertamina Enduro VR46 Racing Team,10.0,8.0,8.0,Finished,72,
2024,MotoGP,AME,Race,AME,B. Binder,Red Bull KTM Factory Racing,7.0,9.0,7.0,Finished,33,
2024,MotoGP,AME,Race,AME,R. Fernandez,Trackhouse Racing,3.0,10.0,6.0,Finished,25,
2024,MotoGP,AME,Race,AME,M. Oliveira,Trackhouse Racing,4.0,11.0,5.0,Finished,88,
2024,MotoGP,AME,Race,AME,F. Quartararo,Monster Energy Yamaha MotoGP Team,6.0,12.0,4.0,Finished,20,
2024,MotoGP,AME,Race,AME,J. Miller,Red Bull KTM Factory Racing,1.0,13.0,3.0,Finished,43,
2024,MotoGP,AME,Race,AME,A. Fernandez,Red Bull GASGAS Tech3,8.0,14.0,2.0,Finished,37,
2024,MotoGP,AME,Race,AME,A. Marquez,Gresini Racing MotoGP,2.0,15.0,1.0,Finished,73,
2024,MotoGP,AME,Race,AME,L. Marini,Repsol Honda Team,12.0,16.0,0.0,Finished,10,
2024,MotoGP,AME,Race,AME,A. Rins,Monster Energy Yamaha MotoGP Team,5.0,,0.0,DNF,42,
2024,MotoGP,AME,Race,AME,M. Marquez,Gresini Racing MotoGP,3.0,,0.0,DNF,93,
2024,MotoGP,AME,Race,AME,J. Mir,Repsol Honda Team,10.0,,0.0,DNF,36,
2024,MotoGP,AME,Race,AME,F. Morbidelli,Prima Pramac Racing,9.0,,0.0,DNF,21,
2024,MotoGP,AME,Race,AME,J. Zarco,CASTROL Honda LCR,9.0,,0.0,DNF,5,
2024,MotoGP,AME,Race,AME,T. Nakagami,IDEMITSU Honda LCR,11.0,,0.0,DNF,30,
2024,MotoGP,AME,Race,AME,M. Viñales,Aprilia Racing,1.0,1.0,12.0,Finished,12,
2024,MotoGP,AME,Race,AME,M. Marquez,Gresini Racing MotoGP,3.0,2.0,9.0,Finished,93,
2024,MotoGP,AME,Race,AME,J. Martin,Prima Pramac Racing,6.0,3.0,7.0,Finished,89,
2024,MotoGP,AME,Race,AME,P. Acosta,Red Bull GASGAS Tech3,2.0,4.0,6.0,Finished,31,
2024,MotoGP,AME,Race,AME,A. Espargaro,Aprilia Racing,7.0,5.0,5.0,Finished,41,
2024,MotoGP,AME,Race,AME,E. Bastianini,Ducati Lenovo Team,5.0,6.0,4.0,Finished,23,
2024,MotoGP,AME,Race,AME,J. Miller,Red Bull KTM Factory Racing,1.0,7.0,3.0,Finished,43,
2024,MotoGP,AME,Race,AME,F. Bagnaia,Ducati Lenovo Team,4.0,8.0,2.0,Finished,1,
2024,MotoGP,AME,Race,AME,R. Fernandez,Trackhouse Racing,3.0,9.0,1.0,Finished,25,
2024,MotoGP,AME,Race,AME,F. Morbidelli,Prima Pramac Racing,9.0,10.0,0.0,Finished,21,
2024,MotoGP,AME,Race,AME,M. Oliveira,Trackhouse Racing,4.0,11.0,0.0,Finished,88,
2024,MotoGP,AME,Race,AME,B. Binder,Red Bull KTM Factory Racing,7.0,12.0,0.0,Finished,33,
2024,MotoGP,AME,Race,AME,M. Bezzecchi,Pertamina Enduro VR46 Racing Team,10.0,13.0,0.0,Finished,72,
2024,MotoGP,AME,Race,AME,A. Marquez,Gresini Racing MotoGP,2.0,14.0,0.0,Finished,73,
2024,MotoGP,AME,Race,AME,F. Quartararo,Monster Energy Yamaha MotoGP Team,6.0,15.0,0.0,Finished,20,
2024,MotoGP,AME,Race,AME,A. Rins,Monster Energy Yamaha MotoGP Team,5.0,16.0,0.0,Finished,42,
2024,MotoGP,AME,Race,AME,L. Marini,Repsol Honda Team,12.0,17.0,0.0,Finished,10,
2024,MotoGP,AME,Race,AME,J. Zarco,CASTROL Honda LCR,9.0,,0.0,DNF,5,
2024,MotoGP,AME,Race,AME,J. Mir,Repsol Honda Team,10.0,,0.0,DNF,36,
2024,MotoGP,AME,Race,AME,T. Nakagami,IDEMITSU Honda LCR,11.0,,0.0,DNF,30,
2024,MotoGP,AME,Race,AME,F. Di Giannantonio,Pertamina Enduro VR46 Racing Team,8.0,,0.0,DNF,49,
2024,MotoGP,AME,Race,AME,A. Fernandez,Red Bull GASGAS Tech3,8.0,,0.0,DNF,37,
2024,MotoGP,SPA,Race,SPA,F. Bagnaia,Ducati Lenovo Team,7.0,1.0,25.0,Finished,1,
2024,MotoGP,SPA,Race,SPA,M. Marquez,Gresini Racing MotoGP,1.0,2.0,20.0,Finished,93,
2024,MotoGP,SPA,Race,SPA,M. Bezzecchi,Pertamina Enduro VR46 Racing Team,2.0,3.0,16.0,Finished,72,
2024,MotoGP,SPA,Race,SPA,A. Marquez,Gresini Racing MotoGP,6.0,4.0,13.0,Finished,73,
2024,MotoGP,SPA,Race,SPA,E. Bastianini,Ducati Lenovo Team,9.0,5.0,11.0,Finished,23,
2024,MotoGP,SPA,Race,SPA,B. Binder,Red Bull KTM Factory Racing,2.0,6.0,10.0,Finished,33,
2024,MotoGP,SPA,Race,SPA,F. Di Giannantonio,Pertamina Enduro VR46 Racing Team,5.0,7.0,9.0,Finished,49,
2024,MotoGP,SPA,Race,SPA,M. Oliveira,Trackhouse Racing,4.0,8.0,8.0,Finished,88,
2024,MotoGP,SPA,Race,SPA,M. Viñales,Aprilia Racing,11.0,9.0,7.0,Finished,12,
2024,MotoGP,SPA,Race,SPA,P. Acosta,Red Bull GASGAS Tech3,10.0,10.0,6.0,Finished,31,
2024,MotoGP,SPA,Race,SPA,R. Fernandez,Trackhouse Racing,7.0,11.0,5.0,Finished,25,
2024,MotoGP,SPA,Race,SPA,J. Mir,Repsol Honda Team,10.0,12.0,4.0,Finished,36,
2024,MotoGP,SPA,Race,SPA,A. Rins,Monster Energy Yamaha MotoGP Team,15.0,13.0,3.0,Finished,42,
2024,MotoGP,SPA,Race,SPA,T. Nakagami,IDEMITSU Honda LCR,14.0,14.0,2.0,Finished,30,
2024,MotoGP,SPA,Race,SPA,F. Quartararo,Monster Energy Yamaha MotoGP Team,13.0,15.0,1.0,Finished,20,
2024,MotoGP,SPA,Race,SPA,S. Bradl,HRC Test Team,9.0,16.0,0.0,Finished,6,
2024,MotoGP,SPA,Race,SPA,L. Marini,Repsol Honda Team,12.0,17.0,0.0,Finished,10,
2024,MotoGP,SPA,Race,SPA,A. Fernandez,Red Bull GASGAS Tech3,8.0,,0.0,DNF,37,
2024,MotoGP,SPA,Race,SPA,F. Morbidelli,Prima Pramac Racing,1.0,,0.0,DNF,21,
2024,MotoGP,SPA,Race,SPA,J. Miller,Red Bull KTM Factory Racing,5.0,,0.0,DNF,43,
2024,MotoGP,SPA,Race,SPA,L. Savadori,Aprilia Racing,11.0,,0.0,DNF,32,
2024,MotoGP,SPA,Race,SPA,J. Martin,Prima Pramac Racing,3.0,,0.0,DNF,89,
2024,MotoGP,SPA,Race,SPA,A. Espargaro,Aprilia Racing,12.0,,0.0,DNF,41,
2024,MotoGP,SPA,Race,SPA,J. Zarco,CASTROL Honda LCR,3.0,,0.0,DNF,5,
2024,MotoGP,SPA,Race,SPA,D. Pedrosa,Red Bull KTM Factory Racing,6.0,,0.0,DNF,26,
2024,MotoGP,SPA,Race,SPA,J. Martin,Prima Pramac Racing,3.0,1.0,12.0,Finished,89,
2024,MotoGP,SPA,Race,SPA,P. Acosta,Red Bull GASGAS Tech3,10.0,2.0,9.0,Finished,31,
2024,MotoGP,SPA,Race,SPA,D. Pedrosa,Red Bull KTM Factory Racing,6.0,3.0,7.0,Finished,26,
2024,MotoGP,SPA,Race,SPA,F. Morbidelli,Prima Pramac Racing,1.0,4.0,6.0,Finished,21,
2024,MotoGP,SPA,Race,SPA,F. Quartararo,Monster Energy Yamaha MotoGP Team,13.0,5.0,5.0,Finished,20,
2024,MotoGP,SPA,Race,SPA,M. Marquez,Gresini Racing MotoGP,1.0,6.0,4.0,Finished,93,
2024,MotoGP,SPA,Race,SPA,A. Fernandez,Red Bull GASGAS Tech3,8.0,7.0,3.0,Finished,37,
2024,MotoGP,SPA,Race,SPA,M. Oliveira,Trackhouse Racing,4.0,8.0,2.0,Finished,88,
2024,MotoGP,SPA,Race,SPA,J. Mir,Repsol Honda Team,10.0,9.0,1.0,Finished,36,
2024,MotoGP,SPA,Race,SPA,T. Nakagami,IDEMITSU Honda LCR,14.0,10.0,0.0,Finished,30,
2024,MotoGP,SPA,Race,SPA,J. Zarco,CASTROL Honda LCR,3.0,11.0,0.0,Finished,5,
2024,MotoGP,SPA,Race,SPA,R. Fernandez,Trackhouse Racing,7.0,12.0,0.0,Finished,25,
2024,MotoGP,SPA,Race,SPA,F. Di Giannantonio,Pertamina Enduro VR46 Racing Team,5.0,13.0,0.0,Finished,49,
2024,MotoGP,SPA,Race,SPA,J. Miller,Red Bull KTM Factory Racing,5.0,14.0,0.0,Finished,43,
2024,MotoGP,SPA,Race,SPA,A. Rins,Monster Energy Yamaha MotoGP Team,15.0,15.0,0.0,Finished,42,
2024,MotoGP,SPA,Race,SPA,L. Savadori,Aprilia Racing,11.0,16.0,0.0,Finished,32,
2024,MotoGP,SPA,Race,SPA,S. Bradl,HRC Test Team,9.0,,0.0,DNF,6,
2024,MotoGP,SPA,Race,SPA,L. Marini,Repsol Honda Team,12.0,,0.0,DNF,10,
2024,MotoGP,SPA,Race,SPA,M. Viñales,Aprilia Racing,11.0,,0.0,DNF,12,
2024,MotoGP,SPA,Race,SPA,M. Bezzecchi,Pertamina Enduro VR46 Racing Team,2.0,,0.0,DNF,72,
2024,MotoGP,SPA,Race,SPA,E. Bastianini,Ducati Lenovo Team,9.0,,0.0,DNF,23,
2024,MotoGP,SPA,Race,SPA,B. Binder,Red Bull KTM Factory Racing,2.0,,0.0,DNF,33,
2024,MotoGP,SPA,Race,SPA,A. Marquez,Gresini Racing MotoGP,6.0,,0.0,DNF,73,
2024,MotoGP,SPA,Race,SPA,F. Bagnaia,Ducati Lenovo Team,7.0,,0.0,DNF,1,
2024,MotoGP,SPA,Race,SPA,A. Espargaro,Aprilia Racing,12.0,,0.0,DNF,41,
2024,MotoGP,FRA,Race,FRA,J. Martin,Prima Pramac Racing,1.0,1.0,25.0,Finished,89,
2024,MotoGP,FRA,Race,FRA,M. Marquez,Gresini Racing MotoGP,3.0,2.0,20.0,Finished,93,
2024,MotoGP,FRA,Race,FRA,F. Bagnaia,Ducati Lenovo Team,2.0,3.0,16.0,Finished,1,
2024,MotoGP,FRA,Race,FRA,E. Bastianini,Ducati Lenovo Team,1.0,4.0,13.0,Finished,23,
2024,MotoGP,FRA,Race,FRA,M. Viñales,Aprilia Racing,3.0,5.0,11.0,Finished,12,
2024,MotoGP,FRA,Race,FRA,F. Di Giannantonio,Pertamina Enduro VR46 Racing Team,4.0,6.0,10.0,Finished,49,
2024,MotoGP,FRA,Race,FRA,F. Morbidelli,Prima Pramac Racing,9.0,7.0,9.0,Finished,21,
2024,MotoGP,FRA,Race,FRA,B. Binder,Red Bull KTM Factory Racing,12.0,8.0,8.0,Finished,33,
2024,MotoGP,FRA,Race,FRA,A. Espargaro,Aprilia Racing,6.0,9.0,7.0,Finished,41,
2024,MotoGP,FRA,Race,FRA,A. Marquez,Gresini Racing MotoGP,7.0,10.0,6.0,Finished,73,
2024,MotoGP,FRA,Race,FRA,R. Fernandez,Trackhouse Racing,4.0,11.0,5.0,Finished,25,
2024,MotoGP,FRA,Race,FRA,J. Zarco,CASTROL Honda LCR,5.0,12.0,4.0,Finished,5,
2024,MotoGP,FRA,Race,FRA,A. Fernandez,Red Bull GASGAS Tech3,10.0,13.0,3.0,Finished,37,
2024,MotoGP,FRA,Race,FRA,T. Nakagami,IDEMITSU Honda LCR,9.0,14.0,2.0,Finished,30,
2024,MotoGP,FRA,Race,FRA,A. Rins,Monster Energy Yamaha MotoGP Team,6.0,15.0,1.0,Finished,42,
2024,MotoGP,FRA,Race,FRA,L. Marini,Repsol Honda Team,11.0,16.0,0.0,Finished,10,
2024,MotoGP,FRA,Race,FRA,M. Oliveira,Trackhouse Racing,2.0,,0.0,DNF,88,
2024,MotoGP,FRA,Race,FRA,J. Miller,Red Bull KTM Factory Racing,11.0,,0.0,DNF,43,
2024,MotoGP,FRA,Race,FRA,F. Quartararo,Monster Energy Yamaha MotoGP Team,8.0,,0.0,DNF,20,
2024,MotoGP,FRA,Race,FRA,J. Mir,Repsol Honda Team,8.0,,0.0,DNF,36,
2024,MotoGP,FRA,Race,FRA,M. Bezzecchi,Pertamina Enduro VR46 Racing Team,5.0,,0.0,DNF,72,
2024,MotoGP,FRA,Race,FRA,P. Acosta,Red Bull GASGAS Tech3,7.0,,0.0,DNF,31,
2024,MotoGP,FRA,Race,FRA,J. Martin,Prima Pramac Racing,1.0,1.0,12.0,Finished,89,
2024,MotoGP,FRA,Race,FRA,M. Marquez,Gresini Racing MotoGP,3.0,2.0,9.0,Finished,93,
2024,MotoGP,FRA,Race,FRA,M. Viñales,Aprilia Racing,3.0,3.0,7.0,Finished,12,
2024,MotoGP,FRA,Race,FRA,E. Bastianini,Ducati Lenovo Team,1.0,4.0,6.0,Finished,23,
2024,MotoGP,FRA,Race,FRA,A. Espargaro,Aprilia Racing,6.0,5.0,5.0,Finished,41,
2024,MotoGP,FRA,Race,FRA,P. Acosta,Red Bull GASGAS Tech3,7.0,6.0,4.0,Finished,31,
2024,MotoGP,FRA,Race,FRA,F. Di Giannantonio,Pertamina Enduro VR46 Racing Team,4.0,7.0,3.0,Finished,49,
2024,MotoGP,FRA,Race,FRA,J. Miller,Red Bull KTM Factory Racing,11.0,8.0,2.0,Finished,43,
2024,MotoGP,FRA,Race,FRA,R. Fernandez,Trackhouse Racing,4.0,9.0,1.0,Finished,25,
2024,MotoGP,FRA,Race,FRA,F. Quartararo,Monster Energy Yamaha MotoGP Team,8.0,10.0,0.0,Finished,20,
2024,MotoGP,FRA,Race,FRA,M. Oliveira,Trackhouse Racing,2.0,11.0,0.0,Finished,88,
2024,MotoGP,FRA,Race,FRA,F. Morbidelli,Prima Pramac Racing,9.0,12.0,0.0,Finished,21,
2024,MotoGP,FRA,Race,FRA,J. Zarco,CASTROL Honda LCR,5.0,13.0,0.0,Finished,5,
2024,MotoGP,FRA,Race,FRA,A. Marquez,Gresini Racing MotoGP,7.0,14.0,0.0,Finished,73,
2024,MotoGP,FRA,Race,FRA,B. Binder,Red Bull KTM Factory Racing,12.0,15.0,0.0,Finished,33,
2024,MotoGP,FRA,Race,FRA,T. Nakagami,IDEMITSU Honda LCR,9.0,16.0,0.0,Finished,30,
2024,MotoGP,FRA,Race,FRA,A. Fernandez,Red Bull GASGAS Tech3,10.0,17.0,0.0,Finished,37,
2024,MotoGP,FRA,Race,FRA,L. Marini,Repsol Honda Team,11.0,18.0,0.0,Finished,10,
2024,MotoGP,FRA,Race,FRA,M. Bezzecchi,Pertamina Enduro VR46 Racing Team,5.0,,0.0,DNF,72,
2024,MotoGP,FRA,Race,FRA,A. Rins,Monster Energy Yamaha MotoGP Team,6.0,,0.0,DNF,42,
2024,MotoGP,FRA,Race,FRA,J. Mir,Repsol Honda Team,8.0,,0.0,DNF,36,
2024,MotoGP,FRA,Race,FRA,F. Bagnaia,Ducati Lenovo Team,2.0,,0.0,DNF,1,
2024,MotoGP,CAT,Race,CAT,F. Bagnaia,Ducati Lenovo Team,2.0,1.0,25.0,Finished,1,
2024,MotoGP,CAT,Race,CAT,J. Martin,Prima Pramac Racing,7.0,2.0,20.0,Finished,89,
2024,MotoGP,CAT,Race,CAT,M. Marquez,Gresini Racing MotoGP,4.0,3.0,16.0,Finished,93,
2024,MotoGP,CAT,Race,CAT,A. Espargaro,Aprilia Racing,1.0,4.0,13.0,Finished,41,
2024,MotoGP,CAT,Race,CAT,F. Di Giannantonio,Pertamina Enduro VR46 Racing Team,1.0,5.0,11.0,Finished,49,
2024,MotoGP,CAT,Race,CAT,R. Fernandez,Trackhouse Racing,2.0,6.0,10.0,Finished,25,
2024,MotoGP,CAT,Race,CAT,A. Marquez,Gresini Racing MotoGP,3.0,7.0,9.0,Finished,73,
2024,MotoGP,CAT,Race,CAT,B. Binder,Red Bull KTM Factory Racing,4.0,8.0,8.0,Finished,33,
2024,MotoGP,CAT,Race,CAT,F. Quartararo,Monster Energy Yamaha MotoGP Team,7.0,9.0,7.0,Finished,20,
2024,MotoGP,CAT,Race,CAT,M. Oliveira,Trackhouse Racing,5.0,10.0,6.0,Finished,88,
2024,MotoGP,CAT,Race,CAT,M. Bezzecchi,Pertamina Enduro VR46 Racing Team,6.0,11.0,5.0,Finished,72,
2024,MotoGP,CAT,Race,CAT,M. Viñales,Aprilia Racing,12.0,12.0,4.0,Finished,12,
2024,MotoGP,CAT,Race,CAT,P. Acosta,Red Bull GASGAS Tech3,5.0,13.0,3.0,Finished,31,
2024,MotoGP,CAT,Race,CAT,T. Nakagami,IDEMITSU Honda LCR,10.0,14.0,2.0,Finished,30,
2024,MotoGP,CAT,Race,CAT,J. Mir,Repsol Honda Team,11.0,15.0,1.0,Finished,36,
2024,MotoGP,CAT,Race,CAT,J. Zarco,CASTROL Honda LCR,8.0,16.0,0.0,Finished,5,
2024,MotoGP,CAT,Race,CAT,L. Marini,Repsol Honda Team,12.0,17.0,0.0,Finished,10,
2024,MotoGP,CAT,Race,CAT,E. Bastianini,Ducati Lenovo Team,11.0,18.0,0.0,Finished,23,
2024,MotoGP,CAT,Race,CAT,S. Bradl,HRC Test Team,13.0,19.0,0.0,Finished,6,
2024,MotoGP,CAT,Race,CAT,A. Rins,Monster Energy Yamaha MotoGP Team,8.0,20.0,0.0,Finished,42,
2024,MotoGP,CAT,Race,CAT,F. Morbidelli,Prima Pramac Racing,10.0,,0.0,DNF,21,
2024,MotoGP,CAT,Race,CAT,A. Fernandez,Red Bull GASGAS Tech3,9.0,,0.0,DNF,37,
2024,MotoGP,CAT,Race,CAT,J. Miller,Red Bull KTM Factory Racing,9.0,,0.0,DNF,43,
2024,MotoGP,CAT,Race,CAT,A. Espargaro,Aprilia Racing,1.0,1.0,12.0,Finished,41,
2024,MotoGP,CAT,Race,CAT,M. Marquez,Gresini Racing MotoGP,4.0,2.0,9.0,Finished,93,
2024,MotoGP,CAT,Race,CAT,P. Acosta,Red Bull GASGAS Tech3,5.0,3.0,7.0,Finished,31,
2024,MotoGP,CAT,Race,CAT,J. Martin,Prima Pramac Racing,7.0,4.0,6.0,Finished,89,
2024,MotoGP,CAT,Race,CAT,E. Bastianini,Ducati Lenovo Team,11.0,5.0,5.0,Finished,23,
2024,MotoGP,CAT,Race,CAT,F. Di Giannantonio,Pertamina Enduro VR46 Racing Team,1.0,6.0,4.0,Finished,49,
2024,MotoGP,CAT,Race,CAT,J. Miller,Red Bull KTM Factory Racing,9.0,7.0,3.0,Finished,43,
2024,MotoGP,CAT,Race,CAT,M. Viñales,Aprilia Racing,12.0,8.0,2.0,Finished,12,
2024,MotoGP,CAT,Race,CAT,M. Bezzecchi,Pertamina Enduro VR46 Racing Team,6.0,9.0,1.0,Finished,72,
2024,MotoGP,CAT,Race,CAT,F. Quartararo,Monster Energy Yamaha MotoGP Team,7.0,10.0,0.0,Finished,20,
2024,MotoGP,CAT,Race,CAT,F. Morbidelli,Prima Pramac Racing,10.0,11.0,0.0,Finished,21,
2024,MotoGP,CAT,Race,CAT,A. Rins,Monster Energy Yamaha MotoGP Team,8.0,12.0,0.0,Finished,42,
2024,MotoGP,CAT,Race,CAT,T. Nakagami,IDEMITSU Honda LCR,10.0,13.0,0.0,Finished,30,
2024,MotoGP,CAT,Race,CAT,A. Marquez,Gresini Racing MotoGP,3.0,14.0,0.0,Finished,73,
2024,MotoGP,CAT,Race,CAT,J. Mir,Repsol Honda Team,11.0,15.0,0.0,Finished,36,
2024,MotoGP,CAT,Race,CAT,L. Marini,Repsol Honda Team,12.0,16.0,0.0,Finished,10,
2024,MotoGP,CAT,Race,CAT,A. Fernandez,Red Bull GASGAS Tech3,9.0,17.0,0.0,Finished,37,
2024,MotoGP,CAT,Race,CAT,S. Bradl,HRC Test Team,13.0,18.0,0.0,Finished,6,
2024,MotoGP,CAT,Race,CAT,F. Bagnaia,Ducati Lenovo Team,2.0,,0.0,DNF,1,
2024,MotoGP,CAT,Race,CAT,M. Oliveira,Trackhouse Racing,5.0,,0.0,DNF,88,
2024,MotoGP,CAT,Race,CAT,J. Zarco,CASTROL Honda LCR,8.0,,0.0,DNF,5,
2024,MotoGP,CAT,Race,CAT,B. Binder,Red Bull KTM Factory Racing,4.0,,0.0,DNF,33,
2024,MotoGP,CAT,Race,CAT,R. Fernandez,Trackhouse Racing,2.0,,0.0,DNF,25,
2024,MotoGP,ITA,Race,ITA,F. Bagnaia,Ducati Lenovo Team,2.0,1.0,25.0,Finished,1,
2024,MotoGP,ITA,Race,ITA,E. Bastianini,Ducati Lenovo Team,5.0,2.0,20.0,Finished,23,
2024,MotoGP,ITA,Race,ITA,J. Martin,Prima Pramac Racing,1.0,3.0,16.0,Finished,89,
2024,MotoGP,ITA,Race,ITA,M. Marquez,Gresini Racing MotoGP,4.0,4.0,13.0,Finished,93,
2024,MotoGP,ITA,Race,ITA,P. Acosta,Red Bull GASGAS Tech3,7.0,5.0,11.0,Finished,31,
2024,MotoGP,ITA,Race,ITA,F. Morbidelli,Prima Pramac Racing,1.0,6.0,10.0,Finished,21,
2024,MotoGP,ITA,Race,ITA,F. Di Giannantonio,Pertamina Enduro VR46 Racing Team,4.0,7.0,9.0,Finished,49,
2024,MotoGP,ITA,Race,ITA,M. Viñales,Aprilia Racing,3.0,8.0,8.0,Finished,12,
2024,MotoGP,ITA,Race,ITA,A. Marquez,Gresini Racing MotoGP,8.0,9.0,7.0,Finished,73,
2024,MotoGP,ITA,Race,ITA,B. Binder,Red Bull KTM Factory Racing,3.0,10.0,6.0,Finished,33,
2024,MotoGP,ITA,Race,ITA,A. Espargaro,Aprilia Racing,9.0,11.0,5.0,Finished,41,
2024,MotoGP,ITA,Race,ITA,R. Fernandez,Trackhouse Racing,2.0,12.0,4.0,Finished,25,
2024,MotoGP,ITA,Race,ITA,M. Bezzecchi,Pertamina Enduro VR46 Racing Team,6.0,13.0,3.0,Finished,72,
2024,MotoGP,ITA,Race,ITA,M. Oliveira,Trackhouse Racing,11.0,14.0,2.0,Finished,88,
2024,MotoGP,ITA,Race,ITA,A. Rins,Monster Energy Yamaha MotoGP Team,10.0,15.0,1.0,Finished,42,
2024,MotoGP,ITA,Race,ITA,J. Miller,Red Bull KTM Factory Racing,9.0,16.0,0.0,Finished,43,
2024,MotoGP,ITA,Race,ITA,P. Espargaro,Red Bull KTM Factory Racing,11.0,17.0,0.0,Finished,44,
2024,MotoGP,ITA,Race,ITA,F. Quartararo,Monster Energy Yamaha MotoGP Team,5.0,18.0,0.0,Finished,20,
2024,MotoGP,ITA,Race,ITA,J. Zarco,CASTROL Honda LCR,8.0,19.0,0.0,Finished,5,
2024,MotoGP,ITA,Race,ITA,L. Marini,Repsol Honda Team,14.0,20.0,0.0,Finished,10,
2024,MotoGP,ITA,Race,ITA,L. Savadori,Aprilia Racing,12.0,21.0,0.0,Finished,32,
2024,MotoGP,ITA,Race,ITA,T. Nakagami,IDEMITSU Honda LCR,13.0,,0.0,DNF,30,
2024,MotoGP,ITA,Race,ITA,J. Mir,Repsol Honda Team,7.0,,0.0,DNF,36,
2024,MotoGP,ITA,Race,ITA,A. Fernandez,Red Bull GASGAS Tech3,10.0,,0.0,DNF,37,
2024,MotoGP,ITA,Race,ITA,F. Bagnaia,Ducati Lenovo Team,2.0,1.0,12.0,Finished,1,
2024,MotoGP,ITA,Race,ITA,M. Marquez,Gresini Racing MotoGP,4.0,2.0,9.0,Finished,93,
2024,MotoGP,ITA,Race,ITA,P. Acosta,Red Bull GASGAS Tech3,7.0,3.0,7.0,Finished,31,
2024,MotoGP,ITA,Race,ITA,F. Morbidelli,Prima Pramac Racing,1.0,4.0,6.0,Finished,21,
2024,MotoGP,ITA,Race,ITA,M. Viñales,Aprilia Racing,3.0,5.0,5.0,Finished,12,
2024,MotoGP,ITA,Race,ITA,B. Binder,Red Bull KTM Factory Racing,3.0,6.0,4.0,Finished,33,
2024,MotoGP,ITA,Race,ITA,F. Di Giannantonio,Pertamina Enduro VR46 Racing Team,4.0,7.0,3.0,Finished,49,
2024,MotoGP,ITA,Race,ITA,A. Marquez,Gresini Racing MotoGP,8.0,8.0,2.0,Finished,73,
2024,MotoGP,ITA,Race,ITA,A. Espargaro,Aprilia Racing,9.0,9.0,1.0,Finished,41,
2024,MotoGP,ITA,Race,ITA,R. Fernandez,Trackhouse Racing,2.0,10.0,0.0,Finished,25,
2024,MotoGP,ITA,Race,ITA,M. Bezzecchi,Pertamina Enduro VR46 Racing Team,6.0,11.0,0.0,Finished,72,
2024,MotoGP,ITA,Race,ITA,J. Miller,Red Bull KTM Factory Racing,9.0,12.0,0.0,Finished,43,
2024,MotoGP,ITA,Race,ITA,A. Rins,Monster Energy Yamaha MotoGP Team,10.0,13.0,0.0,Finished,42,
2024,MotoGP,ITA,Race,ITA,P. Espargaro,Red Bull KTM Factory Racing,11.0,14.0,0.0,Finished,44,
2024,MotoGP,ITA,Race,ITA,J. Zarco,CASTROL Honda LCR,8.0,15.0,0.0,Finished,5,
2024,MotoGP,ITA,Race,ITA,T. Nakagami,IDEMITSU Honda LCR,13.0,16.0,0.0,Finished,30,
2024,MotoGP,ITA,Race,ITA,A. Fernandez,Red Bull GASGAS Tech3,10.0,17.0,0.0,Finished,37,
2024,MotoGP,ITA,Race,ITA,L. Savadori,Aprilia Racing,12.0,18.0,0.0,Finished,32,
2024,MotoGP,ITA,Race,ITA,L. Marini,Repsol Honda Team,14.0,19.0,0.0,Finished,10,
2024,MotoGP,ITA,Race,ITA,J. Martin,Prima Pramac Racing,1.0,,0.0,DNF,89,
2024,MotoGP,ITA,Race,ITA,J. Mir,Repsol Honda Team,7.0,,0.0,DNF,36,
2024,MotoGP,ITA,Race,ITA,E. Bastianini,Ducati Lenovo Team,5.0,,0.0,DNF,23,
2024,MotoGP,ITA,Race,ITA,M. Oliveira,Trackhouse Racing,11.0,,0.0,DNF,88,
2024,MotoGP,ITA,Race,ITA,F. Quartararo,Monster Energy Yamaha MotoGP Team,5.0,,0.0,DNF,20,
2024,MotoGP,NED,Race,NED,F. Bagnaia,Ducati Lenovo Team,1.0,1.0,25.0,Finished,1,
2024,MotoGP,NED,Race,NED,J. Martin,Prima Pramac Racing,2.0,2.0,20.0,Finished,89,
2024,MotoGP,NED,Race,NED,E. Bastianini,Ducati Lenovo Team,11.0,3.0,16.0,Finished,23,
2024,MotoGP,NED,Race,NED,F. Di Giannantonio,Pertamina Enduro VR46 Racing Team,2.0,4.0,13.0,Finished,49,
2024,MotoGP,NED,Race,NED,M. Viñales,Aprilia Racing,3.0,5.0,11.0,Finished,12,
2024,MotoGP,NED,Race,NED,B. Binder,Red Bull KTM Factory Racing,9.0,6.0,10.0,Finished,33,
2024,MotoGP,NED,Race,NED,A. Marquez,Gresini Racing MotoGP,4.0,7.0,9.0,Finished,73,
2024,MotoGP,NED,Race,NED,R. Fernandez,Trackhouse Racing,12.0,8.0,8.0,Finished,25,
2024,MotoGP,NED,Race,NED,F. Morbidelli,Prima Pramac Racing,8.0,9.0,7.0,Finished,21,
2024,MotoGP,NED,Race,NED,M. Marquez,Gresini Racing MotoGP,7.0,10.0,6.0,Finished,93,
2024,MotoGP,NED,Race,NED,J. Miller,Red Bull KTM Factory Racing,4.0,11.0,5.0,Finished,43,
2024,MotoGP,NED,Race,NED,F. Quartararo,Monster Energy Yamaha MotoGP Team,3.0,12.0,4.0,Finished,20,
2024,MotoGP,NED,Race,NED,J. Zarco,CASTROL Honda LCR,9.0,13.0,3.0,Finished,5,
2024,MotoGP,NED,Race,NED,A. Fernandez,Red Bull GASGAS Tech3,12.0,14.0,2.0,Finished,37,
2024,MotoGP,NED,Race,NED,M. Oliveira,Trackhouse Racing,7.0,15.0,1.0,Finished,88,
2024,MotoGP,NED,Race,NED,T. Nakagami,IDEMITSU Honda LCR,13.0,16.0,0.0,Finished,30,
2024,MotoGP,NED,Race,NED,L. Marini,Repsol Honda Team,11.0,17.0,0.0,Finished,10,
2024,MotoGP,NED,Race,NED,P. Acosta,Red Bull GASGAS Tech3,1.0,,0.0,DNF,31,
2024,MotoGP,NED,Race,NED,J. Mir,Repsol Honda Team,10.0,,0.0,DNF,36,
2024,MotoGP,NED,Race,NED,M. Bezzecchi,Pertamina Enduro VR46 Racing Team,5.0,,0.0,DNF,72,
2024,MotoGP,NED,Race,NED,A. Rins,Monster Energy Yamaha MotoGP Team,6.0,,0.0,DNF,42,
2024,MotoGP,NED,Race,NED,F. Bagnaia,Ducati Lenovo Team,1.0,1.0,12.0,Finished,1,
2024,MotoGP,NED,Race,NED,J. Martin,Prima Pramac Racing,2.0,2.0,9.0,Finished,89,
2024,MotoGP,NED,Race,NED,M. Viñales,Aprilia Racing,3.0,3.0,7.0,Finished,12,
2024,MotoGP,NED,Race,NED,E. Bastianini,Ducati Lenovo Team,11.0,4.0,6.0,Finished,23,
2024,MotoGP,NED,Race,NED,F. Di Giannantonio,Pertamina Enduro VR46 Racing Team,2.0,5.0,5.0,Finished,49,
2024,MotoGP,NED,Race,NED,B. Binder,Red Bull KTM Factory Racing,9.0,6.0,4.0,Finished,33,
2024,MotoGP,NED,Race,NED,F. Quartararo,Monster Energy Yamaha MotoGP Team,3.0,7.0,3.0,Finished,20,
2024,MotoGP,NED,Race,NED,A. Marquez,Gresini Racing MotoGP,4.0,8.0,2.0,Finished,73,
2024,MotoGP,NED,Race,NED,F. Morbidelli,Prima Pramac Racing,8.0,9.0,1.0,Finished,21,
2024,MotoGP,NED,Race,NED,P. Acosta,Red Bull GASGAS Tech3,1.0,10.0,0.0,Finished,31,
2024,MotoGP,NED,Race,NED,M. Bezzecchi,Pertamina Enduro VR46 Racing Team,5.0,11.0,0.0,Finished,72,
2024,MotoGP,NED,Race,NED,M. Oliveira,Trackhouse Racing,7.0,12.0,0.0,Finished,88,
2024,MotoGP,NED,Race,NED,J. Miller,Red Bull KTM Factory Racing,4.0,13.0,0.0,Finished,43,
2024,MotoGP,NED,Race,NED,J. Mir,Repsol Honda Team,10.0,14.0,0.0,Finished,36,
2024,MotoGP,NED,Race,NED,A. Fernandez,Red Bull GASGAS Tech3,12.0,15.0,0.0,Finished,37,
2024,MotoGP,NED,Race,NED,J. Zarco,CASTROL Honda LCR,9.0,16.0,0.0,Finished,5,
2024,MotoGP,NED,Race,NED,R. Fernandez,Trackhouse Racing,12.0,17.0,0.0,Finished,25,
2024,MotoGP,NED,Race,NED,T. Nakagami,IDEMITSU Honda LCR,13.0,18.0,0.0,Finished,30,
2024,MotoGP,NED,Race,NED,A. Rins,Monster Energy Yamaha MotoGP Team,6.0,19.0,0.0,Finished,42,
2024,MotoGP,NED,Race,NED,A. Espargaro,Aprilia Racing,5.0,,0.0,DNF,41,
2024,MotoGP,NED,Race,NED,L. Marini,Repsol Honda Team,11.0,,0.0,DNF,10,
2024,MotoGP,NED,Race,NED,L. Savadori,Aprilia Racing,8.0,,0.0,DNF,32,
2024,MotoGP,NED,Race,NED,M. Marquez,Gresini Racing MotoGP,7.0,,0.0,DNF,93,
2024,MotoGP,GER,Race,GER,F. Bagnaia,Ducati Lenovo Team,4.0,1.0,25.0,Finished,1,
2024,MotoGP,GER,Race,GER,M. Marquez,Gresini Racing MotoGP,3.0,2.0,20.0,Finished,93,
2024,MotoGP,GER,Race,GER,A. Marquez,Gresini Racing MotoGP,5.0,3.0,16.0,Finished,73,
2024,MotoGP,GER,Race,GER,E. Bastianini,Ducati Lenovo Team,9.0,4.0,13.0,Finished,23,
2024,MotoGP,GER,Race,GER,F. Morbidelli,Prima Pramac Racing,6.0,5.0,11.0,Finished,21,
2024,MotoGP,GER,Race,GER,M. Oliveira,Trackhouse Racing,2.0,6.0,10.0,Finished,88,
2024,MotoGP,GER,Race,GER,P. Acosta,Red Bull GASGAS Tech3,10.0,7.0,9.0,Finished,31,
2024,MotoGP,GER,Race,GER,M. Bezzecchi,Pertamina Enduro VR46 Racing Team,2.0,8.0,8.0,Finished,72,
2024,MotoGP,GER,Race,GER,B. Binder,Red Bull KTM Factory Racing,11.0,9.0,7.0,Finished,33,
2024,MotoGP,GER,Race,GER,R. Fernandez,Trackhouse Racing,1.0,10.0,6.0,Finished,25,
2024,MotoGP,GER,Race,GER,F. Quartararo,Monster Energy Yamaha MotoGP Team,4.0,11.0,5.0,Finished,20,
2024,MotoGP,GER,Race,GER,M. Viñales,Aprilia Racing,7.0,12.0,4.0,Finished,12,
2024,MotoGP,GER,Race,GER,J. Miller,Red Bull KTM Factory Racing,6.0,13.0,3.0,Finished,43,
2024,MotoGP,GER,Race,GER,T. Nakagami,IDEMITSU Honda LCR,7.0,14.0,2.0,Finished,30,
2024,MotoGP,GER,Race,GER,L. Marini,Repsol Honda Team,8.0,15.0,1.0,Finished,10,
2024,MotoGP,GER,Race,GER,A. Fernandez,Red Bull GASGAS Tech3,5.0,16.0,0.0,Finished,37,
2024,MotoGP,GER,Race,GER,J. Zarco,CASTROL Honda LCR,9.0,17.0,0.0,Finished,5,
2024,MotoGP,GER,Race,GER,J. Mir,Repsol Honda Team,10.0,18.0,0.0,Finished,36,
2024,MotoGP,GER,Race,GER,R. Gardner,Monster Energy Yamaha MotoGP Team,12.0,19.0,0.0,Finished,87,
2024,MotoGP,GER,Race,GER,S. Bradl,HRC Test Team,11.0,20.0,0.0,Finished,6,
2024,MotoGP,GER,Race,GER,J. Martin,Prima Pramac Racing,1.0,,0.0,DNF,89,
2024,MotoGP,GER,Race,GER,F. Di Giannantonio,Pertamina Enduro VR46 Racing Team,8.0,,0.0,DNF,49,
2024,MotoGP,GER,Race,GER,J. Martin,Prima Pramac Racing,1.0,1.0,12.0,Finished,89,
2024,MotoGP,GER,Race,GER,M. Oliveira,Trackhouse Racing,2.0,2.0,9.0,Finished,88,
2024,MotoGP,GER,Race,GER,F. Bagnaia,Ducati Lenovo Team,4.0,3.0,7.0,Finished,1,
2024,MotoGP,GER,Race,GER,E. Bastianini,Ducati Lenovo Team,9.0,4.0,6.0,Finished,23,
2024,MotoGP,GER,Race,GER,F. Morbidelli,Prima Pramac Racing,6.0,5.0,5.0,Finished,21,
2024,MotoGP,GER,Race,GER,M. Marquez,Gresini Racing MotoGP,3.0,6.0,4.0,Finished,93,
2024,MotoGP,GER,Race,GER,M. Viñales,Aprilia Racing,7.0,7.0,3.0,Finished,12,
2024,MotoGP,GER,Race,GER,B. Binder,Red Bull KTM Factory Racing,11.0,8.0,2.0,Finished,33,
2024,MotoGP,GER,Race,GER,A. Marquez,Gresini Racing MotoGP,5.0,9.0,1.0,Finished,73,
2024,MotoGP,GER,Race,GER,M. Bezzecchi,Pertamina Enduro VR46 Racing Team,2.0,10.0,0.0,Finished,72,
2024,MotoGP,GER,Race,GER,J. Miller,Red Bull KTM Factory Racing,6.0,11.0,0.0,Finished,43,
2024,MotoGP,GER,Race,GER,F. Di Giannantonio,Pertamina Enduro VR46 Racing Team,8.0,12.0,0.0,Finished,49,
2024,MotoGP,GER,Race,GER,F. Quartararo,Monster Energy Yamaha MotoGP Team,4.0,13.0,0.0,Finished,20,
2024,MotoGP,GER,Race,GER,R. Fernandez,Trackhouse Racing,1.0,14.0,0.0,Finished,25,
2024,MotoGP,GER,Race,GER,L. Marini,Repsol Honda Team,8.0,15.0,0.0,Finished,10,
2024,MotoGP,GER,Race,GER,A. Fernandez,Red Bull GASGAS Tech3,5.0,16.0,0.0,Finished,37,
2024,MotoGP,GER,Race,GER,J. Zarco,CASTROL Honda LCR,9.0,17.0,0.0,Finished,5,
2024,MotoGP,GER,Race,GER,T. Nakagami,IDEMITSU Honda LCR,7.0,18.0,0.0,Finished,30,
2024,MotoGP,GER,Race,GER,S. Bradl,HRC Test Team,11.0,19.0,0.0,Finished,6,
2024,MotoGP,GER,Race,GER,R. Gardner,Monster Energy Yamaha MotoGP Team,12.0,20.0,0.0,Finished,87,
2024,MotoGP,GER,Race,GER,J. Mir,Repsol Honda Team,10.0,21.0,0.0,Finished,36,
2024,MotoGP,GER,Race,GER,P. Acosta,Red Bull GASGAS Tech3,10.0,22.0,0.0,Finished,31,
2024,MotoGP,GBR,Race,GBR,E. Bastianini,Ducati Lenovo Team,3.0,1.0,25.0,Finished,23,
2024,MotoGP,GBR,Race,GBR,J. Martin,Prima Pramac Racing,4.0,2.0,20.0,Finished,89,
2024,MotoGP,GBR,Race,GBR,F. Bagnaia,Ducati Lenovo Team,2.0,3.0,16.0,Finished,1,
2024,MotoGP,GBR,Race,GBR,M. Marquez,Gresini Racing MotoGP,7.0,4.0,13.0,Finished,93,
2024,MotoGP,GBR,Race,GBR,F. Di Giannantonio,Pertamina Enduro VR46 Racing Team,10.0,5.0,11.0,Finished,49,
2024,MotoGP,GBR,Race,GBR,A. Espargaro,Aprilia Racing,1.0,6.0,10.0,Finished,41,
2024,MotoGP,GBR,Race,GBR,A. Marquez,Gresini Racing MotoGP,1.0,7.0,9.0,Finished,73,
2024,MotoGP,GBR,Race,GBR,M. Bezzecchi,Pertamina Enduro VR46 Racing Team,12.0,8.0,8.0,Finished,72,
2024,MotoGP,GBR,Race,GBR,P. Acosta,Red Bull GASGAS Tech3,2.0,9.0,7.0,Finished,31,
2024,MotoGP,GBR,Race,GBR,F. Morbidelli,Prima Pramac Racing,3.0,10.0,6.0,Finished,21,
2024,MotoGP,GBR,Race,GBR,F. Quartararo,Monster Energy Yamaha MotoGP Team,8.0,11.0,5.0,Finished,20,
2024,MotoGP,GBR,Race,GBR,J. Miller,Red Bull KTM Factory Racing,11.0,12.0,4.0,Finished,43,
2024,MotoGP,GBR,Race,GBR,M. Viñales,Aprilia Racing,8.0,13.0,3.0,Finished,12,
2024,MotoGP,GBR,Race,GBR,J. Zarco,CASTROL Honda LCR,6.0,14.0,2.0,Finished,5,
2024,MotoGP,GBR,Race,GBR,T. Nakagami,IDEMITSU Honda LCR,11.0,15.0,1.0,Finished,30,
2024,MotoGP,GBR,Race,GBR,A. Fernandez,Red Bull GASGAS Tech3,7.0,16.0,0.0,Finished,37,
2024,MotoGP,GBR,Race,GBR,L. Marini,Repsol Honda Team,9.0,17.0,0.0,Finished,10,
2024,MotoGP,GBR,Race,GBR,R. Gardner,Monster Energy Yamaha MotoGP Team,12.0,18.0,0.0,Finished,87,
2024,MotoGP,GBR,Race,GBR,J. Mir,Repsol Honda Team,10.0,,0.0,DNF,36,
2024,MotoGP,GBR,Race,GBR,M. Oliveira,Trackhouse Racing,5.0,,0.0,DNF,88,
2024,MotoGP,GBR,Race,GBR,B. Binder,Red Bull KTM Factory Racing,6.0,,0.0,DNF,33,
2024,MotoGP,GBR,Race,GBR,R. Fernandez,Trackhouse Racing,4.0,,0.0,DNF,25,
2024,MotoGP,GBR,Race,GBR,E. Bastianini,Ducati Lenovo Team,3.0,1.0,12.0,Finished,23,
2024,MotoGP,GBR,Race,GBR,J. Martin,Prima Pramac Racing,4.0,2.0,9.0,Finished,89,
2024,MotoGP,GBR,Race,GBR,A. Espargaro,Aprilia Racing,1.0,3.0,7.0,Finished,41,
2024,MotoGP,GBR,Race,GBR,B. Binder,Red Bull KTM Factory Racing,6.0,4.0,6.0,Finished,33,
2024,MotoGP,GBR,Race,GBR,P. Acosta,Red Bull GASGAS Tech3,2.0,5.0,5.0,Finished,31,
2024,MotoGP,GBR,Race,GBR,A. Marquez,Gresini Racing MotoGP,1.0,6.0,4.0,Finished,73,
2024,MotoGP,GBR,Race,GBR,J. Miller,Red Bull KTM Factory Racing,11.0,7.0,3.0,Finished,43,
2024,MotoGP,GBR,Race,GBR,M. Viñales,Aprilia Racing,8.0,8.0,2.0,Finished,12,
2024,MotoGP,GBR,Race,GBR,F. Di Giannantonio,Pertamina Enduro VR46 Racing Team,10.0,9.0,1.0,Finished,49,
2024,MotoGP,GBR,Race,GBR,M. Oliveira,Trackhouse Racing,5.0,10.0,0.0,Finished,88,
2024,MotoGP,GBR,Race,GBR,F. Quartararo,Monster Energy Yamaha MotoGP Team,8.0,11.0,0.0,Finished,20,
2024,MotoGP,GBR,Race,GBR,R. Fernandez,Trackhouse Racing,4.0,12.0,0.0,Finished,25,
2024,MotoGP,GBR,Race,GBR,A. Fernandez,Red Bull GASGAS Tech3,7.0,13.0,0.0,Finished,37,
2024,MotoGP,GBR,Race,GBR,J. Zarco,CASTROL Honda LCR,6.0,14.0,0.0,Finished,5,
2024,MotoGP,GBR,Race,GBR,L. Marini,Repsol Honda Team,9.0,15.0,0.0,Finished,10,
2024,MotoGP,GBR,Race,GBR,J. Mir,Repsol Honda Team,10.0,16.0,0.0,Finished,36,
2024,MotoGP,GBR,Race,GBR,T. Nakagami,IDEMITSU Honda LCR,11.0,17.0,0.0,Finished,30,
2024,MotoGP,GBR,Race,GBR,R. Gardner,Monster Energy Yamaha MotoGP Team,12.0,18.0,0.0,Finished,87,
2024,MotoGP,GBR,Race,GBR,M. Marquez,Gresini Racing MotoGP,7.0,,0.0,DNF,93,
2024,MotoGP,GBR,Race,GBR,F. Bagnaia,Ducati Lenovo Team,2.0,,0.0,DNF,1,
2024,MotoGP,GBR,Race,GBR,M. Bezzecchi,Pertamina Enduro VR46 Racing Team,12.0,,0.0,DNF,72,
2024,MotoGP,GBR,Race,GBR,F. Morbidelli,Prima Pramac Racing,3.0,,0.0,DNF,21,
2024,MotoGP,AUT,Race,AUT,F. Bagnaia,Ducati Lenovo Team,2.0,1.0,25.0,Finished,1,
2024,MotoGP,AUT,Race,AUT,J. Martin,Prima Pramac Racing,1.0,2.0,20.0,Finished,89,
2024,MotoGP,AUT,Race,AUT,E. Bastianini,Ducati Lenovo Team,7.0,3.0,16.0,Finished,23,
2024,MotoGP,AUT,Race,AUT,M. Marquez,Gresini Racing MotoGP,3.0,4.0,13.0,Finished,93,
2024,MotoGP,AUT,Race,AUT,B. Binder,Red Bull KTM Factory Racing,12.0,5.0,11.0,Finished,33,
2024,MotoGP,AUT,Race,AUT,M. Bezzecchi,Pertamina Enduro VR46 Racing Team,9.0,6.0,10.0,Finished,72,
2024,MotoGP,AUT,Race,AUT,M. Viñales,Aprilia Racing,6.0,7.0,9.0,Finished,12,
2024,MotoGP,AUT,Race,AUT,F. Morbidelli,Prima Pramac Racing,8.0,8.0,8.0,Finished,21,
2024,MotoGP,AUT,Race,AUT,A. Espargaro,Aprilia Racing,4.0,9.0,7.0,Finished,41,
2024,MotoGP,AUT,Race,AUT,A. Marquez,Gresini Racing MotoGP,11.0,10.0,6.0,Finished,73,
2024,MotoGP,AUT,Race,AUT,P. Espargaro,Red Bull KTM Factory Racing,2.0,11.0,5.0,Finished,44,
2024,MotoGP,AUT,Race,AUT,M. Oliveira,Trackhouse Racing,3.0,12.0,4.0,Finished,88,
2024,MotoGP,AUT,Race,AUT,P. Acosta,Red Bull GASGAS Tech3,4.0,13.0,3.0,Finished,31,
2024,MotoGP,AUT,Race,AUT,T. Nakagami,IDEMITSU Honda LCR,12.0,14.0,2.0,Finished,30,
2024,MotoGP,AUT,Race,AUT,A. Fernandez,Red Bull GASGAS Tech3,6.0,15.0,1.0,Finished,37,
2024,MotoGP,AUT,Race,AUT,A. Rins,Monster Energy Yamaha MotoGP Team,11.0,16.0,0.0,Finished,42,
2024,MotoGP,AUT,Race,AUT,J. Mir,Repsol Honda Team,9.0,17.0,0.0,Finished,36,
2024,MotoGP,AUT,Race,AUT,F. Quartararo,Monster Energy Yamaha MotoGP Team,5.0,18.0,0.0,Finished,20,
2024,MotoGP,AUT,Race,AUT,J. Miller,Red Bull KTM Factory Racing,1.0,19.0,0.0,Finished,43,
2024,MotoGP,AUT,Race,AUT,L. Savadori,Aprilia Racing,14.0,20.0,0.0,Finished,32,
2024,MotoGP,AUT,Race,AUT,J. Zarco,CASTROL Honda LCR,7.0,21.0,0.0,Finished,5,
2024,MotoGP,AUT,Race,AUT,S. Bradl,HRC Test Team,13.0,22.0,0.0,Finished,6,
2024,MotoGP,AUT,Race,AUT,R. Fernandez,Trackhouse Racing,10.0,,0.0,DNF,25,
2024,MotoGP,AUT,Race,AUT,L. Marini,Repsol Honda Team,8.0,,0.0,DNF,10,
2024,MotoGP,AUT,Race,AUT,F. Bagnaia,Ducati Lenovo Team,2.0,1.0,12.0,Finished,1,
2024,MotoGP,AUT,Race,AUT,J. Martin,Prima Pramac Racing,1.0,2.0,9.0,Finished,89,
2024,MotoGP,AUT,Race,AUT,A. Espargaro,Aprilia Racing,4.0,3.0,7.0,Finished,41,
2024,MotoGP,AUT,Race,AUT,E. Bastianini,Ducati Lenovo Team,7.0,4.0,6.0,Finished,23,
2024,MotoGP,AUT,Race,AUT,J. Miller,Red Bull KTM Factory Racing,1.0,5.0,5.0,Finished,43,
2024,MotoGP,AUT,Race,AUT,F. Morbidelli,Prima Pramac Racing,8.0,6.0,4.0,Finished,21,
2024,MotoGP,AUT,Race,AUT,B. Binder,Red Bull KTM Factory Racing,12.0,7.0,3.0,Finished,33,
2024,MotoGP,AUT,Race,AUT,M. Bezzecchi,Pertamina Enduro VR46 Racing Team,9.0,8.0,2.0,Finished,72,
2024,MotoGP,AUT,Race,AUT,P. Espargaro,Red Bull KTM Factory Racing,2.0,9.0,1.0,Finished,44,
2024,MotoGP,AUT,Race,AUT,P. Acosta,Red Bull GASGAS Tech3,4.0,10.0,0.0,Finished,31,
2024,MotoGP,AUT,Race,AUT,M. Viñales,Aprilia Racing,6.0,11.0,0.0,Finished,12,
2024,MotoGP,AUT,Race,AUT,F. Quartararo,Monster Energy Yamaha MotoGP Team,5.0,12.0,0.0,Finished,20,
2024,MotoGP,AUT,Race,AUT,M. Oliveira,Trackhouse Racing,3.0,13.0,0.0,Finished,88,
2024,MotoGP,AUT,Race,AUT,R. Fernandez,Trackhouse Racing,10.0,14.0,0.0,Finished,25,
2024,MotoGP,AUT,Race,AUT,J. Zarco,CASTROL Honda LCR,7.0,15.0,0.0,Finished,5,
2024,MotoGP,AUT,Race,AUT,T. Nakagami,IDEMITSU Honda LCR,12.0,16.0,0.0,Finished,30,
2024,MotoGP,AUT,Race,AUT,L. Marini,Repsol Honda Team,8.0,17.0,0.0,Finished,10,
2024,MotoGP,AUT,Race,AUT,L. Savadori,Aprilia Racing,14.0,18.0,0.0,Finished,32,
2024,MotoGP,AUT,Race,AUT,J. Mir,Repsol Honda Team,9.0,19.0,0.0,Finished,36,
2024,MotoGP,AUT,Race,AUT,A. Marquez,Gresini Racing MotoGP,11.0,20.0,0.0,Finished,73,
2024,MotoGP,AUT,Race,AUT,A. Fernandez,Red Bull GASGAS Tech3,6.0,,0.0,DNF,37,
2024,MotoGP,AUT,Race,AUT,M. Marquez,Gresini Racing MotoGP,3.0,,0.0,DNF,93,
2024,MotoGP,AUT,Race,AUT,A. Rins,Monster Energy Yamaha MotoGP Team,11.0,,0.0,DNF,42,
2024,MotoGP,AUT,Race,AUT,S. Bradl,HRC Test Team,13.0,,0.0,DNF,6,
2024,MotoGP,ARA,Race,ARA,M. Marquez,Gresini Racing MotoGP,1.0,1.0,25.0,Finished,93,
2024,MotoGP,ARA,Race,ARA,J. Martin,Prima Pramac Racing,4.0,2.0,20.0,Finished,89,
2024,MotoGP,ARA,Race,ARA,P. Acosta,Red Bull GASGAS Tech3,2.0,3.0,16.0,Finished,31,
2024,MotoGP,ARA,Race,ARA,B. Binder,Red Bull KTM Factory Racing,1.0,4.0,13.0,Finished,33,
2024,MotoGP,ARA,Race,ARA,E. Bastianini,Ducati Lenovo Team,4.0,5.0,11.0,Finished,23,
2024,MotoGP,ARA,Race,ARA,F. Morbidelli,Prima Pramac Racing,6.0,6.0,10.0,Finished,21,
2024,MotoGP,ARA,Race,ARA,M. Bezzecchi,Pertamina Enduro VR46 Racing Team,3.0,7.0,9.0,Finished,72,
2024,MotoGP,ARA,Race,ARA,F. Di Giannantonio,Pertamina Enduro VR46 Racing Team,6.0,8.0,8.0,Finished,49,
2024,MotoGP,ARA,Race,ARA,A. Rins,Monster Energy Yamaha MotoGP Team,11.0,9.0,7.0,Finished,42,
2024,MotoGP,ARA,Race,ARA,A. Espargaro,Aprilia Racing,11.0,10.0,6.0,Finished,41,
2024,MotoGP,ARA,Race,ARA,T. Nakagami,IDEMITSU Honda LCR,8.0,11.0,5.0,Finished,30,
2024,MotoGP,ARA,Race,ARA,A. Fernandez,Red Bull GASGAS Tech3,9.0,12.0,4.0,Finished,37,
2024,MotoGP,ARA,Race,ARA,J. Zarco,CASTROL Honda LCR,10.0,13.0,3.0,Finished,5,
2024,MotoGP,ARA,Race,ARA,J. Mir,Repsol Honda Team,12.0,14.0,2.0,Finished,36,
2024,MotoGP,ARA,Race,ARA,J. Miller,Red Bull KTM Factory Racing,5.0,15.0,1.0,Finished,43,
2024,MotoGP,ARA,Race,ARA,R. Fernandez,Trackhouse Racing,9.0,16.0,0.0,Finished,25,
2024,MotoGP,ARA,Race,ARA,L. Marini,Repsol Honda Team,10.0,17.0,0.0,Finished,10,
2024,MotoGP,ARA,Race,ARA,F. Bagnaia,Ducati Lenovo Team,3.0,,0.0,DNF,1,
2024,MotoGP,ARA,Race,ARA,A. Marquez,Gresini Racing MotoGP,5.0,,0.0,DNF,73,
2024,MotoGP,ARA,Race,ARA,M. Viñales,Aprilia Racing,12.0,,0.0,DNF,12,
2024,MotoGP,ARA,Race,ARA,F. Quartararo,Monster Energy Yamaha MotoGP Team,7.0,,0.0,DNF,20,
2024,MotoGP,ARA,Race,ARA,M. Oliveira,Trackhouse Racing,8.0,,0.0,DNF,88,
2024,MotoGP,ARA,Race,ARA,M. Marquez,Gresini Racing MotoGP,1.0,1.0,12.0,Finished,93,
2024,MotoGP,ARA,Race,ARA,J. Martin,Prima Pramac Racing,4.0,2.0,9.0,Finished,89,
2024,MotoGP,ARA,Race,ARA,P. Acosta,Red Bull GASGAS Tech3,2.0,3.0,7.0,Finished,31,
2024,MotoGP,ARA,Race,ARA,A. Marquez,Gresini Racing MotoGP,5.0,4.0,6.0,Finished,73,
2024,MotoGP,ARA,Race,ARA,M. Oliveira,Trackhouse Racing,8.0,5.0,5.0,Finished,88,
2024,MotoGP,ARA,Race,ARA,B. Binder,Red Bull KTM Factory Racing,1.0,6.0,4.0,Finished,33,
2024,MotoGP,ARA,Race,ARA,E. Bastianini,Ducati Lenovo Team,4.0,7.0,3.0,Finished,23,
2024,MotoGP,ARA,Race,ARA,F. Quartararo,Monster Energy Yamaha MotoGP Team,7.0,8.0,2.0,Finished,20,
2024,MotoGP,ARA,Race,ARA,F. Bagnaia,Ducati Lenovo Team,3.0,9.0,1.0,Finished,1,
2024,MotoGP,ARA,Race,ARA,M. Bezzecchi,Pertamina Enduro VR46 Racing Team,3.0,10.0,0.0,Finished,72,
2024,MotoGP,ARA,Race,ARA,R. Fernandez,Trackhouse Racing,9.0,11.0,0.0,Finished,25,
2024,MotoGP,ARA,Race,ARA,A. Fernandez,Red Bull GASGAS Tech3,9.0,12.0,0.0,Finished,37,
2024,MotoGP,ARA,Race,ARA,J. Miller,Red Bull KTM Factory Racing,5.0,13.0,0.0,Finished,43,
2024,MotoGP,ARA,Race,ARA,T. Nakagami,IDEMITSU Honda LCR,8.0,14.0,0.0,Finished,30,
2024,MotoGP,ARA,Race,ARA,F. Di Giannantonio,Pertamina Enduro VR46 Racing Team,6.0,15.0,0.0,Finished,49,
2024,MotoGP,ARA,Race,ARA,L. Marini,Repsol Honda Team,10.0,16.0,0.0,Finished,10,
2024,MotoGP,ARA,Race,ARA,A. Rins,Monster Energy Yamaha MotoGP Team,11.0,17.0,0.0,Finished,42,
2024,MotoGP,ARA,Race,ARA,J. Mir,Repsol Honda Team,12.0,18.0,0.0,Finished,36,
2024,MotoGP,ARA,Race,ARA,M. Viñales,Aprilia Racing,12.0,19.0,0.0,Finished,12,
2024,MotoGP,ARA,Race,ARA,F. Morbidelli,Prima Pramac Racing,6.0,,0.0,DNF,21,
2024,MotoGP,ARA,Race,ARA,J. Zarco,CASTROL Honda LCR,10.0,,0.0,DNF,5,
2024,MotoGP,ARA,Race,ARA,A. Espargaro,Aprilia Racing,11.0,,0.0,DNF,41,
2024,MotoGP,RSM,Race,RSM,M. Marquez,Gresini Racing MotoGP,9.0,1.0,25.0,Finished,93,
2024,MotoGP,RSM,Race,RSM,F. Bagnaia,Ducati Lenovo Team,1.0,2.0,20.0,Finished,1,
2024,MotoGP,RSM,Race,RSM,E. Bastianini,Ducati Lenovo Team,8.0,3.0,16.0,Finished,23,
2024,MotoGP,RSM,Race,RSM,B. Binder,Red Bull KTM Factory Racing,2.0,4.0,13.0,Finished,33,
2024,MotoGP,RSM,Race,RSM,M. Bezzecchi,Pertamina Enduro VR46 Racing Team,3.0,5.0,11.0,Finished,72,
2024,MotoGP,RSM,Race,RSM,A. Marquez,Gresini Racing MotoGP,1.0,6.0,10.0,Finished,73,
2024,MotoGP,RSM,Race,RSM,F. Quartararo,Monster Energy Yamaha MotoGP Team,10.0,7.0,9.0,Finished,20,
2024,MotoGP,RSM,Race,RSM,J. Miller,Red Bull KTM Factory Racing,12.0,8.0,8.0,Finished,43,
2024,MotoGP,RSM,Race,RSM,F. Di Giannantonio,Pertamina Enduro VR46 Racing Team,4.0,9.0,7.0,Finished,49,
2024,MotoGP,RSM,Race,RSM,P. Espargaro,Red Bull KTM Factory Racing,5.0,10.0,6.0,Finished,44,
2024,MotoGP,RSM,Race,RSM,M. Oliveira,Trackhouse Racing,8.0,11.0,5.0,Finished,88,
2024,MotoGP,RSM,Race,RSM,J. Zarco,CASTROL Honda LCR,6.0,12.0,4.0,Finished,5,
2024,MotoGP,RSM,Race,RSM,T. Nakagami,IDEMITSU Honda LCR,12.0,13.0,3.0,Finished,30,
2024,MotoGP,RSM,Race,RSM,S. Bradl,HRC Test Team,13.0,14.0,2.0,Finished,6,
2024,MotoGP,RSM,Race,RSM,J. Martin,Prima Pramac Racing,4.0,15.0,1.0,Finished,89,
2024,MotoGP,RSM,Race,RSM,M. Viñales,Aprilia Racing,11.0,16.0,0.0,Finished,12,
2024,MotoGP,RSM,Race,RSM,P. Acosta,Red Bull GASGAS Tech3,5.0,17.0,0.0,Finished,31,
2024,MotoGP,RSM,Race,RSM,R. Fernandez,Trackhouse Racing,9.0,18.0,0.0,Finished,25,
2024,MotoGP,RSM,Race,RSM,A. Rins,Monster Energy Yamaha MotoGP Team,10.0,19.0,0.0,Finished,42,
2024,MotoGP,RSM,Race,RSM,A. Espargaro,Aprilia Racing,3.0,,0.0,DNF,41,
2024,MotoGP,RSM,Race,RSM,A. Fernandez,Red Bull GASGAS Tech3,7.0,,0.0,DNF,37,
2024,MotoGP,RSM,Race,RSM,F. Morbidelli,Prima Pramac Racing,2.0,,0.0,DNF,21,
2024,MotoGP,RSM,Race,RSM,J. Martin,Prima Pramac Racing,4.0,1.0,12.0,Finished,89,
2024,MotoGP,RSM,Race,RSM,F. Bagnaia,Ducati Lenovo Team,1.0,2.0,9.0,Finished,1,
2024,MotoGP,RSM,Race,RSM,F. Morbidelli,Prima Pramac Racing,2.0,3.0,7.0,Finished,21,
2024,MotoGP,RSM,Race,RSM,E. Bastianini,Ducati Lenovo Team,8.0,4.0,6.0,Finished,23,
2024,MotoGP,RSM,Race,RSM,M. Marquez,Gresini Racing MotoGP,9.0,5.0,5.0,Finished,93,
2024,MotoGP,RSM,Race,RSM,P. Acosta,Red Bull GASGAS Tech3,5.0,6.0,4.0,Finished,31,
2024,MotoGP,RSM,Race,RSM,B. Binder,Red Bull KTM Factory Racing,2.0,7.0,3.0,Finished,33,
2024,MotoGP,RSM,Race,RSM,J. Miller,Red Bull KTM Factory Racing,12.0,8.0,2.0,Finished,43,
2024,MotoGP,RSM,Race,RSM,F. Quartararo,Monster Energy Yamaha MotoGP Team,10.0,9.0,1.0,Finished,20,
2024,MotoGP,RSM,Race,RSM,A. Marquez,Gresini Racing MotoGP,1.0,10.0,0.0,Finished,73,
2024,MotoGP,RSM,Race,RSM,M. Viñales,Aprilia Racing,11.0,11.0,0.0,Finished,12,
2024,MotoGP,RSM,Race,RSM,A. Espargaro,Aprilia Racing,3.0,12.0,0.0,Finished,41,
2024,MotoGP,RSM,Race,RSM,J. Zarco,CASTROL Honda LCR,6.0,13.0,0.0,Finished,5,
2024,MotoGP,RSM,Race,RSM,P. Espargaro,Red Bull KTM Factory Racing,5.0,14.0,0.0,Finished,44,
2024,MotoGP,RSM,Race,RSM,M. Oliveira,Trackhouse Racing,8.0,15.0,0.0,Finished,88,
2024,MotoGP,RSM,Race,RSM,A. Fernandez,Red Bull GASGAS Tech3,7.0,16.0,0.0,Finished,37,
2024,MotoGP,RSM,Race,RSM,R. Fernandez,Trackhouse Racing,9.0,17.0,0.0,Finished,25,
2024,MotoGP,RSM,Race,RSM,L. Marini,Repsol Honda Team,11.0,18.0,0.0,Finished,10,
2024,MotoGP,RSM,Race,RSM,A. Rins,Monster Energy Yamaha MotoGP Team,10.0,19.0,0.0,Finished,42,
2024,MotoGP,RSM,Race,RSM,T. Nakagami,IDEMITSU Honda LCR,12.0,20.0,0.0,Finished,30,
2024,MotoGP,RSM,Race,RSM,F. Di Giannantonio,Pertamina Enduro VR46 Racing Team,4.0,,0.0,DNF,49,
2024,MotoGP,RSM,Race,RSM,M. Bezzecchi,Pertamina Enduro VR46 Racing Team,3.0,,0.0,DNF,72,
2024,MotoGP,RSM,Race,RSM,S. Bradl,HRC Test Team,13.0,,0.0,DNF,6,
2024,MotoGP,EMI,Race,EMI,E. Bastianini,Ducati Lenovo Team,3.0,1.0,25.0,Finished,23,
2024,MotoGP,EMI,Race,EMI,J. Martin,Prima Pramac Racing,2.0,2.0,20.0,Finished,89,
2024,MotoGP,EMI,Race,EMI,M. Marquez,Gresini Racing MotoGP,7.0,3.0,16.0,Finished,93,
2024,MotoGP,EMI,Race,EMI,M. Bezzecchi,Pertamina Enduro VR46 Racing Team,6.0,4.0,13.0,Finished,72,
2024,MotoGP,EMI,Race,EMI,F. Morbidelli,Prima Pramac Racing,10.0,5.0,11.0,Finished,21,
2024,MotoGP,EMI,Race,EMI,M. Viñales,Aprilia Racing,8.0,6.0,10.0,Finished,12,
2024,MotoGP,EMI,Race,EMI,F. Quartararo,Monster Energy Yamaha MotoGP Team,9.0,7.0,9.0,Finished,20,
2024,MotoGP,EMI,Race,EMI,A. Espargaro,Aprilia Racing,11.0,8.0,8.0,Finished,41,
2024,MotoGP,EMI,Race,EMI,A. Marquez,Gresini Racing MotoGP,11.0,9.0,7.0,Finished,73,
2024,MotoGP,EMI,Race,EMI,M. Oliveira,Trackhouse Racing,2.0,10.0,6.0,Finished,88,
2024,MotoGP,EMI,Race,EMI,J. Mir,Repsol Honda Team,6.0,11.0,5.0,Finished,36,
2024,MotoGP,EMI,Race,EMI,L. Marini,Repsol Honda Team,5.0,12.0,4.0,Finished,10,
2024,MotoGP,EMI,Race,EMI,R. Fernandez,Trackhouse Racing,4.0,13.0,3.0,Finished,25,
2024,MotoGP,EMI,Race,EMI,F. Di Giannantonio,Pertamina Enduro VR46 Racing Team,3.0,14.0,2.0,Finished,49,
2024,MotoGP,EMI,Race,EMI,J. Zarco,CASTROL Honda LCR,7.0,15.0,1.0,Finished,5,
2024,MotoGP,EMI,Race,EMI,J. Miller,Red Bull KTM Factory Racing,9.0,16.0,0.0,Finished,43,
2024,MotoGP,EMI,Race,EMI,T. Nakagami,IDEMITSU Honda LCR,10.0,17.0,0.0,Finished,30,
2024,MotoGP,EMI,Race,EMI,A. Fernandez,Red Bull GASGAS Tech3,8.0,18.0,0.0,Finished,37,
2024,MotoGP,EMI,Race,EMI,B. Binder,Red Bull KTM Factory Racing,1.0,19.0,0.0,Finished,33,
2024,MotoGP,EMI,Race,EMI,F. Bagnaia,Ducati Lenovo Team,1.0,,0.0,DNF,1,
2024,MotoGP,EMI,Race,EMI,P. Acosta,Red Bull GASGAS Tech3,5.0,,0.0,DNF,31,
2024,MotoGP,EMI,Race,EMI,F. Bagnaia,Ducati Lenovo Team,1.0,1.0,12.0,Finished,1,
2024,MotoGP,EMI,Race,EMI,J. Martin,Prima Pramac Racing,2.0,2.0,9.0,Finished,89,
2024,MotoGP,EMI,Race,EMI,E. Bastianini,Ducati Lenovo Team,3.0,3.0,7.0,Finished,23,
2024,MotoGP,EMI,Race,EMI,M. Marquez,Gresini Racing MotoGP,7.0,4.0,6.0,Finished,93,
2024,MotoGP,EMI,Race,EMI,P. Acosta,Red Bull GASGAS Tech3,5.0,5.0,5.0,Finished,31,
2024,MotoGP,EMI,Race,EMI,B. Binder,Red Bull KTM Factory Racing,1.0,6.0,4.0,Finished,33,
2024,MotoGP,EMI,Race,EMI,F. Quartararo,Monster Energy Yamaha MotoGP Team,9.0,7.0,3.0,Finished,20,
2024,MotoGP,EMI,Race,EMI,M. Bezzecchi,Pertamina Enduro VR46 Racing Team,6.0,8.0,2.0,Finished,72,
2024,MotoGP,EMI,Race,EMI,F. Morbidelli,Prima Pramac Racing,10.0,9.0,1.0,Finished,21,
2024,MotoGP,EMI,Race,EMI,M. Viñales,Aprilia Racing,8.0,10.0,0.0,Finished,12,
2024,MotoGP,EMI,Race,EMI,M. Oliveira,Trackhouse Racing,2.0,11.0,0.0,Finished,88,
2024,MotoGP,EMI,Race,EMI,A. Espargaro,Aprilia Racing,11.0,12.0,0.0,Finished,41,
2024,MotoGP,EMI,Race,EMI,A. Marquez,Gresini Racing MotoGP,11.0,13.0,0.0,Finished,73,
2024,MotoGP,EMI,Race,EMI,J. Miller,Red Bull KTM Factory Racing,9.0,14.0,0.0,Finished,43,
2024,MotoGP,EMI,Race,EMI,L. Marini,Repsol Honda Team,5.0,15.0,0.0,Finished,10,
2024,MotoGP,EMI,Race,EMI,J. Zarco,CASTROL Honda LCR,7.0,16.0,0.0,Finished,5,
2024,MotoGP,EMI,Race,EMI,R. Fernandez,Trackhouse Racing,4.0,17.0,0.0,Finished,25,
2024,MotoGP,EMI,Race,EMI,F. Di Giannantonio,Pertamina Enduro VR46 Racing Team,3.0,18.0,0.0,Finished,49,
2024,MotoGP,EMI,Race,EMI,T. Nakagami,IDEMITSU Honda LCR,10.0,19.0,0.0,Finished,30,
2024,MotoGP,EMI,Race,EMI,A. Fernandez,Red Bull GASGAS Tech3,8.0,20.0,0.0,Finished,37,
2024,MotoGP,EMI,Race,EMI,J. Mir,Repsol Honda Team,6.0,21.0,0.0,Finished,36,
2024,MotoGP,INA,Race,INA,J. Martin,Prima Pramac Racing,1.0,1.0,25.0,Finished,89,
2024,MotoGP,INA,Race,INA,P. Acosta,Red Bull GASGAS Tech3,3.0,2.0,20.0,Finished,31,
2024,MotoGP,INA,Race,INA,F. Bagnaia,Ducati Lenovo Team,4.0,3.0,16.0,Finished,1,
2024,MotoGP,INA,Race,INA,F. Morbidelli,Prima Pramac Racing,9.0,4.0,13.0,Finished,21,
2024,MotoGP,INA,Race,INA,M. Bezzecchi,Pertamina Enduro VR46 Racing Team,2.0,5.0,11.0,Finished,72,
2024,MotoGP,INA,Race,INA,M. Viñales,Aprilia Racing,10.0,6.0,10.0,Finished,12,
2024,MotoGP,INA,Race,INA,F. Quartararo,Monster Energy Yamaha MotoGP Team,6.0,7.0,9.0,Finished,20,
2024,MotoGP,INA,Race,INA,B. Binder,Red Bull KTM Factory Racing,9.0,8.0,8.0,Finished,33,
2024,MotoGP,INA,Race,INA,J. Zarco,CASTROL Honda LCR,1.0,9.0,7.0,Finished,5,
2024,MotoGP,INA,Race,INA,R. Fernandez,Trackhouse Racing,2.0,10.0,6.0,Finished,25,
2024,MotoGP,INA,Race,INA,A. Rins,Monster Energy Yamaha MotoGP Team,5.0,11.0,5.0,Finished,42,
2024,MotoGP,INA,Race,INA,T. Nakagami,IDEMITSU Honda LCR,8.0,12.0,4.0,Finished,30,
2024,MotoGP,INA,Race,INA,E. Bastianini,Ducati Lenovo Team,5.0,,0.0,DNF,23,
2024,MotoGP,INA,Race,INA,A. Fernandez,Red Bull GASGAS Tech3,11.0,,0.0,DNF,37,
2024,MotoGP,INA,Race,INA,J. Mir,Repsol Honda Team,10.0,,0.0,DNF,36,
2024,MotoGP,INA,Race,INA,M. Marquez,Gresini Racing MotoGP,12.0,,0.0,DNF,93,
2024,MotoGP,INA,Race,INA,F. Di Giannantonio,Pertamina Enduro VR46 Racing Team,8.0,,0.0,DNF,49,
2024,MotoGP,INA,Race,INA,A. Espargaro,Aprilia Racing,3.0,,0.0,DNF,41,
2024,MotoGP,INA,Race,INA,L. Marini,Repsol Honda Team,7.0,,0.0,DNF,10,
2024,MotoGP,INA,Race,INA,A. Marquez,Gresini Racing MotoGP,4.0,,0.0,DNF,73,
2024,MotoGP,INA,Race,INA,J. Miller,Red Bull KTM Factory Racing,6.0,,0.0,DNF,43,
2024,MotoGP,INA,Race,INA,F. Bagnaia,Ducati Lenovo Team,4.0,1.0,12.0,Finished,1,
2024,MotoGP,INA,Race,INA,E. Bastianini,Ducati Lenovo Team,5.0,2.0,9.0,Finished,23,
2024,MotoGP,INA,Race,INA,M. Marquez,Gresini Racing MotoGP,12.0,3.0,7.0,Finished,93,
2024,MotoGP,INA,Race,INA,M. Bezzecchi,Pertamina Enduro VR46 Racing Team,2.0,4.0,6.0,Finished,72,
2024,MotoGP,INA,Race,INA,F. Morbidelli,Prima Pramac Racing,9.0,5.0,5.0,Finished,21,
2024,MotoGP,INA,Race,INA,P. Acosta,Red Bull GASGAS Tech3,3.0,6.0,4.0,Finished,31,
2024,MotoGP,INA,Race,INA,M. Viñales,Aprilia Racing,10.0,7.0,3.0,Finished,12,
2024,MotoGP,INA,Race,INA,J. Zarco,CASTROL Honda LCR,1.0,8.0,2.0,Finished,5,
2024,MotoGP,INA,Race,INA,F. Di Giannantonio,Pertamina Enduro VR46 Racing Team,8.0,9.0,1.0,Finished,49,
2024,MotoGP,INA,Race,INA,J. Martin,Prima Pramac Racing,1.0,10.0,0.0,Finished,89,
2024,MotoGP,INA,Race,INA,J. Miller,Red Bull KTM Factory Racing,6.0,11.0,0.0,Finished,43,
2024,MotoGP,INA,Race,INA,F. Quartararo,Monster Energy Yamaha MotoGP Team,6.0,12.0,0.0,Finished,20,
2024,MotoGP,INA,Race,INA,B. Binder,Red Bull KTM Factory Racing,9.0,13.0,0.0,Finished,33,
2024,MotoGP,INA,Race,INA,A. Marquez,Gresini Racing MotoGP,4.0,14.0,0.0,Finished,73,
2024,MotoGP,INA,Race,INA,A. Rins,Monster Energy Yamaha MotoGP Team,5.0,15.0,0.0,Finished,42,
2024,MotoGP,INA,Race,INA,A. Espargaro,Aprilia Racing,3.0,16.0,0.0,Finished,41,
2024,MotoGP,INA,Race,INA,T. Nakagami,IDEMITSU Honda LCR,8.0,17.0,0.0,Finished,30,
2024,MotoGP,INA,Race,INA,L. Marini,Repsol Honda Team,7.0,18.0,0.0,Finished,10,
2024,MotoGP,INA,Race,INA,R. Fernandez,Trackhouse Racing,2.0,19.0,0.0,Finished,25,
2024,MotoGP,INA,Race,INA,A. Fernandez,Red Bull GASGAS Tech3,11.0,,0.0,DNF,37,
2024,MotoGP,INA,Race,INA,J. Mir,Repsol Honda Team,10.0,,0.0,DNF,36,
2024,MotoGP,JPN,Race,JPN,F. Bagnaia,Ducati Lenovo Team,2.0,1.0,25.0,Finished,1,
2024,MotoGP,JPN,Race,JPN,J. Martin,Prima Pramac Racing,11.0,2.0,20.0,Finished,89,
2024,MotoGP,JPN,Race,JPN,M. Marquez,Gresini Racing MotoGP,9.0,3.0,16.0,Finished,93,
2024,MotoGP,JPN,Race,JPN,E. Bastianini,Ducati Lenovo Team,4.0,4.0,13.0,Finished,23,
2024,MotoGP,JPN,Race,JPN,F. Morbidelli,Prima Pramac Racing,1.0,5.0,11.0,Finished,21,
2024,MotoGP,JPN,Race,JPN,B. Binder,Red Bull KTM Factory Racing,5.0,6.0,10.0,Finished,33,
2024,MotoGP,JPN,Race,JPN,M. Bezzecchi,Pertamina Enduro VR46 Racing Team,8.0,7.0,9.0,Finished,72,
2024,MotoGP,JPN,Race,JPN,F. Di Giannantonio,Pertamina Enduro VR46 Racing Team,7.0,8.0,8.0,Finished,49,
2024,MotoGP,JPN,Race,JPN,A. Espargaro,Aprilia Racing,5.0,9.0,7.0,Finished,41,
2024,MotoGP,JPN,Race,JPN,J. Miller,Red Bull KTM Factory Racing,4.0,10.0,6.0,Finished,43,
2024,MotoGP,JPN,Race,JPN,J. Zarco,CASTROL Honda LCR,6.0,11.0,5.0,Finished,5,
2024,MotoGP,JPN,Race,JPN,F. Quartararo,Monster Energy Yamaha MotoGP Team,2.0,12.0,4.0,Finished,20,
2024,MotoGP,JPN,Race,JPN,T. Nakagami,IDEMITSU Honda LCR,11.0,13.0,3.0,Finished,30,
2024,MotoGP,JPN,Race,JPN,L. Marini,Repsol Honda Team,10.0,14.0,2.0,Finished,10,
2024,MotoGP,JPN,Race,JPN,R. Fernandez,Trackhouse Racing,3.0,15.0,1.0,Finished,25,
2024,MotoGP,JPN,Race,JPN,A. Rins,Monster Energy Yamaha MotoGP Team,9.0,16.0,0.0,Finished,42,
2024,MotoGP,JPN,Race,JPN,R. Gardner,Yamaha Factory Racing Team,13.0,17.0,0.0,Finished,87,
2024,MotoGP,JPN,Race,JPN,P. Acosta,Red Bull GASGAS Tech3,1.0,,0.0,DNF,31,
2024,MotoGP,JPN,Race,JPN,M. Viñales,Aprilia Racing,3.0,,0.0,DNF,12,
2024,MotoGP,JPN,Race,JPN,A. Fernandez,Red Bull GASGAS Tech3,8.0,,0.0,DNF,37,
2024,MotoGP,JPN,Race,JPN,L. Savadori,Trackhouse Racing,12.0,,0.0,DNF,32,
2024,MotoGP,JPN,Race,JPN,J. Mir,Repsol Honda Team,7.0,,0.0,DNF,36,
2024,MotoGP,JPN,Race,JPN,A. Marquez,Gresini Racing MotoGP,10.0,,0.0,DNF,73,
2024,MotoGP,JPN,Race,JPN,F. Bagnaia,Ducati Lenovo Team,2.0,1.0,12.0,Finished,1,
2024,MotoGP,JPN,Race,JPN,E. Bastianini,Ducati Lenovo Team,4.0,2.0,9.0,Finished,23,
2024,MotoGP,JPN,Race,JPN,M. Marquez,Gresini Racing MotoGP,9.0,3.0,7.0,Finished,93,
2024,MotoGP,JPN,Race,JPN,J. Martin,Prima Pramac Racing,11.0,4.0,6.0,Finished,89,
2024,MotoGP,JPN,Race,JPN,F. Morbidelli,Prima Pramac Racing,1.0,5.0,5.0,Finished,21,
2024,MotoGP,JPN,Race,JPN,F. Di Giannantonio,Pertamina Enduro VR46 Racing Team,7.0,6.0,4.0,Finished,49,
2024,MotoGP,JPN,Race,JPN,A. Marquez,Gresini Racing MotoGP,10.0,7.0,3.0,Finished,73,
2024,MotoGP,JPN,Race,JPN,J. Miller,Red Bull KTM Factory Racing,4.0,8.0,2.0,Finished,43,
2024,MotoGP,JPN,Race,JPN,M. Viñales,Aprilia Racing,3.0,9.0,1.0,Finished,12,
2024,MotoGP,JPN,Race,JPN,M. Bezzecchi,Pertamina Enduro VR46 Racing Team,8.0,10.0,0.0,Finished,72,
2024,MotoGP,JPN,Race,JPN,R. Fernandez,Trackhouse Racing,3.0,11.0,0.0,Finished,25,
2024,MotoGP,JPN,Race,JPN,F. Quartararo,Monster Energy Yamaha MotoGP Team,2.0,12.0,0.0,Finished,20,
2024,MotoGP,JPN,Race,JPN,L. Marini,Repsol Honda Team,10.0,13.0,0.0,Finished,10,
2024,MotoGP,JPN,Race,JPN,J. Zarco,CASTROL Honda LCR,6.0,14.0,0.0,Finished,5,
2024,MotoGP,JPN,Race,JPN,A. Fernandez,Red Bull GASGAS Tech3,8.0,15.0,0.0,Finished,37,
2024,MotoGP,JPN,Race,JPN,A. Rins,Monster Energy Yamaha MotoGP Team,9.0,16.0,0.0,Finished,42,
2024,MotoGP,JPN,Race,JPN,L. Savadori,Trackhouse Racing,12.0,17.0,0.0,Finished,32,
2024,MotoGP,JPN,Race,JPN,R. Gardner,Yamaha Factory Racing Team,13.0,18.0,0.0,Finished,87,
2024,MotoGP,JPN,Race,JPN,J. Mir,Repsol Honda Team,7.0,,0.0,DNF,36,
2024,MotoGP,JPN,Race,JPN,A. Espargaro,Aprilia Racing,5.0,,0.0,DNF,41,
2024,MotoGP,JPN,Race,JPN,P. Acosta,Red Bull GASGAS Tech3,1.0,,0.0,DNF,31,
2024,MotoGP,JPN,Race,JPN,T. Nakagami,IDEMITSU Honda LCR,11.0,,0.0,DNF,30,
2024,MotoGP,JPN,Race,JPN,B. Binder,Red Bull KTM Factory Racing,5.0,,0.0,DNF,33,
2024,MotoGP,AUS,Race,AUS,M. Marquez,Gresini Racing MotoGP,2.0,1.0,25.0,Finished,93,
2024,MotoGP,AUS,Race,AUS,J. Martin,Prima Pramac Racing,1.0,2.0,20.0,Finished,89,
2024,MotoGP,AUS,Race,AUS,F. Bagnaia,Ducati Lenovo Team,5.0,3.0,16.0,Finished,1,
2024,MotoGP,AUS,Race,AUS,F. Di Giannantonio,Pertamina Enduro VR46 Racing Team,12.0,4.0,13.0,Finished,49,
2024,MotoGP,AUS,Race,AUS,E. Bastianini,Ducati Lenovo Team,2.0,5.0,11.0,Finished,23,
2024,MotoGP,AUS,Race,AUS,F. Morbidelli,Prima Pramac Racing,7.0,6.0,10.0,Finished,21,
2024,MotoGP,AUS,Race,AUS,B. Binder,Red Bull KTM Factory Racing,11.0,7.0,9.0,Finished,33,
2024,MotoGP,AUS,Race,AUS,M. Viñales,Aprilia Racing,3.0,8.0,8.0,Finished,12,
2024,MotoGP,AUS,Race,AUS,F. Quartararo,Monster Energy Yamaha MotoGP Team,9.0,9.0,7.0,Finished,20,
2024,MotoGP,AUS,Race,AUS,R. Fernandez,Trackhouse Racing,1.0,10.0,6.0,Finished,25,
2024,MotoGP,AUS,Race,AUS,J. Miller,Red Bull KTM Factory Racing,6.0,11.0,5.0,Finished,43,
2024,MotoGP,AUS,Race,AUS,J. Zarco,CASTROL Honda LCR,4.0,12.0,4.0,Finished,5,
2024,MotoGP,AUS,Race,AUS,A. Rins,Monster Energy Yamaha MotoGP Team,9.0,13.0,3.0,Finished,42,
2024,MotoGP,AUS,Race,AUS,L. Marini,Repsol Honda Team,3.0,14.0,2.0,Finished,10,
2024,MotoGP,AUS,Race,AUS,A. Marquez,Gresini Racing MotoGP,8.0,15.0,1.0,Finished,73,
2024,MotoGP,AUS,Race,AUS,A. Espargaro,Aprilia Racing,10.0,16.0,0.0,Finished,41,
2024,MotoGP,AUS,Race,AUS,A. Fernandez,Red Bull GASGAS Tech3,7.0,17.0,0.0,Finished,37,
2024,MotoGP,AUS,Race,AUS,T. Nakagami,IDEMITSU Honda LCR,11.0,18.0,0.0,Finished,30,
2024,MotoGP,AUS,Race,AUS,M. Bezzecchi,Pertamina Enduro VR46 Racing Team,4.0,19.0,0.0,Finished,72,
2024,MotoGP,AUS,Race,AUS,J. Mir,Repsol Honda Team,8.0,,0.0,DNF,36,
2024,MotoGP,AUS,Race,AUS,L. Savadori,Trackhouse Racing,12.0,,0.0,DNF,32,
2024,MotoGP,AUS,Race,AUS,J. Martin,Prima Pramac Racing,1.0,1.0,12.0,Finished,89,
2024,MotoGP,AUS,Race,AUS,M. Marquez,Gresini Racing MotoGP,2.0,2.0,9.0,Finished,93,
2024,MotoGP,AUS,Race,AUS,E. Bastianini,Ducati Lenovo Team,2.0,3.0,7.0,Finished,23,
2024,MotoGP,AUS,Race,AUS,F. Bagnaia,Ducati Lenovo Team,5.0,4.0,6.0,Finished,1,
2024,MotoGP,AUS,Race,AUS,F. Morbidelli,Prima Pramac Racing,7.0,5.0,5.0,Finished,21,
2024,MotoGP,AUS,Race,AUS,R. Fernandez,Trackhouse Racing,1.0,6.0,4.0,Finished,25,
2024,MotoGP,AUS,Race,AUS,F. Di Giannantonio,Pertamina Enduro VR46 Racing Team,12.0,7.0,3.0,Finished,49,
2024,MotoGP,AUS,Race,AUS,A. Espargaro,Aprilia Racing,10.0,8.0,2.0,Finished,41,
2024,MotoGP,AUS,Race,AUS,A. Fernandez,Red Bull GASGAS Tech3,7.0,9.0,1.0,Finished,37,
2024,MotoGP,AUS,Race,AUS,L. Marini,Repsol Honda Team,3.0,10.0,0.0,Finished,10,
2024,MotoGP,AUS,Race,AUS,F. Quartararo,Monster Energy Yamaha MotoGP Team,9.0,11.0,0.0,Finished,20,
2024,MotoGP,AUS,Race,AUS,A. Rins,Monster Energy Yamaha MotoGP Team,9.0,12.0,0.0,Finished,42,
2024,MotoGP,AUS,Race,AUS,J. Mir,Repsol Honda Team,8.0,13.0,0.0,Finished,36,
2024,MotoGP,AUS,Race,AUS,T. Nakagami,IDEMITSU Honda LCR,11.0,14.0,0.0,Finished,30,
2024,MotoGP,AUS,Race,AUS,L. Savadori,Trackhouse Racing,12.0,15.0,0.0,Finished,32,
2024,MotoGP,AUS,Race,AUS,B. Binder,Red Bull KTM Factory Racing,11.0,,0.0,DNF,33,
2024,MotoGP,AUS,Race,AUS,M. Viñales,Aprilia Racing,3.0,,0.0,DNF,12,
2024,MotoGP,AUS,Race,AUS,M. Bezzecchi,Pertamina Enduro VR46 Racing Team,4.0,,0.0,DNF,72,
2024,MotoGP,AUS,Race,AUS,P. Acosta,Red Bull GASGAS Tech3,5.0,,0.0,DNF,31,
2024,MotoGP,AUS,Race,AUS,J. Miller,Red Bull KTM Factory Racing,6.0,,0.0,DNF,43,
2024,MotoGP,AUS,Race,AUS,A. Marquez,Gresini Racing MotoGP,8.0,,0.0,DNF,73,
2024,MotoGP,AUS,Race,AUS,J. Zarco,CASTROL Honda LCR,4.0,,0.0,DNF,5,
2024,MotoGP,THA,Race,THA,F. Bagnaia,Ducati Lenovo Team,1.0,1.0,25.0,Finished,1,
2024,MotoGP,THA,Race,THA,J. Martin,Prima Pramac Racing,3.0,2.0,20.0,Finished,89,
2024,MotoGP,THA,Race,THA,P. Acosta,Red Bull GASGAS Tech3,7.0,3.0,16.0,Finished,31,
2024,MotoGP,THA,Race,THA,F. Di Giannantonio,Pertamina Enduro VR46 Racing Team,2.0,4.0,13.0,Finished,49,
2024,MotoGP,THA,Race,THA,J. Miller,Red Bull KTM Factory Racing,5.0,5.0,11.0,Finished,43,
2024,MotoGP,THA,Race,THA,B. Binder,Red Bull KTM Factory Racing,3.0,6.0,10.0,Finished,33,
2024,MotoGP,THA,Race,THA,M. Viñales,Aprilia Racing,10.0,7.0,9.0,Finished,12,
2024,MotoGP,THA,Race,THA,J. Zarco,CASTROL Honda LCR,12.0,8.0,8.0,Finished,5,
2024,MotoGP,THA,Race,THA,A. Espargaro,Aprilia Racing,4.0,9.0,7.0,Finished,41,
2024,MotoGP,THA,Race,THA,A. Marquez,Gresini Racing MotoGP,9.0,10.0,6.0,Finished,73,
2024,MotoGP,THA,Race,THA,M. Marquez,Gresini Racing MotoGP,5.0,11.0,5.0,Finished,93,
2024,MotoGP,THA,Race,THA,L. Marini,Repsol Honda Team,11.0,12.0,4.0,Finished,10,
2024,MotoGP,THA,Race,THA,T. Nakagami,IDEMITSU Honda LCR,8.0,13.0,3.0,Finished,30,
2024,MotoGP,THA,Race,THA,E. Bastianini,Ducati Lenovo Team,2.0,14.0,2.0,Finished,23,
2024,MotoGP,THA,Race,THA,J. Mir,Repsol Honda Team,9.0,15.0,1.0,Finished,36,
2024,MotoGP,THA,Race,THA,F. Quartararo,Monster Energy Yamaha MotoGP Team,1.0,16.0,0.0,Finished,20,
2024,MotoGP,THA,Race,THA,A. Fernandez,Red Bull GASGAS Tech3,6.0,,0.0,DNF,37,
2024,MotoGP,THA,Race,THA,A. Rins,Monster Energy Yamaha MotoGP Team,7.0,,0.0,DNF,42,
2024,MotoGP,THA,Race,THA,L. Savadori,Trackhouse Racing,12.0,,0.0,DNF,32,
2024,MotoGP,THA,Race,THA,F. Morbidelli,Prima Pramac Racing,11.0,,0.0,DNF,21,
2024,MotoGP,THA,Race,THA,R. Fernandez,Trackhouse Racing,10.0,,0.0,DNF,25,
2024,MotoGP,THA,Race,THA,M. Bezzecchi,Pertamina Enduro VR46 Racing Team,4.0,,0.0,DNF,72,
2024,MotoGP,THA,Race,THA,E. Bastianini,Ducati Lenovo Team,2.0,1.0,12.0,Finished,23,
2024,MotoGP,THA,Race,THA,J. Martin,Prima Pramac Racing,3.0,2.0,9.0,Finished,89,
2024,MotoGP,THA,Race,THA,F. Bagnaia,Ducati Lenovo Team,1.0,3.0,7.0,Finished,1,
2024,MotoGP,THA,Race,THA,M. Marquez,Gresini Racing MotoGP,5.0,4.0,6.0,Finished,93,
2024,MotoGP,THA,Race,THA,A. Marquez,Gresini Racing MotoGP,9.0,5.0,5.0,Finished,73,
2024,MotoGP,THA,Race,THA,F. Morbidelli,Prima Pramac Racing,11.0,6.0,4.0,Finished,21,
2024,MotoGP,THA,Race,THA,M. Bezzecchi,Pertamina Enduro VR46 Racing Team,4.0,7.0,3.0,Finished,72,
2024,MotoGP,THA,Race,THA,F. Di Giannantonio,Pertamina Enduro VR46 Racing Team,2.0,8.0,2.0,Finished,49,
2024,MotoGP,THA,Race,THA,B. Binder,Red Bull KTM Factory Racing,3.0,9.0,1.0,Finished,33,
2024,MotoGP,THA,Race,THA,F. Quartararo,Monster Energy Yamaha MotoGP Team,1.0,10.0,0.0,Finished,20,
2024,MotoGP,THA,Race,THA,J. Miller,Red Bull KTM Factory Racing,5.0,11.0,0.0,Finished,43,
2024,MotoGP,THA,Race,THA,J. Zarco,CASTROL Honda LCR,12.0,12.0,0.0,Finished,5,
2024,MotoGP,THA,Race,THA,J. Mir,Repsol Honda Team,9.0,13.0,0.0,Finished,36,
2024,MotoGP,THA,Race,THA,R. Fernandez,Trackhouse Racing,10.0,14.0,0.0,Finished,25,
2024,MotoGP,THA,Race,THA,A. Espargaro,Aprilia Racing,4.0,15.0,0.0,Finished,41,
2024,MotoGP,THA,Race,THA,A. Fernandez,Red Bull GASGAS Tech3,6.0,16.0,0.0,Finished,37,
2024,MotoGP,THA,Race,THA,A. Rins,Monster Energy Yamaha MotoGP Team,7.0,17.0,0.0,Finished,42,
2024,MotoGP,THA,Race,THA,T. Nakagami,IDEMITSU Honda LCR,8.0,18.0,0.0,Finished,30,
2024,MotoGP,THA,Race,THA,L. Marini,Repsol Honda Team,11.0,19.0,0.0,Finished,10,
2024,MotoGP,THA,Race,THA,M. Viñales,Aprilia Racing,10.0,20.0,0.0,Finished,12,
2024,MotoGP,THA,Race,THA,L. Savadori,Trackhouse Racing,12.0,21.0,0.0,Finished,32,
2024,MotoGP,THA,Race,THA,P. Acosta,Red Bull GASGAS Tech3,7.0,,0.0,DNF,31,
2024,MotoGP,MAL,Race,MAL,F. Bagnaia,Ducati Lenovo Team,1.0,1.0,25.0,Finished,1,
2024,MotoGP,MAL,Race,MAL,J. Martin,Prima Pramac Racing,2.0,2.0,20.0,Finished,89,
2024,MotoGP,MAL,Race,MAL,E. Bastianini,Ducati Lenovo Team,6.0,3.0,16.0,Finished,23,
2024,MotoGP,MAL,Race,MAL,A. Marquez,Gresini Racing MotoGP,3.0,4.0,13.0,Finished,73,
2024,MotoGP,MAL,Race,MAL,P. Acosta,Red Bull GASGAS Tech3,3.0,5.0,11.0,Finished,31,
2024,MotoGP,MAL,Race,MAL,F. Quartararo,Monster Energy Yamaha MotoGP Team,8.0,6.0,10.0,Finished,20,
2024,MotoGP,MAL,Race,MAL,M. Viñales,Aprilia Racing,12.0,7.0,9.0,Finished,12,
2024,MotoGP,MAL,Race,MAL,A. Rins,Monster Energy Yamaha MotoGP Team,9.0,8.0,8.0,Finished,42,
2024,MotoGP,MAL,Race,MAL,M. Bezzecchi,Pertamina Enduro VR46 Racing Team,4.0,9.0,7.0,Finished,72,
2024,MotoGP,MAL,Race,MAL,A. Fernandez,Red Bull GASGAS Tech3,11.0,10.0,6.0,Finished,37,
2024,MotoGP,MAL,Race,MAL,J. Zarco,CASTROL Honda LCR,1.0,11.0,5.0,Finished,5,
2024,MotoGP,MAL,Race,MAL,M. Marquez,Gresini Racing MotoGP,5.0,12.0,4.0,Finished,93,
2024,MotoGP,MAL,Race,MAL,A. Espargaro,Aprilia Racing,6.0,13.0,3.0,Finished,41,
2024,MotoGP,MAL,Race,MAL,F. Morbidelli,Prima Pramac Racing,4.0,14.0,2.0,Finished,21,
2024,MotoGP,MAL,Race,MAL,L. Marini,Repsol Honda Team,9.0,15.0,1.0,Finished,10,
2024,MotoGP,MAL,Race,MAL,R. Fernandez,Trackhouse Racing,5.0,16.0,0.0,Finished,25,
2024,MotoGP,MAL,Race,MAL,A. Iannone,Pertamina Enduro VR46 Racing Team,7.0,17.0,0.0,Finished,29,
2024,MotoGP,MAL,Race,MAL,L. Savadori,Trackhouse Racing,12.0,18.0,0.0,Finished,32,
2024,MotoGP,MAL,Race,MAL,T. Nakagami,IDEMITSU Honda LCR,8.0,,0.0,DNF,30,
2024,MotoGP,MAL,Race,MAL,J. Mir,Repsol Honda Team,10.0,,0.0,DNF,36,
2024,MotoGP,MAL,Race,MAL,B. Binder,Red Bull KTM Factory Racing,2.0,,0.0,DNF,33,
2024,MotoGP,MAL,Race,MAL,J. Miller,Red Bull KTM Factory Racing,7.0,,0.0,DNF,43,
2024,MotoGP,MAL,Race,MAL,J. Martin,Prima Pramac Racing,2.0,1.0,12.0,Finished,89,
2024,MotoGP,MAL,Race,MAL,M. Marquez,Gresini Racing MotoGP,5.0,2.0,9.0,Finished,93,
2024,MotoGP,MAL,Race,MAL,E. Bastianini,Ducati Lenovo Team,6.0,3.0,7.0,Finished,23,
2024,MotoGP,MAL,Race,MAL,A. Marquez,Gresini Racing MotoGP,3.0,4.0,6.0,Finished,73,
2024,MotoGP,MAL,Race,MAL,F. Quartararo,Monster Energy Yamaha MotoGP Team,8.0,5.0,5.0,Finished,20,
2024,MotoGP,MAL,Race,MAL,F. Morbidelli,Prima Pramac Racing,4.0,6.0,4.0,Finished,21,
2024,MotoGP,MAL,Race,MAL,B. Binder,Red Bull KTM Factory Racing,2.0,7.0,3.0,Finished,33,
2024,MotoGP,MAL,Race,MAL,J. Miller,Red Bull KTM Factory Racing,7.0,8.0,2.0,Finished,43,
2024,MotoGP,MAL,Race,MAL,P. Acosta,Red Bull GASGAS Tech3,3.0,9.0,1.0,Finished,31,
2024,MotoGP,MAL,Race,MAL,M. Bezzecchi,Pertamina Enduro VR46 Racing Team,4.0,10.0,0.0,Finished,72,
2024,MotoGP,MAL,Race,MAL,A. Rins,Monster Energy Yamaha MotoGP Team,9.0,11.0,0.0,Finished,42,
2024,MotoGP,MAL,Race,MAL,A. Espargaro,Aprilia Racing,6.0,12.0,0.0,Finished,41,
2024,MotoGP,MAL,Race,MAL,A. Fernandez,Red Bull GASGAS Tech3,11.0,13.0,0.0,Finished,37,
2024,MotoGP,MAL,Race,MAL,M. Viñales,Aprilia Racing,12.0,14.0,0.0,Finished,12,
2024,MotoGP,MAL,Race,MAL,L. Marini,Repsol Honda Team,9.0,15.0,0.0,Finished,10,
2024,MotoGP,MAL,Race,MAL,J. Mir,Repsol Honda Team,10.0,16.0,0.0,Finished,36,
2024,MotoGP,MAL,Race,MAL,T. Nakagami,IDEMITSU Honda LCR,8.0,17.0,0.0,Finished,30,
2024,MotoGP,MAL,Race,MAL,R. Fernandez,Trackhouse Racing,5.0,18.0,0.0,Finished,25,
2024,MotoGP,MAL,Race,MAL,A. Iannone,Pertamina Enduro VR46 Racing Team,7.0,19.0,0.0,Finished,29,
2024,MotoGP,MAL,Race,MAL,L. Savadori,Trackhouse Racing,12.0,20.0,0.0,Finished,32,
2024,MotoGP,MAL,Race,MAL,J. Zarco,CASTROL Honda LCR,1.0,,0.0,DNF,5,
2024,MotoGP,MAL,Race,MAL,F. Bagnaia,Ducati Lenovo Team,1.0,,0.0,DNF,1,
2024,MotoGP,SLD,Race,SLD,F. Bagnaia,Ducati Lenovo Team,1.0,1.0,25.0,Finished,1,
2024,MotoGP,SLD,Race,SLD,M. Marquez,Gresini Racing MotoGP,3.0,2.0,20.0,Finished,93,
2024,MotoGP,SLD,Race,SLD,J. Martin,Prima Pramac Racing,4.0,3.0,16.0,Finished,89,
2024,MotoGP,SLD,Race,SLD,A. Marquez,Gresini Racing MotoGP,11.0,4.0,13.0,Finished,73,
2024,MotoGP,SLD,Race,SLD,A. Espargaro,Aprilia Racing,2.0,5.0,11.0,Finished,41,
2024,MotoGP,SLD,Race,SLD,B. Binder,Red Bull KTM Factory Racing,8.0,6.0,10.0,Finished,33,
2024,MotoGP,SLD,Race,SLD,E. Bastianini,Ducati Lenovo Team,8.0,7.0,9.0,Finished,23,
2024,MotoGP,SLD,Race,SLD,F. Morbidelli,Prima Pramac Racing,1.0,8.0,8.0,Finished,21,
2024,MotoGP,SLD,Race,SLD,M. Bezzecchi,Pertamina Enduro VR46 Racing Team,9.0,9.0,7.0,Finished,72,
2024,MotoGP,SLD,Race,SLD,P. Acosta,Red Bull GASGAS Tech3,6.0,10.0,6.0,Finished,31,
2024,MotoGP,SLD,Race,SLD,F. Quartararo,Monster Energy Yamaha MotoGP Team,2.0,11.0,5.0,Finished,20,
2024,MotoGP,SLD,Race,SLD,M. Oliveira,Trackhouse Racing,4.0,12.0,4.0,Finished,88,
2024,MotoGP,SLD,Race,SLD,J. Miller,Red Bull KTM Factory Racing,9.0,13.0,3.0,Finished,43,
2024,MotoGP,SLD,Race,SLD,J. Zarco,CASTROL Honda LCR,12.0,14.0,2.0,Finished,5,
2024,MotoGP,SLD,Race,SLD,M. Viñales,Aprilia Racing,7.0,15.0,1.0,Finished,12,
2024,MotoGP,SLD,Race,SLD,L. Marini,Repsol Honda Team,6.0,16.0,0.0,Finished,10,
2024,MotoGP,SLD,Race,SLD,T. Nakagami,IDEMITSU Honda LCR,10.0,17.0,0.0,Finished,30,
2024,MotoGP,SLD,Race,SLD,R. Fernandez,Trackhouse Racing,7.0,18.0,0.0,Finished,25,
2024,MotoGP,SLD,Race,SLD,A. Fernandez,Red Bull GASGAS Tech3,11.0,19.0,0.0,Finished,37,
2024,MotoGP,SLD,Race,SLD,M. Pirro,Pertamina Enduro VR46 Racing Team,12.0,20.0,0.0,Finished,51,
2024,MotoGP,SLD,Race,SLD,A. Rins,Monster Energy Yamaha MotoGP Team,5.0,21.0,0.0,Finished,42,
2024,MotoGP,SLD,Race,SLD,S. Bradl,HRC Test Team,13.0,22.0,0.0,Finished,6,
2024,MotoGP,SLD,Race,SLD,J. Mir,Repsol Honda Team,3.0,,0.0,DNF,36,
2024,MotoGP,SLD,Race,SLD,F. Bagnaia,Ducati Lenovo Team,1.0,1.0,12.0,Finished,1,
2024,MotoGP,SLD,Race,SLD,E. Bastianini,Ducati Lenovo Team,8.0,2.0,9.0,Finished,23,
2024,MotoGP,SLD,Race,SLD,J. Martin,Prima Pramac Racing,4.0,3.0,7.0,Finished,89,
2024,MotoGP,SLD,Race,SLD,A. Espargaro,Aprilia Racing,2.0,4.0,6.0,Finished,41,
2024,MotoGP,SLD,Race,SLD,A. Marquez,Gresini Racing MotoGP,11.0,5.0,5.0,Finished,73,
2024,MotoGP,SLD,Race,SLD,F. Morbidelli,Prima Pramac Racing,1.0,6.0,4.0,Finished,21,
2024,MotoGP,SLD,Race,SLD,M. Marquez,Gresini Racing MotoGP,3.0,7.0,3.0,Finished,93,
2024,MotoGP,SLD,Race,SLD,M. Bezzecchi,Pertamina Enduro VR46 Racing Team,9.0,8.0,2.0,Finished,72,
2024,MotoGP,SLD,Race,SLD,B. Binder,Red Bull KTM Factory Racing,8.0,9.0,1.0,Finished,33,
2024,MotoGP,SLD,Race,SLD,F. Quartararo,Monster Energy Yamaha MotoGP Team,2.0,10.0,0.0,Finished,20,
2024,MotoGP,SLD,Race,SLD,J. Zarco,CASTROL Honda LCR,12.0,11.0,0.0,Finished,5,
2024,MotoGP,SLD,Race,SLD,M. Viñales,Aprilia Racing,7.0,12.0,0.0,Finished,12,
2024,MotoGP,SLD,Race,SLD,J. Mir,Repsol Honda Team,3.0,13.0,0.0,Finished,36,
2024,MotoGP,SLD,Race,SLD,R. Fernandez,Trackhouse Racing,7.0,14.0,0.0,Finished,25,
2024,MotoGP,SLD,Race,SLD,L. Marini,Repsol Honda Team,6.0,15.0,0.0,Finished,10,
2024,MotoGP,SLD,Race,SLD,A. Rins,Monster Energy Yamaha MotoGP Team,5.0,16.0,0.0,Finished,42,
2024,MotoGP,SLD,Race,SLD,T. Nakagami,IDEMITSU Honda LCR,10.0,17.0,0.0,Finished,30,
2024,MotoGP,SLD,Race,SLD,M. Oliveira,Trackhouse Racing,4.0,18.0,0.0,Finished,88,
2024,MotoGP,SLD,Race,SLD,J. Miller,Red Bull KTM Factory Racing,9.0,19.0,0.0,Finished,43,
2024,MotoGP,SLD,Race,SLD,A. Fernandez,Red Bull GASGAS Tech3,11.0,20.0,0.0,Finished,37,
2024,MotoGP,SLD,Race,SLD,M. Pirro,Pertamina Enduro VR46 Racing Team,12.0,21.0,0.0,Finished,51,
2024,MotoGP,SLD,Race,SLD,S. Bradl,HRC Test Team,13.0,22.0,0.0,Finished,6,
2024,MotoGP,SLD,Race,SLD,P. Acosta,Red Bull GASGAS Tech3,6.0,,0.0,DNF,31,
2025,MotoGP,THA,Race,THA,M. Marquez,Ducati Lenovo Team,1.0,1.0,25.0,Finished,93,
2025,MotoGP,THA,Race,THA,A. Marquez,BK8 Gresini Racing MotoGP,2.0,2.0,20.0,Finished,73,
2025,MotoGP,THA,Race,THA,F. Bagnaia,Ducati Lenovo Team,1.0,3.0,16.0,Finished,63,
2025,MotoGP,THA,Race,THA,F. Morbidelli,Pertamina Enduro VR46 Racing Team,6.0,4.0,13.0,Finished,21,
2025,MotoGP,THA,Race,THA,A. Ogura,Trackhouse MotoGP Team,5.0,5.0,11.0,Finished,79,
2025,MotoGP,THA,Race,THA,M. Bezzecchi,Aprilia Racing,9.0,6.0,10.0,Finished,72,
2025,MotoGP,THA,Race,THA,J. Zarco,CASTROL Honda LCR,12.0,7.0,9.0,Finished,5,
2025,MotoGP,THA,Race,THA,B. Binder,Red Bull KTM Factory Racing,4.0,8.0,8.0,Finished,33,
2025,MotoGP,THA,Race,THA,E. Bastianini,Red Bull KTM Tech3,10.0,9.0,7.0,Finished,23,
2025,MotoGP,THA,Race,THA,F. Di Giannantonio,Pertamina Enduro VR46 Racing Team,3.0,10.0,6.0,Finished,49,
2025,MotoGP,THA,Race,THA,J. Miller,Prima Pramac Yamaha MotoGP,2.0,11.0,5.0,Finished,43,
2025,MotoGP,THA,Race,THA,L. Marini,Honda HRC Castrol,6.0,12.0,4.0,Finished,10,
2025,MotoGP,THA,Race,THA,F. Aldeguer,BK8 Gresini Racing MotoGP,5.0,13.0,3.0,Finished,54,
2025,MotoGP,THA,Race,THA,M. Oliveira,Prima Pramac Yamaha MotoGP,7.0,14.0,2.0,Finished,88,
2025,MotoGP,THA,Race,THA,F. Quartararo,Monster Energy Yamaha MotoGP Team,10.0,15.0,1.0,Finished,20,
2025,MotoGP,THA,Race,THA,M. Viñales,Red Bull KTM Tech3,8.0,16.0,0.0,Finished,12,
2025,MotoGP,THA,Race,THA,A. Rins,Monster Energy Yamaha MotoGP Team,9.0,17.0,0.0,Finished,42,
2025,MotoGP,THA,Race,THA,S. Chantra,IDEMITSU Honda LCR,11.0,18.0,0.0,Finished,35,
2025,MotoGP,THA,Race,THA,P. Acosta,Red Bull KTM Factory Racing,7.0,19.0,0.0,Finished,37,
2025,MotoGP,THA,Race,THA,L. Savadori,Aprilia Racing,12.0,20.0,0.0,Finished,32,
2025,MotoGP,THA,Race,THA,R. Fernandez,Trackhouse MotoGP Team,8.0,,0.0,DNF,25,
2025,MotoGP,THA,Race,THA,J. Mir,Honda HRC Castrol,11.0,,0.0,DNF,36,
2025,MotoGP,THA,Race,THA,M. Marquez,Ducati Lenovo Team,1.0,1.0,12.0,Finished,93,
2025,MotoGP,THA,Race,THA,A. Marquez,BK8 Gresini Racing MotoGP,2.0,2.0,9.0,Finished,73,
2025,MotoGP,THA,Race,THA,F. Bagnaia,Ducati Lenovo Team,1.0,3.0,7.0,Finished,63,
2025,MotoGP,THA,Race,THA,A. Ogura,Trackhouse MotoGP Team,5.0,4.0,6.0,Finished,79,
2025,MotoGP,THA,Race,THA,F. Morbidelli,Pertamina Enduro VR46 Racing Team,6.0,5.0,5.0,Finished,21,
2025,MotoGP,THA,Race,THA,P. Acosta,Red Bull KTM Factory Racing,7.0,6.0,4.0,Finished,37,
2025,MotoGP,THA,Race,THA,F. Quartararo,Monster Energy Yamaha MotoGP Team,10.0,7.0,3.0,Finished,20,
2025,MotoGP,THA,Race,THA,B. Binder,Red Bull KTM Factory Racing,4.0,8.0,2.0,Finished,33,
2025,MotoGP,THA,Race,THA,J. Mir,Honda HRC Castrol,11.0,9.0,1.0,Finished,36,
2025,MotoGP,THA,Race,THA,J. Zarco,CASTROL Honda LCR,12.0,10.0,0.0,Finished,5,
2025,MotoGP,THA,Race,THA,R. Fernandez,Trackhouse MotoGP Team,8.0,11.0,0.0,Finished,25,
2025,MotoGP,THA,Race,THA,M. Bezzecchi,Aprilia Racing,9.0,12.0,0.0,Finished,72,
2025,MotoGP,THA,Race,THA,F. Aldeguer,BK8 Gresini Racing MotoGP,5.0,13.0,0.0,Finished,54,
2025,MotoGP,THA,Race,THA,M. Viñales,Red Bull KTM Tech3,8.0,14.0,0.0,Finished,12,
2025,MotoGP,THA,Race,THA,L. Marini,Honda HRC Castrol,6.0,15.0,0.0,Finished,10,
2025,MotoGP,THA,Race,THA,M. Oliveira,Prima Pramac Yamaha MotoGP,7.0,16.0,0.0,Finished,88,
2025,MotoGP,THA,Race,THA,A. Rins,Monster Energy Yamaha MotoGP Team,9.0,17.0,0.0,Finished,42,
2025,MotoGP,THA,Race,THA,E. Bastianini,Red Bull KTM Tech3,10.0,18.0,0.0,Finished,23,
2025,MotoGP,THA,Race,THA,S. Chantra,IDEMITSU Honda LCR,11.0,19.0,0.0,Finished,35,
2025,MotoGP,THA,Race,THA,L. Savadori,Aprilia Racing,12.0,20.0,0.0,Finished,32,
2025,MotoGP,THA,Race,THA,F. Di Giannantonio,Pertamina Enduro VR46 Racing Team,3.0,,0.0,DNF,49,
2025,MotoGP,THA,Race,THA,J. Miller,Prima Pramac Yamaha MotoGP,2.0,,0.0,DNF,43,
2025,MotoGP,ARG,Race,ARG,M. Marquez,Ducati Lenovo Team,1.0,1.0,25.0,Finished,93,
2025,MotoGP,ARG,Race,ARG,A. Marquez,BK8 Gresini Racing MotoGP,2.0,2.0,20.0,Finished,73,
2025,MotoGP,ARG,Race,ARG,F. Morbidelli,Pertamina Enduro VR46 Racing Team,1.0,3.0,16.0,Finished,21,
2025,MotoGP,ARG,Race,ARG,F. Bagnaia,Ducati Lenovo Team,4.0,4.0,13.0,Finished,63,
2025,MotoGP,ARG,Race,ARG,F. Di Giannantonio,Pertamina Enduro VR46 Racing Team,6.0,5.0,11.0,Finished,49,
2025,MotoGP,ARG,Race,ARG,J. Zarco,CASTROL Honda LCR,3.0,6.0,10.0,Finished,5,
2025,MotoGP,ARG,Race,ARG,B. Binder,Red Bull KTM Factory Racing,11.0,7.0,9.0,Finished,33,
2025,MotoGP,ARG,Race,ARG,P. Acosta,Red Bull KTM Factory Racing,5.0,8.0,8.0,Finished,37,
2025,MotoGP,ARG,Race,ARG,J. Mir,Honda HRC Castrol,2.0,9.0,7.0,Finished,36,
2025,MotoGP,ARG,Race,ARG,L. Marini,Honda HRC Castrol,6.0,10.0,6.0,Finished,10,
2025,MotoGP,ARG,Race,ARG,A. Rins,Monster Energy Yamaha MotoGP Team,12.0,11.0,5.0,Finished,42,
2025,MotoGP,ARG,Race,ARG,M. Viñales,Red Bull KTM Tech3,10.0,12.0,4.0,Finished,12,
2025,MotoGP,ARG,Race,ARG,J. Miller,Prima Pramac Yamaha MotoGP,3.0,13.0,3.0,Finished,43,
2025,MotoGP,ARG,Race,ARG,F. Quartararo,Monster Energy Yamaha MotoGP Team,7.0,14.0,2.0,Finished,20,
2025,MotoGP,ARG,Race,ARG,R. Fernandez,Trackhouse MotoGP Team,8.0,15.0,1.0,Finished,25,
2025,MotoGP,ARG,Race,ARG,F. Aldeguer,BK8 Gresini Racing MotoGP,4.0,16.0,0.0,Finished,54,
2025,MotoGP,ARG,Race,ARG,E. Bastianini,Red Bull KTM Tech3,11.0,17.0,0.0,Finished,23,
2025,MotoGP,ARG,Race,ARG,S. Chantra,IDEMITSU Honda LCR,9.0,18.0,0.0,Finished,35,
2025,MotoGP,ARG,Race,ARG,M. Bezzecchi,Aprilia Racing,9.0,,0.0,DNF,72,
2025,MotoGP,ARG,Race,ARG,A. Ogura,Trackhouse MotoGP Team,5.0,,0.0,DNF,79,
2025,MotoGP,ARG,Race,ARG,M. Marquez,Ducati Lenovo Team,1.0,1.0,12.0,Finished,93,
2025,MotoGP,ARG,Race,ARG,A. Marquez,BK8 Gresini Racing MotoGP,2.0,2.0,9.0,Finished,73,
2025,MotoGP,ARG,Race,ARG,F. Bagnaia,Ducati Lenovo Team,4.0,3.0,7.0,Finished,63,
2025,MotoGP,ARG,Race,ARG,J. Zarco,CASTROL Honda LCR,3.0,4.0,6.0,Finished,5,
2025,MotoGP,ARG,Race,ARG,F. Di Giannantonio,Pertamina Enduro VR46 Racing Team,6.0,5.0,5.0,Finished,49,
2025,MotoGP,ARG,Race,ARG,M. Bezzecchi,Aprilia Racing,9.0,6.0,4.0,Finished,72,
2025,MotoGP,ARG,Race,ARG,F. Morbidelli,Pertamina Enduro VR46 Racing Team,1.0,7.0,3.0,Finished,21,
2025,MotoGP,ARG,Race,ARG,J. Mir,Honda HRC Castrol,2.0,8.0,2.0,Finished,36,
2025,MotoGP,ARG,Race,ARG,P. Acosta,Red Bull KTM Factory Racing,5.0,9.0,1.0,Finished,37,
2025,MotoGP,ARG,Race,ARG,F. Quartararo,Monster Energy Yamaha MotoGP Team,7.0,10.0,0.0,Finished,20,
2025,MotoGP,ARG,Race,ARG,J. Miller,Prima Pramac Yamaha MotoGP,3.0,11.0,0.0,Finished,43,
2025,MotoGP,ARG,Race,ARG,A. Rins,Monster Energy Yamaha MotoGP Team,12.0,12.0,0.0,Finished,42,
2025,MotoGP,ARG,Race,ARG,L. Marini,Honda HRC Castrol,6.0,13.0,0.0,Finished,10,
2025,MotoGP,ARG,Race,ARG,E. Bastianini,Red Bull KTM Tech3,11.0,14.0,0.0,Finished,23,
2025,MotoGP,ARG,Race,ARG,A. Ogura,Trackhouse MotoGP Team,5.0,15.0,0.0,Finished,79,
2025,MotoGP,ARG,Race,ARG,R. Fernandez,Trackhouse MotoGP Team,8.0,16.0,0.0,Finished,25,
2025,MotoGP,ARG,Race,ARG,S. Chantra,IDEMITSU Honda LCR,9.0,17.0,0.0,Finished,35,
2025,MotoGP,ARG,Race,ARG,M. Viñales,Red Bull KTM Tech3,10.0,18.0,0.0,Finished,12,
2025,MotoGP,ARG,Race,ARG,F. Aldeguer,BK8 Gresini Racing MotoGP,4.0,19.0,0.0,Finished,54,
2025,MotoGP,ARG,Race,ARG,L. Savadori,Aprilia Racing,12.0,,0.0,DNF,32,
2025,MotoGP,ARG,Race,ARG,M. Oliveira,Prima Pramac Yamaha MotoGP,7.0,,0.0,DNF,88,
2025,MotoGP,ARG,Race,ARG,B. Binder,Red Bull KTM Factory Racing,11.0,,0.0,DNF,33,
2025,MotoGP,AME,Race,AME,F. Bagnaia,Ducati Lenovo Team,6.0,1.0,25.0,Finished,63,
2025,MotoGP,AME,Race,AME,A. Marquez,BK8 Gresini Racing MotoGP,3.0,2.0,20.0,Finished,73,
2025,MotoGP,AME,Race,AME,F. Di Giannantonio,Pertamina Enduro VR46 Racing Team,2.0,3.0,16.0,Finished,49,
2025,MotoGP,AME,Race,AME,F. Morbidelli,Pertamina Enduro VR46 Racing Team,5.0,4.0,13.0,Finished,21,
2025,MotoGP,AME,Race,AME,J. Miller,Prima Pramac Yamaha MotoGP,9.0,5.0,11.0,Finished,43,
2025,MotoGP,AME,Race,AME,M. Bezzecchi,Aprilia Racing,3.0,6.0,10.0,Finished,72,
2025,MotoGP,AME,Race,AME,E. Bastianini,Red Bull KTM Tech3,7.0,7.0,9.0,Finished,23,
2025,MotoGP,AME,Race,AME,L. Marini,Honda HRC Castrol,1.0,8.0,8.0,Finished,10,
2025,MotoGP,AME,Race,AME,A. Ogura,Trackhouse MotoGP Team,8.0,9.0,7.0,Finished,79,
2025,MotoGP,AME,Race,AME,F. Quartararo,Monster Energy Yamaha MotoGP Team,2.0,10.0,6.0,Finished,20,
2025,MotoGP,AME,Race,AME,A. Rins,Monster Energy Yamaha MotoGP Team,4.0,11.0,5.0,Finished,42,
2025,MotoGP,AME,Race,AME,R. Fernandez,Trackhouse MotoGP Team,9.0,12.0,4.0,Finished,25,
2025,MotoGP,AME,Race,AME,A. Fernandez,Prima Pramac Yamaha MotoGP,10.0,13.0,3.0,Finished,7,
2025,MotoGP,AME,Race,AME,M. Viñales,Red Bull KTM Tech3,10.0,14.0,2.0,Finished,12,
2025,MotoGP,AME,Race,AME,L. Savadori,Aprilia Racing,12.0,15.0,1.0,Finished,32,
2025,MotoGP,AME,Race,AME,S. Chantra,IDEMITSU Honda LCR,11.0,16.0,0.0,Finished,35,
2025,MotoGP,AME,Race,AME,J. Zarco,CASTROL Honda LCR,5.0,17.0,0.0,Finished,5,
2025,MotoGP,AME,Race,AME,F. Aldeguer,BK8 Gresini Racing MotoGP,12.0,,0.0,DNF,54,
2025,MotoGP,AME,Race,AME,M. Marquez,Ducati Lenovo Team,1.0,,0.0,DNF,93,
2025,MotoGP,AME,Race,AME,B. Binder,Red Bull KTM Factory Racing,6.0,,0.0,DNF,33,
2025,MotoGP,AME,Race,AME,J. Mir,Honda HRC Castrol,8.0,,0.0,DNF,36,
2025,MotoGP,AME,Race,AME,P. Acosta,Red Bull KTM Factory Racing,4.0,,0.0,DNF,37,
2025,MotoGP,AME,Race,AME,M. Marquez,Ducati Lenovo Team,1.0,1.0,12.0,Finished,93,
2025,MotoGP,AME,Race,AME,A. Marquez,BK8 Gresini Racing MotoGP,3.0,2.0,9.0,Finished,73,
2025,MotoGP,AME,Race,AME,F. Bagnaia,Ducati Lenovo Team,6.0,3.0,7.0,Finished,63,
2025,MotoGP,AME,Race,AME,F. Di Giannantonio,Pertamina Enduro VR46 Racing Team,2.0,4.0,6.0,Finished,49,
2025,MotoGP,AME,Race,AME,F. Morbidelli,Pertamina Enduro VR46 Racing Team,5.0,5.0,5.0,Finished,21,
2025,MotoGP,AME,Race,AME,F. Quartararo,Monster Energy Yamaha MotoGP Team,2.0,6.0,4.0,Finished,20,
2025,MotoGP,AME,Race,AME,P. Acosta,Red Bull KTM Factory Racing,4.0,7.0,3.0,Finished,37,
2025,MotoGP,AME,Race,AME,L. Marini,Honda HRC Castrol,1.0,8.0,2.0,Finished,10,
2025,MotoGP,AME,Race,AME,A. Ogura,Trackhouse MotoGP Team,8.0,9.0,1.0,Finished,79,
2025,MotoGP,AME,Race,AME,M. Bezzecchi,Aprilia Racing,3.0,10.0,0.0,Finished,72,
2025,MotoGP,AME,Race,AME,F. Aldeguer,BK8 Gresini Racing MotoGP,12.0,11.0,0.0,Finished,54,
2025,MotoGP,AME,Race,AME,B. Binder,Red Bull KTM Factory Racing,6.0,12.0,0.0,Finished,33,
2025,MotoGP,AME,Race,AME,E. Bastianini,Red Bull KTM Tech3,7.0,13.0,0.0,Finished,23,
2025,MotoGP,AME,Race,AME,J. Miller,Prima Pramac Yamaha MotoGP,9.0,14.0,0.0,Finished,43,
2025,MotoGP,AME,Race,AME,A. Rins,Monster Energy Yamaha MotoGP Team,4.0,15.0,0.0,Finished,42,
2025,MotoGP,AME,Race,AME,J. Zarco,CASTROL Honda LCR,5.0,16.0,0.0,Finished,5,
2025,MotoGP,AME,Race,AME,R. Fernandez,Trackhouse MotoGP Team,9.0,17.0,0.0,Finished,25,
2025,MotoGP,AME,Race,AME,A. Fernandez,Prima Pramac Yamaha MotoGP,10.0,18.0,0.0,Finished,7,
2025,MotoGP,AME,Race,AME,S. Chantra,IDEMITSU Honda LCR,11.0,19.0,0.0,Finished,35,
2025,MotoGP,AME,Race,AME,L. Savadori,Aprilia Racing,12.0,20.0,0.0,Finished,32,
2025,MotoGP,AME,Race,AME,M. Viñales,Red Bull KTM Tech3,10.0,,0.0,DNF,12,
2025,MotoGP,AME,Race,AME,J. Mir,Honda HRC Castrol,8.0,,0.0,DNF,36,
2025,MotoGP,QAT,Race,QAT,M. Marquez,Ducati Lenovo Team,1.0,1.0,25.0,Finished,93,
2025,MotoGP,QAT,Race,QAT,F. Bagnaia,Ducati Lenovo Team,11.0,2.0,20.0,Finished,63,
2025,MotoGP,QAT,Race,QAT,F. Morbidelli,Pertamina Enduro VR46 Racing Team,4.0,3.0,16.0,Finished,21,
2025,MotoGP,QAT,Race,QAT,J. Zarco,CASTROL Honda LCR,7.0,4.0,13.0,Finished,5,
2025,MotoGP,QAT,Race,QAT,F. Aldeguer,BK8 Gresini Racing MotoGP,8.0,5.0,11.0,Finished,54,
2025,MotoGP,QAT,Race,QAT,A. Marquez,BK8 Gresini Racing MotoGP,2.0,6.0,10.0,Finished,73,
2025,MotoGP,QAT,Race,QAT,F. Quartararo,Monster Energy Yamaha MotoGP Team,3.0,7.0,9.0,Finished,20,
2025,MotoGP,QAT,Race,QAT,P. Acosta,Red Bull KTM Factory Racing,12.0,8.0,8.0,Finished,37,
2025,MotoGP,QAT,Race,QAT,M. Bezzecchi,Aprilia Racing,3.0,9.0,7.0,Finished,72,
2025,MotoGP,QAT,Race,QAT,L. Marini,Honda HRC Castrol,5.0,10.0,6.0,Finished,10,
2025,MotoGP,QAT,Race,QAT,E. Bastianini,Red Bull KTM Tech3,10.0,11.0,5.0,Finished,23,
2025,MotoGP,QAT,Race,QAT,A. Rins,Monster Energy Yamaha MotoGP Team,2.0,12.0,4.0,Finished,42,
2025,MotoGP,QAT,Race,QAT,B. Binder,Red Bull KTM Factory Racing,8.0,13.0,3.0,Finished,33,
2025,MotoGP,QAT,Race,QAT,M. Viñales,Red Bull KTM Tech3,6.0,14.0,2.0,Finished,12,
2025,MotoGP,QAT,Race,QAT,A. Ogura,Trackhouse MotoGP Team,1.0,15.0,1.0,Finished,79,
2025,MotoGP,QAT,Race,QAT,F. Di Giannantonio,Pertamina Enduro VR46 Racing Team,5.0,16.0,0.0,Finished,49,
2025,MotoGP,QAT,Race,QAT,R. Fernandez,Trackhouse MotoGP Team,7.0,17.0,0.0,Finished,25,
2025,MotoGP,QAT,Race,QAT,S. Chantra,IDEMITSU Honda LCR,12.0,18.0,0.0,Finished,35,
2025,MotoGP,QAT,Race,QAT,A. Fernandez,Prima Pramac Yamaha MotoGP,9.0,,0.0,DNF,7,
2025,MotoGP,QAT,Race,QAT,J. Martin,Aprilia Racing,4.0,,0.0,DNF,1,
2025,MotoGP,QAT,Race,QAT,J. Mir,Honda HRC Castrol,11.0,,0.0,DNF,36,
2025,MotoGP,QAT,Race,QAT,J. Miller,Prima Pramac Yamaha MotoGP,6.0,,0.0,DNF,43,
2025,MotoGP,QAT,Race,QAT,M. Marquez,Ducati Lenovo Team,1.0,1.0,12.0,Finished,93,
2025,MotoGP,QAT,Race,QAT,A. Marquez,BK8 Gresini Racing MotoGP,2.0,2.0,9.0,Finished,73,
2025,MotoGP,QAT,Race,QAT,F. Morbidelli,Pertamina Enduro VR46 Racing Team,4.0,3.0,7.0,Finished,21,
2025,MotoGP,QAT,Race,QAT,F. Aldeguer,BK8 Gresini Racing MotoGP,8.0,4.0,6.0,Finished,54,
2025,MotoGP,QAT,Race,QAT,F. Quartararo,Monster Energy Yamaha MotoGP Team,3.0,5.0,5.0,Finished,20,
2025,MotoGP,QAT,Race,QAT,F. Di Giannantonio,Pertamina Enduro VR46 Racing Team,5.0,6.0,4.0,Finished,49,
2025,MotoGP,QAT,Race,QAT,A. Ogura,Trackhouse MotoGP Team,1.0,7.0,3.0,Finished,79,
2025,MotoGP,QAT,Race,QAT,F. Bagnaia,Ducati Lenovo Team,11.0,8.0,2.0,Finished,63,
2025,MotoGP,QAT,Race,QAT,M. Bezzecchi,Aprilia Racing,3.0,9.0,1.0,Finished,72,
2025,MotoGP,QAT,Race,QAT,M. Viñales,Red Bull KTM Tech3,6.0,10.0,0.0,Finished,12,
2025,MotoGP,QAT,Race,QAT,P. Acosta,Red Bull KTM Factory Racing,12.0,11.0,0.0,Finished,37,
2025,MotoGP,QAT,Race,QAT,A. Rins,Monster Energy Yamaha MotoGP Team,2.0,12.0,0.0,Finished,42,
2025,MotoGP,QAT,Race,QAT,E. Bastianini,Red Bull KTM Tech3,10.0,13.0,0.0,Finished,23,
2025,MotoGP,QAT,Race,QAT,B. Binder,Red Bull KTM Factory Racing,8.0,14.0,0.0,Finished,33,
2025,MotoGP,QAT,Race,QAT,L. Marini,Honda HRC Castrol,5.0,15.0,0.0,Finished,10,
2025,MotoGP,QAT,Race,QAT,J. Martin,Aprilia Racing,4.0,16.0,0.0,Finished,1,
2025,MotoGP,QAT,Race,QAT,R. Fernandez,Trackhouse MotoGP Team,7.0,17.0,0.0,Finished,25,
2025,MotoGP,QAT,Race,QAT,A. Fernandez,Prima Pramac Yamaha MotoGP,9.0,18.0,0.0,Finished,7,
2025,MotoGP,QAT,Race,QAT,J. Miller,Prima Pramac Yamaha MotoGP,6.0,19.0,0.0,Finished,43,
2025,MotoGP,QAT,Race,QAT,S. Chantra,IDEMITSU Honda LCR,12.0,20.0,0.0,Finished,35,
2025,MotoGP,QAT,Race,QAT,J. Zarco,CASTROL Honda LCR,7.0,,0.0,DNF,5,
2025,MotoGP,SPA,Race,SPA,A. Marquez,BK8 Gresini Racing MotoGP,4.0,1.0,25.0,Finished,73,
2025,MotoGP,SPA,Race,SPA,F. Quartararo,Monster Energy Yamaha MotoGP Team,1.0,2.0,20.0,Finished,20,
2025,MotoGP,SPA,Race,SPA,F. Bagnaia,Ducati Lenovo Team,3.0,3.0,16.0,Finished,63,
2025,MotoGP,SPA,Race,SPA,M. Viñales,Red Bull KTM Tech3,1.0,4.0,13.0,Finished,12,
2025,MotoGP,SPA,Race,SPA,F. Di Giannantonio,Pertamina Enduro VR46 Racing Team,8.0,5.0,11.0,Finished,49,
2025,MotoGP,SPA,Race,SPA,B. Binder,Red Bull KTM Factory Racing,3.0,6.0,10.0,Finished,33,
2025,MotoGP,SPA,Race,SPA,P. Acosta,Red Bull KTM Factory Racing,12.0,7.0,9.0,Finished,37,
2025,MotoGP,SPA,Race,SPA,A. Ogura,Trackhouse MotoGP Team,5.0,8.0,8.0,Finished,79,
2025,MotoGP,SPA,Race,SPA,E. Bastianini,Red Bull KTM Tech3,8.0,9.0,7.0,Finished,23,
2025,MotoGP,SPA,Race,SPA,L. Marini,Honda HRC Castrol,6.0,10.0,6.0,Finished,10,
2025,MotoGP,SPA,Race,SPA,J. Zarco,CASTROL Honda LCR,10.0,11.0,5.0,Finished,5,
2025,MotoGP,SPA,Race,SPA,M. Marquez,Ducati Lenovo Team,2.0,12.0,4.0,Finished,93,
2025,MotoGP,SPA,Race,SPA,A. Rins,Monster Energy Yamaha MotoGP Team,13.0,13.0,3.0,Finished,42,
2025,MotoGP,SPA,Race,SPA,M. Bezzecchi,Aprilia Racing,2.0,14.0,2.0,Finished,72,
2025,MotoGP,SPA,Race,SPA,R. Fernandez,Trackhouse MotoGP Team,7.0,15.0,1.0,Finished,25,
2025,MotoGP,SPA,Race,SPA,A. Fernandez,Prima Pramac Yamaha MotoGP,10.0,16.0,0.0,Finished,7,
2025,MotoGP,SPA,Race,SPA,A. Espargaro,Honda HRC Test Team,9.0,17.0,0.0,Finished,41,
2025,MotoGP,SPA,Race,SPA,L. Savadori,Aprilia Racing,12.0,18.0,0.0,Finished,32,
2025,MotoGP,SPA,Race,SPA,F. Aldeguer,BK8 Gresini Racing MotoGP,7.0,,0.0,DNF,54,
2025,MotoGP,SPA,Race,SPA,F. Morbidelli,Pertamina Enduro VR46 Racing Team,5.0,,0.0,DNF,21,
2025,MotoGP,SPA,Race,SPA,J. Mir,Honda HRC Castrol,9.0,,0.0,DNF,36,
2025,MotoGP,SPA,Race,SPA,J. Miller,Prima Pramac Yamaha MotoGP,4.0,,0.0,DNF,43,
2025,MotoGP,SPA,Race,SPA,S. Chantra,IDEMITSU Honda LCR,11.0,,0.0,DNF,35,
2025,MotoGP,SPA,Race,SPA,M. Marquez,Ducati Lenovo Team,2.0,1.0,12.0,Finished,93,
2025,MotoGP,SPA,Race,SPA,A. Marquez,BK8 Gresini Racing MotoGP,4.0,2.0,9.0,Finished,73,
2025,MotoGP,SPA,Race,SPA,F. Bagnaia,Ducati Lenovo Team,3.0,3.0,7.0,Finished,63,
2025,MotoGP,SPA,Race,SPA,F. Morbidelli,Pertamina Enduro VR46 Racing Team,5.0,4.0,6.0,Finished,21,
2025,MotoGP,SPA,Race,SPA,F. Aldeguer,BK8 Gresini Racing MotoGP,7.0,5.0,5.0,Finished,54,
2025,MotoGP,SPA,Race,SPA,F. Di Giannantonio,Pertamina Enduro VR46 Racing Team,8.0,6.0,4.0,Finished,49,
2025,MotoGP,SPA,Race,SPA,M. Viñales,Red Bull KTM Tech3,1.0,7.0,3.0,Finished,12,
2025,MotoGP,SPA,Race,SPA,M. Bezzecchi,Aprilia Racing,2.0,8.0,2.0,Finished,72,
2025,MotoGP,SPA,Race,SPA,J. Mir,Honda HRC Castrol,9.0,9.0,1.0,Finished,36,
2025,MotoGP,SPA,Race,SPA,P. Acosta,Red Bull KTM Factory Racing,12.0,10.0,0.0,Finished,37,
2025,MotoGP,SPA,Race,SPA,B. Binder,Red Bull KTM Factory Racing,3.0,11.0,0.0,Finished,33,
2025,MotoGP,SPA,Race,SPA,A. Ogura,Trackhouse MotoGP Team,5.0,12.0,0.0,Finished,79,
2025,MotoGP,SPA,Race,SPA,L. Marini,Honda HRC Castrol,6.0,13.0,0.0,Finished,10,
2025,MotoGP,SPA,Race,SPA,E. Bastianini,Red Bull KTM Tech3,8.0,14.0,0.0,Finished,23,
2025,MotoGP,SPA,Race,SPA,A. Rins,Monster Energy Yamaha MotoGP Team,13.0,15.0,0.0,Finished,42,
2025,MotoGP,SPA,Race,SPA,R. Fernandez,Trackhouse MotoGP Team,7.0,16.0,0.0,Finished,25,
2025,MotoGP,SPA,Race,SPA,A. Fernandez,Prima Pramac Yamaha MotoGP,10.0,17.0,0.0,Finished,7,
2025,MotoGP,SPA,Race,SPA,A. Espargaro,Honda HRC Test Team,9.0,18.0,0.0,Finished,41,
2025,MotoGP,SPA,Race,SPA,L. Savadori,Aprilia Racing,12.0,19.0,0.0,Finished,32,
2025,MotoGP,SPA,Race,SPA,S. Chantra,IDEMITSU Honda LCR,11.0,20.0,0.0,Finished,35,
2025,MotoGP,SPA,Race,SPA,J. Zarco,CASTROL Honda LCR,10.0,,0.0,DNF,5,
2025,MotoGP,SPA,Race,SPA,J. Miller,Prima Pramac Yamaha MotoGP,4.0,,0.0,DNF,43,
2025,MotoGP,SPA,Race,SPA,F. Quartararo,Monster Energy Yamaha MotoGP Team,1.0,,0.0,DNF,20,
2025,MotoGP,FRA,Race,FRA,J. Zarco,CASTROL Honda LCR,1.0,1.0,25.0,Finished,5,
2025,MotoGP,FRA,Race,FRA,M. Marquez,Ducati Lenovo Team,2.0,2.0,20.0,Finished,93,
2025,MotoGP,FRA,Race,FRA,F. Aldeguer,BK8 Gresini Racing MotoGP,4.0,3.0,16.0,Finished,54,
2025,MotoGP,FRA,Race,FRA,P. Acosta,Red Bull KTM Factory Racing,12.0,4.0,13.0,Finished,37,
2025,MotoGP,FRA,Race,FRA,M. Viñales,Red Bull KTM Tech3,5.0,5.0,11.0,Finished,12,
2025,MotoGP,FRA,Race,FRA,T. Nakagami,Honda HRC Test Team,12.0,6.0,10.0,Finished,30,
2025,MotoGP,FRA,Race,FRA,R. Fernandez,Trackhouse MotoGP Team,2.0,7.0,9.0,Finished,25,
2025,MotoGP,FRA,Race,FRA,F. Di Giannantonio,Pertamina Enduro VR46 Racing Team,7.0,8.0,8.0,Finished,49,
2025,MotoGP,FRA,Race,FRA,L. Savadori,Aprilia Racing,11.0,9.0,7.0,Finished,32,
2025,MotoGP,FRA,Race,FRA,A. Ogura,Trackhouse MotoGP Team,9.0,10.0,6.0,Finished,79,
2025,MotoGP,FRA,Race,FRA,L. Marini,Honda HRC Castrol,6.0,11.0,5.0,Finished,10,
2025,MotoGP,FRA,Race,FRA,A. Rins,Monster Energy Yamaha MotoGP Team,4.0,12.0,4.0,Finished,42,
2025,MotoGP,FRA,Race,FRA,E. Bastianini,Red Bull KTM Tech3,8.0,13.0,3.0,Finished,23,
2025,MotoGP,FRA,Race,FRA,M. Bezzecchi,Aprilia Racing,7.0,14.0,2.0,Finished,72,
2025,MotoGP,FRA,Race,FRA,F. Morbidelli,Pertamina Enduro VR46 Racing Team,9.0,15.0,1.0,Finished,21,
2025,MotoGP,FRA,Race,FRA,F. Bagnaia,Ducati Lenovo Team,6.0,16.0,0.0,Finished,63,
2025,MotoGP,FRA,Race,FRA,A. Marquez,BK8 Gresini Racing MotoGP,3.0,,0.0,DNF,73,
2025,MotoGP,FRA,Race,FRA,M. Oliveira,Prima Pramac Yamaha MotoGP,10.0,,0.0,DNF,88,
2025,MotoGP,FRA,Race,FRA,B. Binder,Red Bull KTM Factory Racing,3.0,,0.0,DNF,33,
2025,MotoGP,FRA,Race,FRA,J. Miller,Prima Pramac Yamaha MotoGP,8.0,,0.0,DNF,43,
2025,MotoGP,FRA,Race,FRA,F. Quartararo,Monster Energy Yamaha MotoGP Team,1.0,,0.0,DNF,20,
2025,MotoGP,FRA,Race,FRA,J. Mir,Honda HRC Castrol,5.0,,0.0,DNF,36,
2025,MotoGP,FRA,Race,FRA,M. Marquez,Ducati Lenovo Team,2.0,1.0,12.0,Finished,93,
2025,MotoGP,FRA,Race,FRA,A. Marquez,BK8 Gresini Racing MotoGP,3.0,2.0,9.0,Finished,73,
2025,MotoGP,FRA,Race,FRA,F. Aldeguer,BK8 Gresini Racing MotoGP,4.0,3.0,7.0,Finished,54,
2025,MotoGP,FRA,Race,FRA,F. Quartararo,Monster Energy Yamaha MotoGP Team,1.0,4.0,6.0,Finished,20,
2025,MotoGP,FRA,Race,FRA,M. Viñales,Red Bull KTM Tech3,5.0,5.0,5.0,Finished,12,
2025,MotoGP,FRA,Race,FRA,J. Zarco,CASTROL Honda LCR,1.0,6.0,4.0,Finished,5,
2025,MotoGP,FRA,Race,FRA,F. Di Giannantonio,Pertamina Enduro VR46 Racing Team,7.0,7.0,3.0,Finished,49,
2025,MotoGP,FRA,Race,FRA,A. Rins,Monster Energy Yamaha MotoGP Team,4.0,8.0,2.0,Finished,42,
2025,MotoGP,FRA,Race,FRA,J. Mir,Honda HRC Castrol,5.0,9.0,1.0,Finished,36,
2025,MotoGP,FRA,Race,FRA,R. Fernandez,Trackhouse MotoGP Team,2.0,10.0,0.0,Finished,25,
2025,MotoGP,FRA,Race,FRA,J. Miller,Prima Pramac Yamaha MotoGP,8.0,11.0,0.0,Finished,43,
2025,MotoGP,FRA,Race,FRA,L. Marini,Honda HRC Castrol,6.0,12.0,0.0,Finished,10,
2025,MotoGP,FRA,Race,FRA,E. Bastianini,Red Bull KTM Tech3,8.0,13.0,0.0,Finished,23,
2025,MotoGP,FRA,Race,FRA,A. Ogura,Trackhouse MotoGP Team,9.0,14.0,0.0,Finished,79,
2025,MotoGP,FRA,Race,FRA,F. Morbidelli,Pertamina Enduro VR46 Racing Team,9.0,15.0,0.0,Finished,21,
2025,MotoGP,FRA,Race,FRA,T. Nakagami,Honda HRC Test Team,12.0,16.0,0.0,Finished,30,
2025,MotoGP,FRA,Race,FRA,M. Bezzecchi,Aprilia Racing,7.0,17.0,0.0,Finished,72,
2025,MotoGP,FRA,Race,FRA,L. Savadori,Aprilia Racing,11.0,18.0,0.0,Finished,32,
2025,MotoGP,FRA,Race,FRA,P. Acosta,Red Bull KTM Factory Racing,12.0,19.0,0.0,Finished,37,
2025,MotoGP,FRA,Race,FRA,M. Oliveira,Prima Pramac Yamaha MotoGP,10.0,20.0,0.0,Finished,88,
2025,MotoGP,FRA,Race,FRA,B. Binder,Red Bull KTM Factory Racing,3.0,,0.0,DNF,33,
2025,MotoGP,FRA,Race,FRA,F. Bagnaia,Ducati Lenovo Team,6.0,,0.0,DNF,63,
2025,MotoGP,GBR,Race,GBR,M. Bezzecchi,Aprilia Racing,11.0,1.0,25.0,Finished,72,
2025,MotoGP,GBR,Race,GBR,J. Zarco,CASTROL Honda LCR,9.0,2.0,20.0,Finished,5,
2025,MotoGP,GBR,Race,GBR,M. Marquez,Ducati Lenovo Team,4.0,3.0,16.0,Finished,93,
2025,MotoGP,GBR,Race,GBR,F. Morbidelli,Pertamina Enduro VR46 Racing Team,2.0,4.0,13.0,Finished,21,
2025,MotoGP,GBR,Race,GBR,A. Marquez,BK8 Gresini Racing MotoGP,2.0,5.0,11.0,Finished,73,
2025,MotoGP,GBR,Race,GBR,P. Acosta,Red Bull KTM Factory Racing,4.0,6.0,10.0,Finished,37,
2025,MotoGP,GBR,Race,GBR,J. Miller,Prima Pramac Yamaha MotoGP,6.0,7.0,9.0,Finished,43,
2025,MotoGP,GBR,Race,GBR,F. Aldeguer,BK8 Gresini Racing MotoGP,5.0,8.0,8.0,Finished,54,
2025,MotoGP,GBR,Race,GBR,F. Di Giannantonio,Pertamina Enduro VR46 Racing Team,7.0,9.0,7.0,Finished,49,
2025,MotoGP,GBR,Race,GBR,J. Mir,Honda HRC Castrol,3.0,10.0,6.0,Finished,36,
2025,MotoGP,GBR,Race,GBR,M. Viñales,Red Bull KTM Tech3,8.0,11.0,5.0,Finished,12,
2025,MotoGP,GBR,Race,GBR,R. Fernandez,Trackhouse MotoGP Team,6.0,12.0,4.0,Finished,25,
2025,MotoGP,GBR,Race,GBR,A. Rins,Monster Energy Yamaha MotoGP Team,12.0,13.0,3.0,Finished,42,
2025,MotoGP,GBR,Race,GBR,B. Binder,Red Bull KTM Factory Racing,9.0,14.0,2.0,Finished,33,
2025,MotoGP,GBR,Race,GBR,L. Marini,Honda HRC Castrol,1.0,15.0,1.0,Finished,10,
2025,MotoGP,GBR,Race,GBR,M. Oliveira,Prima Pramac Yamaha MotoGP,5.0,16.0,0.0,Finished,88,
2025,MotoGP,GBR,Race,GBR,E. Bastianini,Red Bull KTM Tech3,7.0,17.0,0.0,Finished,23,
2025,MotoGP,GBR,Race,GBR,L. Savadori,Aprilia Racing,10.0,18.0,0.0,Finished,32,
2025,MotoGP,GBR,Race,GBR,S. Chantra,IDEMITSU Honda LCR,12.0,19.0,0.0,Finished,35,
2025,MotoGP,GBR,Race,GBR,F. Quartararo,Monster Energy Yamaha MotoGP Team,1.0,,0.0,DNF,20,
2025,MotoGP,GBR,Race,GBR,A. Espargaro,Honda HRC Test Team,11.0,,0.0,DNF,41,
2025,MotoGP,GBR,Race,GBR,F. Bagnaia,Ducati Lenovo Team,3.0,,0.0,DNF,63,
2025,MotoGP,GBR,Race,GBR,A. Marquez,BK8 Gresini Racing MotoGP,2.0,1.0,12.0,Finished,73,
2025,MotoGP,GBR,Race,GBR,M. Marquez,Ducati Lenovo Team,4.0,2.0,9.0,Finished,93,
2025,MotoGP,GBR,Race,GBR,F. Di Giannantonio,Pertamina Enduro VR46 Racing Team,7.0,3.0,7.0,Finished,49,
2025,MotoGP,GBR,Race,GBR,M. Bezzecchi,Aprilia Racing,11.0,4.0,6.0,Finished,72,
2025,MotoGP,GBR,Race,GBR,J. Zarco,CASTROL Honda LCR,9.0,5.0,5.0,Finished,5,
2025,MotoGP,GBR,Race,GBR,F. Bagnaia,Ducati Lenovo Team,3.0,6.0,4.0,Finished,63,
2025,MotoGP,GBR,Race,GBR,F. Quartararo,Monster Energy Yamaha MotoGP Team,1.0,7.0,3.0,Finished,20,
2025,MotoGP,GBR,Race,GBR,P. Acosta,Red Bull KTM Factory Racing,4.0,8.0,2.0,Finished,37,
2025,MotoGP,GBR,Race,GBR,J. Miller,Prima Pramac Yamaha MotoGP,6.0,9.0,1.0,Finished,43,
2025,MotoGP,GBR,Race,GBR,L. Marini,Honda HRC Castrol,1.0,10.0,0.0,Finished,10,
2025,MotoGP,GBR,Race,GBR,F. Morbidelli,Pertamina Enduro VR46 Racing Team,2.0,11.0,0.0,Finished,21,
2025,MotoGP,GBR,Race,GBR,J. Mir,Honda HRC Castrol,3.0,12.0,0.0,Finished,36,
2025,MotoGP,GBR,Race,GBR,M. Viñales,Red Bull KTM Tech3,8.0,13.0,0.0,Finished,12,
2025,MotoGP,GBR,Race,GBR,F. Aldeguer,BK8 Gresini Racing MotoGP,5.0,14.0,0.0,Finished,54,
2025,MotoGP,GBR,Race,GBR,E. Bastianini,Red Bull KTM Tech3,7.0,15.0,0.0,Finished,23,
2025,MotoGP,GBR,Race,GBR,M. Oliveira,Prima Pramac Yamaha MotoGP,5.0,16.0,0.0,Finished,88,
2025,MotoGP,GBR,Race,GBR,A. Espargaro,Honda HRC Test Team,11.0,17.0,0.0,Finished,41,
2025,MotoGP,GBR,Race,GBR,L. Savadori,Aprilia Racing,10.0,18.0,0.0,Finished,32,
2025,MotoGP,GBR,Race,GBR,R. Fernandez,Trackhouse MotoGP Team,6.0,19.0,0.0,Finished,25,
2025,MotoGP,GBR,Race,GBR,A. Rins,Monster Energy Yamaha MotoGP Team,12.0,20.0,0.0,Finished,42,
2025,MotoGP,GBR,Race,GBR,S. Chantra,IDEMITSU Honda LCR,12.0,21.0,0.0,Finished,35,
2025,MotoGP,GBR,Race,GBR,B. Binder,Red Bull KTM Factory Racing,9.0,,0.0,DNF,33,
2025,MotoGP,ARA,Race,ARA,M. Marquez,Ducati Lenovo Team,1.0,1.0,25.0,Finished,93,
2025,MotoGP,ARA,Race,ARA,A. Marquez,BK8 Gresini Racing MotoGP,2.0,2.0,20.0,Finished,73,
2025,MotoGP,ARA,Race,ARA,F. Bagnaia,Ducati Lenovo Team,4.0,3.0,16.0,Finished,63,
2025,MotoGP,ARA,Race,ARA,P. Acosta,Red Bull KTM Factory Racing,5.0,4.0,13.0,Finished,37,
2025,MotoGP,ARA,Race,ARA,F. Morbidelli,Pertamina Enduro VR46 Racing Team,3.0,5.0,11.0,Finished,21,
2025,MotoGP,ARA,Race,ARA,F. Aldeguer,BK8 Gresini Racing MotoGP,7.0,6.0,10.0,Finished,54,
2025,MotoGP,ARA,Race,ARA,J. Mir,Honda HRC Castrol,11.0,7.0,9.0,Finished,36,
2025,MotoGP,ARA,Race,ARA,M. Bezzecchi,Aprilia Racing,10.0,8.0,8.0,Finished,72,
2025,MotoGP,ARA,Race,ARA,F. Di Giannantonio,Pertamina Enduro VR46 Racing Team,1.0,9.0,7.0,Finished,49,
2025,MotoGP,ARA,Race,ARA,R. Fernandez,Trackhouse MotoGP Team,3.0,10.0,6.0,Finished,25,
2025,MotoGP,ARA,Race,ARA,A. Rins,Monster Energy Yamaha MotoGP Team,5.0,11.0,5.0,Finished,42,
2025,MotoGP,ARA,Race,ARA,E. Bastianini,Red Bull KTM Tech3,7.0,12.0,4.0,Finished,23,
2025,MotoGP,ARA,Race,ARA,A. Fernandez,Yamaha Factory Racing,8.0,13.0,3.0,Finished,7,
2025,MotoGP,ARA,Race,ARA,J. Miller,Prima Pramac Yamaha MotoGP,4.0,14.0,2.0,Finished,43,
2025,MotoGP,ARA,Race,ARA,M. Oliveira,Prima Pramac Yamaha MotoGP,6.0,15.0,1.0,Finished,88,
2025,MotoGP,ARA,Race,ARA,S. Chantra,IDEMITSU Honda LCR,11.0,16.0,0.0,Finished,35,
2025,MotoGP,ARA,Race,ARA,L. Savadori,Aprilia Racing,9.0,17.0,0.0,Finished,32,
2025,MotoGP,ARA,Race,ARA,M. Viñales,Red Bull KTM Tech3,8.0,18.0,0.0,Finished,12,
2025,MotoGP,ARA,Race,ARA,F. Quartararo,Monster Energy Yamaha MotoGP Team,2.0,,0.0,DNF,20,
2025,MotoGP,ARA,Race,ARA,B. Binder,Red Bull KTM Factory Racing,6.0,,0.0,DNF,33,
2025,MotoGP,ARA,Race,ARA,J. Zarco,CASTROL Honda LCR,12.0,,0.0,DNF,5,
2025,MotoGP,ARA,Race,ARA,M. Marquez,Ducati Lenovo Team,1.0,1.0,25.0,Finished,93,
2025,MotoGP,ARA,Race,ARA,A. Marquez,BK8 Gresini Racing MotoGP,2.0,2.0,20.0,Finished,73,
2025,MotoGP,ARA,Race,ARA,F. Bagnaia,Ducati Lenovo Team,4.0,3.0,16.0,Finished,63,
2025,MotoGP,ARA,Race,ARA,P. Acosta,Red Bull KTM Factory Racing,5.0,4.0,13.0,Finished,37,
2025,MotoGP,ARA,Race,ARA,F. Morbidelli,Pertamina Enduro VR46 Racing Team,3.0,5.0,11.0,Finished,21,
2025,MotoGP,ARA,Race,ARA,F. Aldeguer,BK8 Gresini Racing MotoGP,7.0,6.0,10.0,Finished,54,
2025,MotoGP,ARA,Race,ARA,J. Mir,Honda HRC Castrol,11.0,7.0,9.0,Finished,36,
2025,MotoGP,ARA,Race,ARA,M. Bezzecchi,Aprilia Racing,10.0,8.0,8.0,Finished,72,
2025,MotoGP,ARA,Race,ARA,F. Di Giannantonio,Pertamina Enduro VR46 Racing Team,1.0,9.0,7.0,Finished,49,
2025,MotoGP,ARA,Race,ARA,R. Fernandez,Trackhouse MotoGP Team,3.0,10.0,6.0,Finished,25,
2025,MotoGP,ARA,Race,ARA,A. Rins,Monster Energy Yamaha MotoGP Team,5.0,11.0,5.0,Finished,42,
2025,MotoGP,ARA,Race,ARA,E. Bastianini,Red Bull KTM Tech3,7.0,12.0,4.0,Finished,23,
2025,MotoGP,ARA,Race,ARA,A. Fernandez,Yamaha Factory Racing,8.0,13.0,3.0,Finished,7,
2025,MotoGP,ARA,Race,ARA,J. Miller,Prima Pramac Yamaha MotoGP,4.0,14.0,2.0,Finished,43,
2025,MotoGP,ARA,Race,ARA,M. Oliveira,Prima Pramac Yamaha MotoGP,6.0,15.0,1.0,Finished,88,
2025,MotoGP,ARA,Race,ARA,S. Chantra,IDEMITSU Honda LCR,11.0,16.0,0.0,Finished,35,
2025,MotoGP,ARA,Race,ARA,L. Savadori,Aprilia Racing,9.0,17.0,0.0,Finished,32,
2025,MotoGP,ARA,Race,ARA,M. Viñales,Red Bull KTM Tech3,8.0,18.0,0.0,Finished,12,
2025,MotoGP,ARA,Race,ARA,F. Quartararo,Monster Energy Yamaha MotoGP Team,2.0,,0.0,DNF,20,
2025,MotoGP,ARA,Race,ARA,B. Binder,Red Bull KTM Factory Racing,6.0,,0.0,DNF,33,
2025,MotoGP,ARA,Race,ARA,J. Zarco,CASTROL Honda LCR,12.0,,0.0,DNF,5,
2025,MotoGP,ARA,Race,ARA,M. Marquez,Ducati Lenovo Team,1.0,1.0,12.0,Finished,93,
2025,MotoGP,ARA,Race,ARA,A. Marquez,BK8 Gresini Racing MotoGP,2.0,2.0,9.0,Finished,73,
2025,MotoGP,ARA,Race,ARA,F. Aldeguer,BK8 Gresini Racing MotoGP,7.0,3.0,7.0,Finished,54,
2025,MotoGP,ARA,Race,ARA,F. Morbidelli,Pertamina Enduro VR46 Racing Team,3.0,4.0,6.0,Finished,21,
2025,MotoGP,ARA,Race,ARA,P. Acosta,Red Bull KTM Factory Racing,5.0,5.0,5.0,Finished,37,
2025,MotoGP,ARA,Race,ARA,F. Di Giannantonio,Pertamina Enduro VR46 Racing Team,1.0,6.0,4.0,Finished,49,
2025,MotoGP,ARA,Race,ARA,M. Viñales,Red Bull KTM Tech3,8.0,7.0,3.0,Finished,12,
2025,MotoGP,ARA,Race,ARA,M. Bezzecchi,Aprilia Racing,10.0,8.0,2.0,Finished,72,
2025,MotoGP,ARA,Race,ARA,B. Binder,Red Bull KTM Factory Racing,6.0,9.0,1.0,Finished,33,
2025,MotoGP,ARA,Race,ARA,R. Fernandez,Trackhouse MotoGP Team,3.0,10.0,0.0,Finished,25,
2025,MotoGP,ARA,Race,ARA,F. Quartararo,Monster Energy Yamaha MotoGP Team,2.0,11.0,0.0,Finished,20,
2025,MotoGP,ARA,Race,ARA,F. Bagnaia,Ducati Lenovo Team,4.0,12.0,0.0,Finished,63,
2025,MotoGP,ARA,Race,ARA,J. Miller,Prima Pramac Yamaha MotoGP,4.0,13.0,0.0,Finished,43,
2025,MotoGP,ARA,Race,ARA,A. Rins,Monster Energy Yamaha MotoGP Team,5.0,14.0,0.0,Finished,42,
2025,MotoGP,ARA,Race,ARA,M. Oliveira,Prima Pramac Yamaha MotoGP,6.0,15.0,0.0,Finished,88,
2025,MotoGP,ARA,Race,ARA,J. Zarco,CASTROL Honda LCR,12.0,16.0,0.0,Finished,5,
2025,MotoGP,ARA,Race,ARA,E. Bastianini,Red Bull KTM Tech3,7.0,17.0,0.0,Finished,23,
2025,MotoGP,ARA,Race,ARA,L. Savadori,Aprilia Racing,9.0,18.0,0.0,Finished,32,
2025,MotoGP,ARA,Race,ARA,S. Chantra,IDEMITSU Honda LCR,11.0,19.0,0.0,Finished,35,
2025,MotoGP,ARA,Race,ARA,A. Fernandez,Yamaha Factory Racing,8.0,,0.0,DNF,7,
2025,MotoGP,ARA,Race,ARA,J. Mir,Honda HRC Castrol,11.0,,0.0,DNF,36,
2025,MotoGP,ARA,Race,ARA,M. Marquez,Ducati Lenovo Team,1.0,1.0,12.0,Finished,93,
2025,MotoGP,ARA,Race,ARA,A. Marquez,BK8 Gresini Racing MotoGP,2.0,2.0,9.0,Finished,73,
2025,MotoGP,ARA,Race,ARA,F. Aldeguer,BK8 Gresini Racing MotoGP,7.0,3.0,7.0,Finished,54,
2025,MotoGP,ARA,Race,ARA,F. Morbidelli,Pertamina Enduro VR46 Racing Team,3.0,4.0,6.0,Finished,21,
2025,MotoGP,ARA,Race,ARA,P. Acosta,Red Bull KTM Factory Racing,5.0,5.0,5.0,Finished,37,
2025,MotoGP,ARA,Race,ARA,F. Di Giannantonio,Pertamina Enduro VR46 Racing Team,1.0,6.0,4.0,Finished,49,
2025,MotoGP,ARA,Race,ARA,M. Viñales,Red Bull KTM Tech3,8.0,7.0,3.0,Finished,12,
2025,MotoGP,ARA,Race,ARA,M. Bezzecchi,Aprilia Racing,10.0,8.0,2.0,Finished,72,
2025,MotoGP,ARA,Race,ARA,B. Binder,Red Bull KTM Factory Racing,6.0,9.0,1.0,Finished,33,
2025,MotoGP,ARA,Race,ARA,R. Fernandez,Trackhouse MotoGP Team,3.0,10.0,0.0,Finished,25,
2025,MotoGP,ARA,Race,ARA,F. Quartararo,Monster Energy Yamaha MotoGP Team,2.0,11.0,0.0,Finished,20,
2025,MotoGP,ARA,Race,ARA,F. Bagnaia,Ducati Lenovo Team,4.0,12.0,0.0,Finished,63,
2025,MotoGP,ARA,Race,ARA,J. Miller,Prima Pramac Yamaha MotoGP,4.0,13.0,0.0,Finished,43,
2025,MotoGP,ARA,Race,ARA,A. Rins,Monster Energy Yamaha MotoGP Team,5.0,14.0,0.0,Finished,42,
2025,MotoGP,ARA,Race,ARA,M. Oliveira,Prima Pramac Yamaha MotoGP,6.0,15.0,0.0,Finished,88,
2025,MotoGP,ARA,Race,ARA,J. Zarco,CASTROL Honda LCR,12.0,16.0,0.0,Finished,5,
2025,MotoGP,ARA,Race,ARA,E. Bastianini,Red Bull KTM Tech3,7.0,17.0,0.0,Finished,23,
2025,MotoGP,ARA,Race,ARA,L. Savadori,Aprilia Racing,9.0,18.0,0.0,Finished,32,
2025,MotoGP,ARA,Race,ARA,S. Chantra,IDEMITSU Honda LCR,11.0,19.0,0.0,Finished,35,
2025,MotoGP,ARA,Race,ARA,A. Fernandez,Yamaha Factory Racing,8.0,,0.0,DNF,7,
2025,MotoGP,ARA,Race,ARA,J. Mir,Honda HRC Castrol,11.0,,0.0,DNF,36,
2025,MotoGP,ITA,Race,ITA,M. Marquez,Ducati Lenovo Team,1.0,1.0,25.0,Finished,93,
2025,MotoGP,ITA,Race,ITA,A. Marquez,BK8 Gresini Racing MotoGP,3.0,2.0,20.0,Finished,73,
2025,MotoGP,ITA,Race,ITA,F. Di Giannantonio,Pertamina Enduro VR46 Racing Team,7.0,3.0,16.0,Finished,49,
2025,MotoGP,ITA,Race,ITA,F. Bagnaia,Ducati Lenovo Team,2.0,4.0,13.0,Finished,63,
2025,MotoGP,ITA,Race,ITA,M. Bezzecchi,Aprilia Racing,10.0,5.0,11.0,Finished,72,
2025,MotoGP,ITA,Race,ITA,F. Morbidelli,Pertamina Enduro VR46 Racing Team,6.0,6.0,10.0,Finished,21,
2025,MotoGP,ITA,Race,ITA,R. Fernandez,Trackhouse MotoGP Team,2.0,7.0,9.0,Finished,25,
2025,MotoGP,ITA,Race,ITA,P. Acosta,Red Bull KTM Factory Racing,8.0,8.0,8.0,Finished,37,
2025,MotoGP,ITA,Race,ITA,B. Binder,Red Bull KTM Factory Racing,5.0,9.0,7.0,Finished,33,
2025,MotoGP,ITA,Race,ITA,A. Ogura,Trackhouse MotoGP Team,11.0,10.0,6.0,Finished,79,
2025,MotoGP,ITA,Race,ITA,J. Mir,Honda HRC Castrol,8.0,11.0,5.0,Finished,36,
2025,MotoGP,ITA,Race,ITA,F. Aldeguer,BK8 Gresini Racing MotoGP,1.0,12.0,4.0,Finished,54,
2025,MotoGP,ITA,Race,ITA,M. Oliveira,Prima Pramac Yamaha MotoGP,7.0,13.0,3.0,Finished,88,
2025,MotoGP,ITA,Race,ITA,F. Quartararo,Monster Energy Yamaha MotoGP Team,4.0,14.0,2.0,Finished,20,
2025,MotoGP,ITA,Race,ITA,A. Rins,Monster Energy Yamaha MotoGP Team,9.0,15.0,1.0,Finished,42,
2025,MotoGP,ITA,Race,ITA,T. Nakagami,Honda HRC Castrol,9.0,16.0,0.0,Finished,30,
2025,MotoGP,ITA,Race,ITA,L. Savadori,Aprilia Racing,10.0,17.0,0.0,Finished,32,
2025,MotoGP,ITA,Race,ITA,S. Chantra,IDEMITSU Honda LCR,12.0,18.0,0.0,Finished,35,
2025,MotoGP,ITA,Race,ITA,J. Miller,Prima Pramac Yamaha MotoGP,3.0,,0.0,DNF,43,
2025,MotoGP,ITA,Race,ITA,M. Viñales,Red Bull KTM Tech3,5.0,,0.0,DNF,12,
2025,MotoGP,ITA,Race,ITA,J. Zarco,CASTROL Honda LCR,4.0,,0.0,DNF,5,
2025,MotoGP,ITA,Race,ITA,E. Bastianini,Red Bull KTM Tech3,6.0,,0.0,DNF,23,
2025,MotoGP,ITA,Race,ITA,M. Marquez,Ducati Lenovo Team,1.0,1.0,12.0,Finished,93,
2025,MotoGP,ITA,Race,ITA,A. Marquez,BK8 Gresini Racing MotoGP,3.0,2.0,9.0,Finished,73,
2025,MotoGP,ITA,Race,ITA,F. Bagnaia,Ducati Lenovo Team,2.0,3.0,7.0,Finished,63,
2025,MotoGP,ITA,Race,ITA,M. Viñales,Red Bull KTM Tech3,5.0,4.0,6.0,Finished,12,
2025,MotoGP,ITA,Race,ITA,F. Di Giannantonio,Pertamina Enduro VR46 Racing Team,7.0,5.0,5.0,Finished,49,
2025,MotoGP,ITA,Race,ITA,M. Bezzecchi,Aprilia Racing,10.0,6.0,4.0,Finished,72,
2025,MotoGP,ITA,Race,ITA,F. Morbidelli,Pertamina Enduro VR46 Racing Team,6.0,7.0,3.0,Finished,21,
2025,MotoGP,ITA,Race,ITA,R. Fernandez,Trackhouse MotoGP Team,2.0,8.0,2.0,Finished,25,
2025,MotoGP,ITA,Race,ITA,F. Aldeguer,BK8 Gresini Racing MotoGP,1.0,9.0,1.0,Finished,54,
2025,MotoGP,ITA,Race,ITA,F. Quartararo,Monster Energy Yamaha MotoGP Team,4.0,10.0,0.0,Finished,20,
2025,MotoGP,ITA,Race,ITA,E. Bastianini,Red Bull KTM Tech3,6.0,11.0,0.0,Finished,23,
2025,MotoGP,ITA,Race,ITA,A. Ogura,Trackhouse MotoGP Team,11.0,12.0,0.0,Finished,79,
2025,MotoGP,ITA,Race,ITA,M. Oliveira,Prima Pramac Yamaha MotoGP,7.0,13.0,0.0,Finished,88,
2025,MotoGP,ITA,Race,ITA,J. Mir,Honda HRC Castrol,8.0,14.0,0.0,Finished,36,
2025,MotoGP,ITA,Race,ITA,T. Nakagami,Honda HRC Castrol,9.0,15.0,0.0,Finished,30,
2025,MotoGP,ITA,Race,ITA,J. Miller,Prima Pramac Yamaha MotoGP,3.0,16.0,0.0,Finished,43,
2025,MotoGP,ITA,Race,ITA,L. Savadori,Aprilia Racing,10.0,17.0,0.0,Finished,32,
2025,MotoGP,ITA,Race,ITA,A. Rins,Monster Energy Yamaha MotoGP Team,9.0,18.0,0.0,Finished,42,
2025,MotoGP,ITA,Race,ITA,S. Chantra,IDEMITSU Honda LCR,12.0,19.0,0.0,Finished,35,
2025,MotoGP,ITA,Race,ITA,P. Acosta,Red Bull KTM Factory Racing,8.0,,0.0,DNF,37,
2025,MotoGP,ITA,Race,ITA,J. Zarco,CASTROL Honda LCR,4.0,,0.0,DNF,5,
2025,MotoGP,ITA,Race,ITA,B. Binder,Red Bull KTM Factory Racing,5.0,,0.0,DNF,33,
2025,MotoGP,NED,Race,NED,M. Marquez,Ducati Lenovo Team,4.0,1.0,25.0,Finished,93,
2025,MotoGP,NED,Race,NED,M. Bezzecchi,Aprilia Racing,5.0,2.0,20.0,Finished,72,
2025,MotoGP,NED,Race,NED,F. Bagnaia,Ducati Lenovo Team,2.0,3.0,16.0,Finished,63,
2025,MotoGP,NED,Race,NED,P. Acosta,Red Bull KTM Factory Racing,9.0,4.0,13.0,Finished,37,
2025,MotoGP,NED,Race,NED,M. Viñales,Red Bull KTM Tech3,10.0,5.0,11.0,Finished,12,
2025,MotoGP,NED,Race,NED,F. Di Giannantonio,Pertamina Enduro VR46 Racing Team,8.0,6.0,10.0,Finished,49,
2025,MotoGP,NED,Race,NED,F. Morbidelli,Pertamina Enduro VR46 Racing Team,6.0,7.0,9.0,Finished,21,
2025,MotoGP,NED,Race,NED,R. Fernandez,Trackhouse MotoGP Team,1.0,8.0,8.0,Finished,25,
2025,MotoGP,NED,Race,NED,E. Bastianini,Red Bull KTM Tech3,7.0,9.0,7.0,Finished,23,
2025,MotoGP,NED,Race,NED,F. Quartararo,Monster Energy Yamaha MotoGP Team,1.0,10.0,6.0,Finished,20,
2025,MotoGP,NED,Race,NED,B. Binder,Red Bull KTM Factory Racing,6.0,11.0,5.0,Finished,33,
2025,MotoGP,NED,Race,NED,J. Zarco,CASTROL Honda LCR,12.0,12.0,4.0,Finished,5,
2025,MotoGP,NED,Race,NED,A. Rins,Monster Energy Yamaha MotoGP Team,9.0,13.0,3.0,Finished,42,
2025,MotoGP,NED,Race,NED,J. Miller,Prima Pramac Yamaha MotoGP,4.0,14.0,2.0,Finished,43,
2025,MotoGP,NED,Race,NED,S. Chantra,IDEMITSU Honda LCR,12.0,15.0,1.0,Finished,35,
2025,MotoGP,NED,Race,NED,A. Espargaro,Honda HRC Castrol,11.0,16.0,0.0,Finished,41,
2025,MotoGP,NED,Race,NED,M. Oliveira,Prima Pramac Yamaha MotoGP,8.0,,0.0,DNF,88,
2025,MotoGP,NED,Race,NED,J. Mir,Honda HRC Castrol,3.0,,0.0,DNF,36,
2025,MotoGP,NED,Race,NED,F. Aldeguer,BK8 Gresini Racing MotoGP,2.0,,0.0,DNF,54,
2025,MotoGP,NED,Race,NED,A. Marquez,BK8 Gresini Racing MotoGP,3.0,,0.0,DNF,73,
2025,MotoGP,NED,Race,NED,L. Savadori,Aprilia Racing,5.0,,0.0,DNF,32,
2025,MotoGP,NED,Race,NED,A. Ogura,Trackhouse MotoGP Team,10.0,,0.0,DNF,79,
2025,MotoGP,NED,Race,NED,M. Marquez,Ducati Lenovo Team,4.0,1.0,12.0,Finished,93,
2025,MotoGP,NED,Race,NED,A. Marquez,BK8 Gresini Racing MotoGP,3.0,2.0,9.0,Finished,73,
2025,MotoGP,NED,Race,NED,M. Bezzecchi,Aprilia Racing,5.0,3.0,7.0,Finished,72,
2025,MotoGP,NED,Race,NED,F. Di Giannantonio,Pertamina Enduro VR46 Racing Team,8.0,4.0,6.0,Finished,49,
2025,MotoGP,NED,Race,NED,F. Bagnaia,Ducati Lenovo Team,2.0,5.0,5.0,Finished,63,
2025,MotoGP,NED,Race,NED,M. Viñales,Red Bull KTM Tech3,10.0,6.0,4.0,Finished,12,
2025,MotoGP,NED,Race,NED,F. Aldeguer,BK8 Gresini Racing MotoGP,2.0,7.0,3.0,Finished,54,
2025,MotoGP,NED,Race,NED,F. Morbidelli,Pertamina Enduro VR46 Racing Team,6.0,8.0,2.0,Finished,21,
2025,MotoGP,NED,Race,NED,P. Acosta,Red Bull KTM Factory Racing,9.0,9.0,1.0,Finished,37,
2025,MotoGP,NED,Race,NED,B. Binder,Red Bull KTM Factory Racing,6.0,10.0,0.0,Finished,33,
2025,MotoGP,NED,Race,NED,J. Zarco,CASTROL Honda LCR,12.0,11.0,0.0,Finished,5,
2025,MotoGP,NED,Race,NED,M. Oliveira,Prima Pramac Yamaha MotoGP,8.0,12.0,0.0,Finished,88,
2025,MotoGP,NED,Race,NED,E. Bastianini,Red Bull KTM Tech3,7.0,13.0,0.0,Finished,23,
2025,MotoGP,NED,Race,NED,J. Miller,Prima Pramac Yamaha MotoGP,4.0,14.0,0.0,Finished,43,
2025,MotoGP,NED,Race,NED,A. Rins,Monster Energy Yamaha MotoGP Team,9.0,15.0,0.0,Finished,42,
2025,MotoGP,NED,Race,NED,A. Ogura,Trackhouse MotoGP Team,10.0,16.0,0.0,Finished,79,
2025,MotoGP,NED,Race,NED,L. Savadori,Aprilia Racing,5.0,17.0,0.0,Finished,32,
2025,MotoGP,NED,Race,NED,A. Espargaro,Honda HRC Castrol,11.0,18.0,0.0,Finished,41,
2025,MotoGP,NED,Race,NED,S. Chantra,IDEMITSU Honda LCR,12.0,19.0,0.0,Finished,35,
2025,MotoGP,NED,Race,NED,F. Quartararo,Monster Energy Yamaha MotoGP Team,1.0,,0.0,DNF,20,
2025,MotoGP,NED,Race,NED,R. Fernandez,Trackhouse MotoGP Team,1.0,,0.0,DNF,25,
2025,MotoGP,NED,Race,NED,J. Mir,Honda HRC Castrol,3.0,,0.0,DNF,36,
2025,MotoGP,GER,Race,GER,M. Marquez,Ducati Lenovo Team,1.0,1.0,25.0,Finished,93,
2025,MotoGP,GER,Race,GER,A. Marquez,BK8 Gresini Racing MotoGP,6.0,2.0,20.0,Finished,73,
2025,MotoGP,GER,Race,GER,F. Bagnaia,Ducati Lenovo Team,11.0,3.0,16.0,Finished,63,
2025,MotoGP,GER,Race,GER,F. Quartararo,Monster Energy Yamaha MotoGP Team,7.0,4.0,13.0,Finished,20,
2025,MotoGP,GER,Race,GER,F. Aldeguer,BK8 Gresini Racing MotoGP,4.0,5.0,11.0,Finished,54,
2025,MotoGP,GER,Race,GER,L. Marini,Honda HRC Castrol,5.0,6.0,10.0,Finished,10,
2025,MotoGP,GER,Race,GER,B. Binder,Red Bull KTM Factory Racing,10.0,7.0,9.0,Finished,33,
2025,MotoGP,GER,Race,GER,J. Miller,Prima Pramac Yamaha MotoGP,9.0,8.0,8.0,Finished,43,
2025,MotoGP,GER,Race,GER,R. Fernandez,Trackhouse MotoGP Team,6.0,9.0,7.0,Finished,25,
2025,MotoGP,GER,Race,GER,A. Rins,Monster Energy Yamaha MotoGP Team,8.0,10.0,6.0,Finished,42,
2025,MotoGP,GER,Race,GER,L. Savadori,Aprilia Racing,10.0,,0.0,DNF,32,
2025,MotoGP,GER,Race,GER,A. Ogura,Trackhouse MotoGP Team,9.0,,0.0,DNF,79,
2025,MotoGP,GER,Race,GER,J. Mir,Honda HRC Castrol,7.0,,0.0,DNF,36,
2025,MotoGP,GER,Race,GER,M. Bezzecchi,Aprilia Racing,3.0,,0.0,DNF,72,
2025,MotoGP,GER,Race,GER,J. Zarco,CASTROL Honda LCR,1.0,,0.0,DNF,5,
2025,MotoGP,GER,Race,GER,F. Di Giannantonio,Pertamina Enduro VR46 Racing Team,8.0,,0.0,DNF,49,
2025,MotoGP,GER,Race,GER,P. Acosta,Red Bull KTM Factory Racing,5.0,,0.0,DNF,37,
2025,MotoGP,GER,Race,GER,M. Oliveira,Prima Pramac Yamaha MotoGP,3.0,,0.0,DNF,88,
2025,MotoGP,GER,Race,GER,M. Marquez,Ducati Lenovo Team,1.0,1.0,12.0,Finished,93,
2025,MotoGP,GER,Race,GER,M. Bezzecchi,Aprilia Racing,3.0,2.0,9.0,Finished,72,
2025,MotoGP,GER,Race,GER,F. Quartararo,Monster Energy Yamaha MotoGP Team,7.0,3.0,7.0,Finished,20,
2025,MotoGP,GER,Race,GER,F. Di Giannantonio,Pertamina Enduro VR46 Racing Team,8.0,4.0,6.0,Finished,49,
2025,MotoGP,GER,Race,GER,J. Miller,Prima Pramac Yamaha MotoGP,9.0,5.0,5.0,Finished,43,
2025,MotoGP,GER,Race,GER,B. Binder,Red Bull KTM Factory Racing,10.0,6.0,4.0,Finished,33,
2025,MotoGP,GER,Race,GER,J. Zarco,CASTROL Honda LCR,1.0,7.0,3.0,Finished,5,
2025,MotoGP,GER,Race,GER,A. Marquez,BK8 Gresini Racing MotoGP,6.0,8.0,2.0,Finished,73,
2025,MotoGP,GER,Race,GER,P. Acosta,Red Bull KTM Factory Racing,5.0,9.0,1.0,Finished,37,
2025,MotoGP,GER,Race,GER,F. Aldeguer,BK8 Gresini Racing MotoGP,4.0,10.0,0.0,Finished,54,
2025,MotoGP,GER,Race,GER,M. Oliveira,Prima Pramac Yamaha MotoGP,3.0,11.0,0.0,Finished,88,
2025,MotoGP,GER,Race,GER,F. Bagnaia,Ducati Lenovo Team,11.0,12.0,0.0,Finished,63,
2025,MotoGP,GER,Race,GER,R. Fernandez,Trackhouse MotoGP Team,6.0,13.0,0.0,Finished,25,
2025,MotoGP,GER,Race,GER,J. Mir,Honda HRC Castrol,7.0,14.0,0.0,Finished,36,
2025,MotoGP,GER,Race,GER,A. Rins,Monster Energy Yamaha MotoGP Team,8.0,15.0,0.0,Finished,42,
2025,MotoGP,GER,Race,GER,L. Marini,Honda HRC Castrol,5.0,16.0,0.0,Finished,10,
2025,MotoGP,GER,Race,GER,A. Ogura,Trackhouse MotoGP Team,9.0,17.0,0.0,Finished,79,
2025,MotoGP,GER,Race,GER,L. Savadori,Aprilia Racing,10.0,18.0,0.0,Finished,32,
2025,MotoGP,GER,Race,GER,F. Morbidelli,Pertamina Enduro VR46 Racing Team,4.0,,0.0,DNF,21,
2025,MotoGP,CZE,Race,CZE,M. Marquez,Ducati Lenovo Team,2.0,1.0,25.0,Finished,93,
2025,MotoGP,CZE,Race,CZE,M. Bezzecchi,Aprilia Racing,4.0,2.0,20.0,Finished,72,
2025,MotoGP,CZE,Race,CZE,P. Acosta,Red Bull KTM Factory Racing,7.0,3.0,16.0,Finished,37,
2025,MotoGP,CZE,Race,CZE,F. Bagnaia,Ducati Lenovo Team,1.0,4.0,13.0,Finished,63,
2025,MotoGP,CZE,Race,CZE,R. Fernandez,Trackhouse MotoGP Team,2.0,5.0,11.0,Finished,25,
2025,MotoGP,CZE,Race,CZE,F. Quartararo,Monster Energy Yamaha MotoGP Team,3.0,6.0,10.0,Finished,20,
2025,MotoGP,CZE,Race,CZE,J. Martin,Aprilia Racing,12.0,7.0,9.0,Finished,1,
2025,MotoGP,CZE,Race,CZE,B. Binder,Red Bull KTM Factory Racing,9.0,8.0,8.0,Finished,33,
2025,MotoGP,CZE,Race,CZE,P. Espargaro,Red Bull KTM Tech3,4.0,9.0,7.0,Finished,44,
2025,MotoGP,CZE,Race,CZE,J. Miller,Prima Pramac Yamaha MotoGP,10.0,10.0,6.0,Finished,43,
2025,MotoGP,CZE,Race,CZE,F. Aldeguer,BK8 Gresini Racing MotoGP,8.0,11.0,5.0,Finished,54,
2025,MotoGP,CZE,Race,CZE,L. Marini,Honda HRC Castrol,6.0,12.0,4.0,Finished,10,
2025,MotoGP,CZE,Race,CZE,J. Zarco,CASTROL Honda LCR,9.0,13.0,3.0,Finished,5,
2025,MotoGP,CZE,Race,CZE,A. Ogura,Trackhouse MotoGP Team,11.0,14.0,2.0,Finished,79,
2025,MotoGP,CZE,Race,CZE,A. Rins,Monster Energy Yamaha MotoGP Team,5.0,15.0,1.0,Finished,42,
2025,MotoGP,CZE,Race,CZE,F. Di Giannantonio,Pertamina Enduro VR46 Racing Team,3.0,16.0,0.0,Finished,49,
2025,MotoGP,CZE,Race,CZE,M. Oliveira,Prima Pramac Yamaha MotoGP,7.0,17.0,0.0,Finished,88,
2025,MotoGP,CZE,Race,CZE,A. Fernandez,Yamaha Factory Racing Team,12.0,18.0,0.0,Finished,7,
2025,MotoGP,CZE,Race,CZE,E. Bastianini,Red Bull KTM Tech3,11.0,,0.0,DNF,23,
2025,MotoGP,CZE,Race,CZE,A. Marquez,BK8 Gresini Racing MotoGP,8.0,,0.0,DNF,73,
2025,MotoGP,CZE,Race,CZE,J. Mir,Honda HRC Castrol,5.0,,0.0,DNF,36,
2025,MotoGP,CZE,Race,CZE,M. Marquez,Ducati Lenovo Team,2.0,1.0,12.0,Finished,93,
2025,MotoGP,CZE,Race,CZE,P. Acosta,Red Bull KTM Factory Racing,7.0,2.0,9.0,Finished,37,
2025,MotoGP,CZE,Race,CZE,E. Bastianini,Red Bull KTM Tech3,11.0,3.0,7.0,Finished,23,
2025,MotoGP,CZE,Race,CZE,M. Bezzecchi,Aprilia Racing,4.0,4.0,6.0,Finished,72,
2025,MotoGP,CZE,Race,CZE,F. Quartararo,Monster Energy Yamaha MotoGP Team,3.0,5.0,5.0,Finished,20,
2025,MotoGP,CZE,Race,CZE,R. Fernandez,Trackhouse MotoGP Team,2.0,6.0,4.0,Finished,25,
2025,MotoGP,CZE,Race,CZE,F. Bagnaia,Ducati Lenovo Team,1.0,7.0,3.0,Finished,63,
2025,MotoGP,CZE,Race,CZE,J. Zarco,CASTROL Honda LCR,9.0,8.0,2.0,Finished,5,
2025,MotoGP,CZE,Race,CZE,P. Espargaro,Red Bull KTM Tech3,4.0,9.0,1.0,Finished,44,
2025,MotoGP,CZE,Race,CZE,B. Binder,Red Bull KTM Factory Racing,9.0,10.0,0.0,Finished,33,
2025,MotoGP,CZE,Race,CZE,J. Martin,Aprilia Racing,12.0,11.0,0.0,Finished,1,
2025,MotoGP,CZE,Race,CZE,J. Miller,Prima Pramac Yamaha MotoGP,10.0,12.0,0.0,Finished,43,
2025,MotoGP,CZE,Race,CZE,M. Oliveira,Prima Pramac Yamaha MotoGP,7.0,13.0,0.0,Finished,88,
2025,MotoGP,CZE,Race,CZE,F. Aldeguer,BK8 Gresini Racing MotoGP,8.0,14.0,0.0,Finished,54,
2025,MotoGP,CZE,Race,CZE,L. Marini,Honda HRC Castrol,6.0,15.0,0.0,Finished,10,
2025,MotoGP,CZE,Race,CZE,A. Ogura,Trackhouse MotoGP Team,11.0,16.0,0.0,Finished,79,
2025,MotoGP,CZE,Race,CZE,A. Marquez,BK8 Gresini Racing MotoGP,8.0,17.0,0.0,Finished,73,
2025,MotoGP,CZE,Race,CZE,A. Rins,Monster Energy Yamaha MotoGP Team,5.0,18.0,0.0,Finished,42,
2025,MotoGP,CZE,Race,CZE,J. Mir,Honda HRC Castrol,5.0,19.0,0.0,Finished,36,
2025,MotoGP,CZE,Race,CZE,F. Di Giannantonio,Pertamina Enduro VR46 Racing Team,3.0,,0.0,DNF,49,
2025,MotoGP,CZE,Race,CZE,A. Fernandez,Yamaha Factory Racing Team,12.0,,0.0,DNF,7,
2025,MotoGP,CZE,Race,CZE,T. Nakagami,IDEMITSU Honda LCR,10.0,,0.0,DNF,30,
2025,MotoGP,AUT,Race,AUT,M. Marquez,Ducati Lenovo Team,4.0,1.0,25.0,Finished,93,
2025,MotoGP,AUT,Race,AUT,F. Aldeguer,BK8 Gresini Racing MotoGP,6.0,2.0,20.0,Finished,54,
2025,MotoGP,AUT,Race,AUT,M. Bezzecchi,Aprilia Racing,2.0,3.0,16.0,Finished,72,
2025,MotoGP,AUT,Race,AUT,P. Acosta,Red Bull KTM Factory Racing,7.0,4.0,13.0,Finished,37,
2025,MotoGP,AUT,Race,AUT,E. Bastianini,Red Bull KTM Tech3,1.0,5.0,11.0,Finished,23,
2025,MotoGP,AUT,Race,AUT,J. Mir,Honda HRC Castrol,10.0,6.0,10.0,Finished,36,
2025,MotoGP,AUT,Race,AUT,B. Binder,Red Bull KTM Factory Racing,11.0,7.0,9.0,Finished,33,
2025,MotoGP,AUT,Race,AUT,F. Bagnaia,Ducati Lenovo Team,3.0,8.0,8.0,Finished,63,
2025,MotoGP,AUT,Race,AUT,R. Fernandez,Trackhouse MotoGP Team,9.0,9.0,7.0,Finished,25,
2025,MotoGP,AUT,Race,AUT,A. Marquez,BK8 Gresini Racing MotoGP,2.0,10.0,6.0,Finished,73,
2025,MotoGP,AUT,Race,AUT,F. Morbidelli,Pertamina Enduro VR46 Racing Team,8.0,11.0,5.0,Finished,21,
2025,MotoGP,AUT,Race,AUT,J. Zarco,CASTROL Honda LCR,12.0,12.0,4.0,Finished,5,
2025,MotoGP,AUT,Race,AUT,L. Marini,Honda HRC Castrol,3.0,13.0,3.0,Finished,10,
2025,MotoGP,AUT,Race,AUT,A. Ogura,Trackhouse MotoGP Team,9.0,14.0,2.0,Finished,79,
2025,MotoGP,AUT,Race,AUT,F. Quartararo,Monster Energy Yamaha MotoGP Team,6.0,15.0,1.0,Finished,20,
2025,MotoGP,AUT,Race,AUT,A. Rins,Monster Energy Yamaha MotoGP Team,7.0,16.0,0.0,Finished,42,
2025,MotoGP,AUT,Race,AUT,M. Oliveira,Prima Pramac Yamaha MotoGP,8.0,17.0,0.0,Finished,88,
2025,MotoGP,AUT,Race,AUT,J. Miller,Prima Pramac Yamaha MotoGP,10.0,18.0,0.0,Finished,43,
2025,MotoGP,AUT,Race,AUT,F. Giannantonio,Pertamina Enduro VR46 Racing Team,,,0.0,DNF,49,
2025,MotoGP,AUT,Race,AUT,J. Martin,Aprilia Racing,4.0,,0.0,DNF,1,
2025,MotoGP,AUT,Race,AUT,M. Marquez,Ducati Lenovo Team,4.0,1.0,12.0,Finished,93,
2025,MotoGP,AUT,Race,AUT,A. Marquez,BK8 Gresini Racing MotoGP,2.0,2.0,9.0,Finished,73,
2025,MotoGP,AUT,Race,AUT,P. Acosta,Red Bull KTM Factory Racing,7.0,3.0,7.0,Finished,37,
2025,MotoGP,AUT,Race,AUT,M. Bezzecchi,Aprilia Racing,2.0,4.0,6.0,Finished,72,
2025,MotoGP,AUT,Race,AUT,B. Binder,Red Bull KTM Factory Racing,11.0,5.0,5.0,Finished,33,
2025,MotoGP,AUT,Race,AUT,F. Aldeguer,BK8 Gresini Racing MotoGP,6.0,6.0,4.0,Finished,54,
2025,MotoGP,AUT,Race,AUT,E. Bastianini,Red Bull KTM Tech3,1.0,7.0,3.0,Finished,23,
2025,MotoGP,AUT,Race,AUT,F. Giannantonio,Pertamina Enduro VR46 Racing Team,,8.0,2.0,Finished,49,
2025,MotoGP,AUT,Race,AUT,J. Zarco,CASTROL Honda LCR,12.0,9.0,1.0,Finished,5,
2025,MotoGP,AUT,Race,AUT,J. Martin,Aprilia Racing,4.0,10.0,0.0,Finished,1,
2025,MotoGP,AUT,Race,AUT,F. Quartararo,Monster Energy Yamaha MotoGP Team,6.0,11.0,0.0,Finished,20,
2025,MotoGP,AUT,Race,AUT,L. Marini,Honda HRC Castrol,3.0,12.0,0.0,Finished,10,
2025,MotoGP,AUT,Race,AUT,J. Mir,Honda HRC Castrol,10.0,13.0,0.0,Finished,36,
2025,MotoGP,AUT,Race,AUT,F. Morbidelli,Pertamina Enduro VR46 Racing Team,8.0,14.0,0.0,Finished,21,
2025,MotoGP,AUT,Race,AUT,A. Ogura,Trackhouse MotoGP Team,9.0,15.0,0.0,Finished,79,
2025,MotoGP,AUT,Race,AUT,A. Rins,Monster Energy Yamaha MotoGP Team,7.0,16.0,0.0,Finished,42,
2025,MotoGP,AUT,Race,AUT,J. Miller,Prima Pramac Yamaha MotoGP,10.0,17.0,0.0,Finished,43,
2025,MotoGP,AUT,Race,AUT,M. Oliveira,Prima Pramac Yamaha MotoGP,8.0,18.0,0.0,Finished,88,
2025,MotoGP,AUT,Race,AUT,R. Fernandez,Trackhouse MotoGP Team,9.0,,0.0,DNF,25,
2025,MotoGP,AUT,Race,AUT,F. Bagnaia,Ducati Lenovo Team,3.0,,0.0,DNF,63,
2025,MotoGP,HUN,Race,HUN,M. Marquez,Ducati Lenovo Team,1.0,1.0,25.0,Finished,93,
2025,MotoGP,HUN,Race,HUN,P. Acosta,Red Bull KTM Factory Racing,7.0,2.0,20.0,Finished,37,
2025,MotoGP,HUN,Race,HUN,M. Bezzecchi,Aprilia Racing,1.0,3.0,16.0,Finished,72,
2025,MotoGP,HUN,Race,HUN,J. Martin,Aprilia Racing,7.0,4.0,13.0,Finished,1,
2025,MotoGP,HUN,Race,HUN,L. Marini,Honda HRC Castrol,9.0,5.0,11.0,Finished,10,
2025,MotoGP,HUN,Race,HUN,F. Morbidelli,Pertamina Enduro VR46 Racing Team,5.0,6.0,10.0,Finished,21,
2025,MotoGP,HUN,Race,HUN,B. Binder,Red Bull KTM Factory Racing,3.0,7.0,9.0,Finished,33,
2025,MotoGP,HUN,Race,HUN,P. Espargaro,Red Bull KTM Tech3,12.0,8.0,8.0,Finished,44,
2025,MotoGP,HUN,Race,HUN,F. Bagnaia,Ducati Lenovo Team,5.0,9.0,7.0,Finished,63,
2025,MotoGP,HUN,Race,HUN,F. Quartararo,Monster Energy Yamaha MotoGP Team,6.0,10.0,6.0,Finished,20,
2025,MotoGP,HUN,Race,HUN,A. Ogura,Trackhouse MotoGP Team,11.0,11.0,5.0,Finished,79,
2025,MotoGP,HUN,Race,HUN,M. Oliveira,Prima Pramac Yamaha MotoGP,9.0,12.0,4.0,Finished,88,
2025,MotoGP,HUN,Race,HUN,A. Rins,Monster Energy Yamaha MotoGP Team,10.0,13.0,3.0,Finished,42,
2025,MotoGP,HUN,Race,HUN,A. Marquez,BK8 Gresini Racing MotoGP,11.0,14.0,2.0,Finished,73,
2025,MotoGP,HUN,Race,HUN,F. Giannantonio,Pertamina Enduro VR46 Racing Team,,15.0,1.0,Finished,49,
2025,MotoGP,HUN,Race,HUN,F. Aldeguer,BK8 Gresini Racing MotoGP,8.0,16.0,0.0,Finished,54,
2025,MotoGP,HUN,Race,HUN,J. Zarco,CASTROL Honda LCR,8.0,,0.0,DNF,5,
2025,MotoGP,HUN,Race,HUN,R. Fernandez,Trackhouse MotoGP Team,6.0,,0.0,DNF,25,
2025,MotoGP,HUN,Race,HUN,J. Miller,Prima Pramac Yamaha MotoGP,4.0,,0.0,DNF,43,
2025,MotoGP,HUN,Race,HUN,E. Bastianini,Red Bull KTM Tech3,4.0,,0.0,DNF,23,
2025,MotoGP,HUN,Race,HUN,J. Mir,Honda HRC Castrol,10.0,,0.0,DNF,36,
2025,MotoGP,HUN,Race,HUN,M. Marquez,Ducati Lenovo Team,1.0,1.0,12.0,Finished,93,
2025,MotoGP,HUN,Race,HUN,F. Giannantonio,Pertamina Enduro VR46 Racing Team,,2.0,9.0,Finished,49,
2025,MotoGP,HUN,Race,HUN,F. Morbidelli,Pertamina Enduro VR46 Racing Team,5.0,3.0,7.0,Finished,21,
2025,MotoGP,HUN,Race,HUN,L. Marini,Honda HRC Castrol,9.0,4.0,6.0,Finished,10,
2025,MotoGP,HUN,Race,HUN,F. Aldeguer,BK8 Gresini Racing MotoGP,8.0,5.0,5.0,Finished,54,
2025,MotoGP,HUN,Race,HUN,J. Mir,Honda HRC Castrol,10.0,6.0,4.0,Finished,36,
2025,MotoGP,HUN,Race,HUN,M. Bezzecchi,Aprilia Racing,1.0,7.0,3.0,Finished,72,
2025,MotoGP,HUN,Race,HUN,A. Marquez,BK8 Gresini Racing MotoGP,11.0,8.0,2.0,Finished,73,
2025,MotoGP,HUN,Race,HUN,J. Martin,Aprilia Racing,7.0,9.0,1.0,Finished,1,
2025,MotoGP,HUN,Race,HUN,P. Espargaro,Red Bull KTM Tech3,12.0,10.0,0.0,Finished,44,
2025,MotoGP,HUN,Race,HUN,R. Fernandez,Trackhouse MotoGP Team,6.0,11.0,0.0,Finished,25,
2025,MotoGP,HUN,Race,HUN,J. Miller,Prima Pramac Yamaha MotoGP,4.0,12.0,0.0,Finished,43,
2025,MotoGP,HUN,Race,HUN,F. Bagnaia,Ducati Lenovo Team,5.0,13.0,0.0,Finished,63,
2025,MotoGP,HUN,Race,HUN,M. Oliveira,Prima Pramac Yamaha MotoGP,9.0,14.0,0.0,Finished,88,
2025,MotoGP,HUN,Race,HUN,A. Ogura,Trackhouse MotoGP Team,11.0,15.0,0.0,Finished,79,
2025,MotoGP,HUN,Race,HUN,A. Rins,Monster Energy Yamaha MotoGP Team,10.0,16.0,0.0,Finished,42,
2025,MotoGP,HUN,Race,HUN,P. Acosta,Red Bull KTM Factory Racing,7.0,17.0,0.0,Finished,37,
2025,MotoGP,HUN,Race,HUN,B. Binder,Red Bull KTM Factory Racing,3.0,18.0,0.0,Finished,33,
2025,MotoGP,HUN,Race,HUN,J. Zarco,CASTROL Honda LCR,8.0,,0.0,DNF,5,
2025,MotoGP,HUN,Race,HUN,E. Bastianini,Red Bull KTM Tech3,4.0,,0.0,DNF,23,
2025,MotoGP,HUN,Race,HUN,F. Quartararo,Monster Energy Yamaha MotoGP Team,6.0,,0.0,DNF,20,
2025,MotoGP,CAT,Race,CAT,A. Marquez,BK8 Gresini Racing MotoGP,1.0,1.0,25.0,Finished,73,
2025,MotoGP,CAT,Race,CAT,M. Marquez,Ducati Lenovo Team,3.0,2.0,20.0,Finished,93,
2025,MotoGP,CAT,Race,CAT,E. Bastianini,Red Bull KTM Tech3,9.0,3.0,16.0,Finished,23,
2025,MotoGP,CAT,Race,CAT,P. Acosta,Red Bull KTM Factory Racing,5.0,4.0,13.0,Finished,37,
2025,MotoGP,CAT,Race,CAT,F. Quartararo,Monster Energy Yamaha MotoGP Team,1.0,5.0,11.0,Finished,20,
2025,MotoGP,CAT,Race,CAT,A. Ogura,Trackhouse MotoGP Team,8.0,6.0,10.0,Finished,79,
2025,MotoGP,CAT,Race,CAT,F. Bagnaia,Ducati Lenovo Team,11.0,7.0,9.0,Finished,63,
2025,MotoGP,CAT,Race,CAT,L. Marini,Honda HRC Castrol,10.0,8.0,8.0,Finished,10,
2025,MotoGP,CAT,Race,CAT,M. Oliveira,Prima Pramac Yamaha MotoGP,6.0,9.0,7.0,Finished,88,
2025,MotoGP,CAT,Race,CAT,J. Martin,Aprilia Racing,8.0,10.0,6.0,Finished,1,
2025,MotoGP,CAT,Race,CAT,R. Fernandez,Trackhouse MotoGP Team,5.0,11.0,5.0,Finished,25,
2025,MotoGP,CAT,Race,CAT,J. Mir,Honda HRC Castrol,7.0,12.0,4.0,Finished,36,
2025,MotoGP,CAT,Race,CAT,M. Viñales,Red Bull KTM Tech3,12.0,13.0,3.0,Finished,12,
2025,MotoGP,CAT,Race,CAT,J. Miller,Prima Pramac Yamaha MotoGP,4.0,14.0,2.0,Finished,43,
2025,MotoGP,CAT,Race,CAT,F. Aldeguer,BK8 Gresini Racing MotoGP,3.0,15.0,1.0,Finished,54,
2025,MotoGP,CAT,Race,CAT,S. Chantra,IDEMITSU Honda LCR,14.0,16.0,0.0,Finished,35,
2025,MotoGP,CAT,Race,CAT,A. Espargaro,Honda HRC Test Team,9.0,17.0,0.0,Finished,41,
2025,MotoGP,CAT,Race,CAT,F. Morbidelli,Pertamina Enduro VR46 Racing Team,4.0,,0.0,DNF,21,
2025,MotoGP,CAT,Race,CAT,L. Savadori,Aprilia Racing,13.0,,0.0,DNF,32,
2025,MotoGP,CAT,Race,CAT,A. Rins,Monster Energy Yamaha MotoGP Team,10.0,,0.0,DNF,42,
2025,MotoGP,CAT,Race,CAT,F. Giannantonio,Pertamina Enduro VR46 Racing Team,,,0.0,DNF,49,
2025,MotoGP,CAT,Race,CAT,J. Zarco,CASTROL Honda LCR,7.0,,0.0,DNF,5,
2025,MotoGP,CAT,Race,CAT,B. Binder,Red Bull KTM Factory Racing,11.0,,0.0,DNF,33,
2025,MotoGP,CAT,Race,CAT,M. Bezzecchi,Aprilia Racing,12.0,,0.0,DNF,72,
2025,MotoGP,CAT,Race,CAT,A. Marquez,BK8 Gresini Racing MotoGP,1.0,1.0,25.0,Finished,73,
2025,MotoGP,CAT,Race,CAT,M. Marquez,Ducati Lenovo Team,3.0,2.0,20.0,Finished,93,
2025,MotoGP,CAT,Race,CAT,E. Bastianini,Red Bull KTM Tech3,9.0,3.0,16.0,Finished,23,
2025,MotoGP,CAT,Race,CAT,P. Acosta,Red Bull KTM Factory Racing,5.0,4.0,13.0,Finished,37,
2025,MotoGP,CAT,Race,CAT,F. Quartararo,Monster Energy Yamaha MotoGP Team,1.0,5.0,11.0,Finished,20,
2025,MotoGP,CAT,Race,CAT,A. Ogura,Trackhouse MotoGP Team,8.0,6.0,10.0,Finished,79,
2025,MotoGP,CAT,Race,CAT,F. Bagnaia,Ducati Lenovo Team,11.0,7.0,9.0,Finished,63,
2025,MotoGP,CAT,Race,CAT,L. Marini,Honda HRC Castrol,10.0,8.0,8.0,Finished,10,
2025,MotoGP,CAT,Race,CAT,M. Oliveira,Prima Pramac Yamaha MotoGP,6.0,9.0,7.0,Finished,88,
2025,MotoGP,CAT,Race,CAT,J. Martin,Aprilia Racing,8.0,10.0,6.0,Finished,1,
2025,MotoGP,CAT,Race,CAT,R. Fernandez,Trackhouse MotoGP Team,5.0,11.0,5.0,Finished,25,
2025,MotoGP,CAT,Race,CAT,J. Mir,Honda HRC Castrol,7.0,12.0,4.0,Finished,36,
2025,MotoGP,CAT,Race,CAT,M. Viñales,Red Bull KTM Tech3,12.0,13.0,3.0,Finished,12,
2025,MotoGP,CAT,Race,CAT,J. Miller,Prima Pramac Yamaha MotoGP,4.0,14.0,2.0,Finished,43,
2025,MotoGP,CAT,Race,CAT,F. Aldeguer,BK8 Gresini Racing MotoGP,3.0,15.0,1.0,Finished,54,
2025,MotoGP,CAT,Race,CAT,S. Chantra,IDEMITSU Honda LCR,14.0,16.0,0.0,Finished,35,
2025,MotoGP,CAT,Race,CAT,A. Espargaro,Honda HRC Test Team,9.0,17.0,0.0,Finished,41,
2025,MotoGP,CAT,Race,CAT,F. Morbidelli,Pertamina Enduro VR46 Racing Team,4.0,,0.0,DNF,21,
2025,MotoGP,CAT,Race,CAT,L. Savadori,Aprilia Racing,13.0,,0.0,DNF,32,
2025,MotoGP,CAT,Race,CAT,A. Rins,Monster Energy Yamaha MotoGP Team,10.0,,0.0,DNF,42,
2025,MotoGP,CAT,Race,CAT,F. Giannantonio,Pertamina Enduro VR46 Racing Team,,,0.0,DNF,49,
2025,MotoGP,CAT,Race,CAT,J. Zarco,CASTROL Honda LCR,7.0,,0.0,DNF,5,
2025,MotoGP,CAT,Race,CAT,B. Binder,Red Bull KTM Factory Racing,11.0,,0.0,DNF,33,
2025,MotoGP,CAT,Race,CAT,M. Bezzecchi,Aprilia Racing,12.0,,0.0,DNF,72,
2025,MotoGP,CAT,Race,CAT,M. Marquez,Ducati Lenovo Team,3.0,1.0,12.0,Finished,93,
2025,MotoGP,CAT,Race,CAT,F. Quartararo,Monster Energy Yamaha MotoGP Team,1.0,2.0,9.0,Finished,20,
2025,MotoGP,CAT,Race,CAT,F. Giannantonio,Pertamina Enduro VR46 Racing Team,,3.0,7.0,Finished,49,
2025,MotoGP,CAT,Race,CAT,P. Acosta,Red Bull KTM Factory Racing,5.0,4.0,6.0,Finished,37,
2025,MotoGP,CAT,Race,CAT,E. Bastianini,Red Bull KTM Tech3,9.0,5.0,5.0,Finished,23,
2025,MotoGP,CAT,Race,CAT,B. Binder,Red Bull KTM Factory Racing,11.0,6.0,4.0,Finished,33,
2025,MotoGP,CAT,Race,CAT,J. Zarco,CASTROL Honda LCR,7.0,7.0,3.0,Finished,5,
2025,MotoGP,CAT,Race,CAT,L. Marini,Honda HRC Castrol,10.0,8.0,2.0,Finished,10,
2025,MotoGP,CAT,Race,CAT,A. Ogura,Trackhouse MotoGP Team,8.0,9.0,1.0,Finished,79,
2025,MotoGP,CAT,Race,CAT,M. Oliveira,Prima Pramac Yamaha MotoGP,6.0,10.0,0.0,Finished,88,
2025,MotoGP,CAT,Race,CAT,R. Fernandez,Trackhouse MotoGP Team,5.0,11.0,0.0,Finished,25,
2025,MotoGP,CAT,Race,CAT,J. Miller,Prima Pramac Yamaha MotoGP,4.0,12.0,0.0,Finished,43,
2025,MotoGP,CAT,Race,CAT,J. Mir,Honda HRC Castrol,7.0,13.0,0.0,Finished,36,
2025,MotoGP,CAT,Race,CAT,F. Bagnaia,Ducati Lenovo Team,11.0,14.0,0.0,Finished,63,
2025,MotoGP,CAT,Race,CAT,A. Rins,Monster Energy Yamaha MotoGP Team,10.0,15.0,0.0,Finished,42,
2025,MotoGP,CAT,Race,CAT,A. Espargaro,Honda HRC Test Team,9.0,16.0,0.0,Finished,41,
2025,MotoGP,CAT,Race,CAT,M. Viñales,Red Bull KTM Tech3,12.0,17.0,0.0,Finished,12,
2025,MotoGP,CAT,Race,CAT,S. Chantra,IDEMITSU Honda LCR,14.0,18.0,0.0,Finished,35,
2025,MotoGP,CAT,Race,CAT,A. Marquez,BK8 Gresini Racing MotoGP,1.0,,0.0,DNF,73,
2025,MotoGP,CAT,Race,CAT,F. Aldeguer,BK8 Gresini Racing MotoGP,3.0,,0.0,DNF,54,
2025,MotoGP,CAT,Race,CAT,M. Bezzecchi,Aprilia Racing,12.0,,0.0,DNF,72,
2025,MotoGP,CAT,Race,CAT,L. Savadori,Aprilia Racing,13.0,,0.0,DNF,32,
2025,MotoGP,CAT,Race,CAT,F. Morbidelli,Pertamina Enduro VR46 Racing Team,4.0,,0.0,DNF,21,
2025,MotoGP,CAT,Race,CAT,J. Martin,Aprilia Racing,8.0,,0.0,DNF,1,
2025,MotoGP,CAT,Race,CAT,M. Marquez,Ducati Lenovo Team,3.0,1.0,12.0,Finished,93,
2025,MotoGP,CAT,Race,CAT,F. Quartararo,Monster Energy Yamaha MotoGP Team,1.0,2.0,9.0,Finished,20,
2025,MotoGP,CAT,Race,CAT,F. Giannantonio,Pertamina Enduro VR46 Racing Team,,3.0,7.0,Finished,49,
2025,MotoGP,CAT,Race,CAT,P. Acosta,Red Bull KTM Factory Racing,5.0,4.0,6.0,Finished,37,
2025,MotoGP,CAT,Race,CAT,E. Bastianini,Red Bull KTM Tech3,9.0,5.0,5.0,Finished,23,
2025,MotoGP,CAT,Race,CAT,B. Binder,Red Bull KTM Factory Racing,11.0,6.0,4.0,Finished,33,
2025,MotoGP,CAT,Race,CAT,J. Zarco,CASTROL Honda LCR,7.0,7.0,3.0,Finished,5,
2025,MotoGP,CAT,Race,CAT,L. Marini,Honda HRC Castrol,10.0,8.0,2.0,Finished,10,
2025,MotoGP,CAT,Race,CAT,A. Ogura,Trackhouse MotoGP Team,8.0,9.0,1.0,Finished,79,
2025,MotoGP,CAT,Race,CAT,M. Oliveira,Prima Pramac Yamaha MotoGP,6.0,10.0,0.0,Finished,88,
2025,MotoGP,CAT,Race,CAT,R. Fernandez,Trackhouse MotoGP Team,5.0,11.0,0.0,Finished,25,
2025,MotoGP,CAT,Race,CAT,J. Miller,Prima Pramac Yamaha MotoGP,4.0,12.0,0.0,Finished,43,
2025,MotoGP,CAT,Race,CAT,J. Mir,Honda HRC Castrol,7.0,13.0,0.0,Finished,36,
2025,MotoGP,CAT,Race,CAT,F. Bagnaia,Ducati Lenovo Team,11.0,14.0,0.0,Finished,63,
2025,MotoGP,CAT,Race,CAT,A. Rins,Monster Energy Yamaha MotoGP Team,10.0,15.0,0.0,Finished,42,
2025,MotoGP,CAT,Race,CAT,A. Espargaro,Honda HRC Test Team,9.0,16.0,0.0,Finished,41,
2025,MotoGP,CAT,Race,CAT,M. Viñales,Red Bull KTM Tech3,12.0,17.0,0.0,Finished,12,
2025,MotoGP,CAT,Race,CAT,S. Chantra,IDEMITSU Honda LCR,14.0,18.0,0.0,Finished,35,
2025,MotoGP,CAT,Race,CAT,A. Marquez,BK8 Gresini Racing MotoGP,1.0,,0.0,DNF,73,
2025,MotoGP,CAT,Race,CAT,F. Aldeguer,BK8 Gresini Racing MotoGP,3.0,,0.0,DNF,54,
2025,MotoGP,CAT,Race,CAT,M. Bezzecchi,Aprilia Racing,12.0,,0.0,DNF,72,
2025,MotoGP,CAT,Race,CAT,L. Savadori,Aprilia Racing,13.0,,0.0,DNF,32,
2025,MotoGP,CAT,Race,CAT,F. Morbidelli,Pertamina Enduro VR46 Racing Team,4.0,,0.0,DNF,21,
2025,MotoGP,CAT,Race,CAT,J. Martin,Aprilia Racing,8.0,,0.0,DNF,1,
2025,MotoGP,RSM,Race,RSM,M. Marquez,Ducati Lenovo Team,4.0,1.0,25.0,Finished,93,
2025,MotoGP,RSM,Race,RSM,M. Bezzecchi,Aprilia Racing,1.0,2.0,20.0,Finished,72,
2025,MotoGP,RSM,Race,RSM,A. Marquez,BK8 Gresini Racing MotoGP,2.0,3.0,16.0,Finished,73,
2025,MotoGP,RSM,Race,RSM,F. Morbidelli,Pertamina Enduro VR46 Racing Team,5.0,4.0,13.0,Finished,21,
2025,MotoGP,RSM,Race,RSM,F. Giannantonio,Pertamina Enduro VR46 Racing Team,,5.0,11.0,Finished,49,
2025,MotoGP,RSM,Race,RSM,F. Aldeguer,BK8 Gresini Racing MotoGP,2.0,6.0,10.0,Finished,54,
2025,MotoGP,RSM,Race,RSM,L. Marini,Honda HRC Castrol,6.0,7.0,9.0,Finished,10,
2025,MotoGP,RSM,Race,RSM,F. Quartararo,Monster Energy Yamaha MotoGP Team,1.0,8.0,8.0,Finished,20,
2025,MotoGP,RSM,Race,RSM,M. Oliveira,Prima Pramac Yamaha MotoGP,3.0,9.0,7.0,Finished,88,
2025,MotoGP,RSM,Race,RSM,B. Binder,Red Bull KTM Factory Racing,6.0,10.0,6.0,Finished,33,
2025,MotoGP,RSM,Race,RSM,R. Fernandez,Trackhouse MotoGP Team,4.0,11.0,5.0,Finished,25,
2025,MotoGP,RSM,Race,RSM,J. Miller,Prima Pramac Yamaha MotoGP,11.0,12.0,4.0,Finished,43,
2025,MotoGP,RSM,Race,RSM,J. Martin,Aprilia Racing,11.0,13.0,3.0,Finished,1,
2025,MotoGP,RSM,Race,RSM,A. Fernandez,Yamaha Factory Racing Team,12.0,14.0,2.0,Finished,7,
2025,MotoGP,RSM,Race,RSM,S. Chantra,IDEMITSU Honda LCR,13.0,15.0,1.0,Finished,35,
2025,MotoGP,RSM,Race,RSM,J. Zarco,CASTROL Honda LCR,9.0,16.0,0.0,Finished,5,
2025,MotoGP,RSM,Race,RSM,E. Bastianini,Red Bull KTM Tech3,10.0,,0.0,DNF,23,
2025,MotoGP,RSM,Race,RSM,A. Rins,Monster Energy Yamaha MotoGP Team,8.0,,0.0,DNF,42,
2025,MotoGP,RSM,Race,RSM,F. Bagnaia,Ducati Lenovo Team,8.0,,0.0,DNF,63,
2025,MotoGP,RSM,Race,RSM,P. Acosta,Red Bull KTM Factory Racing,9.0,,0.0,DNF,37,
2025,MotoGP,RSM,Race,RSM,M. Viñales,Red Bull KTM Tech3,7.0,,0.0,DNF,12,
2025,MotoGP,RSM,Race,RSM,A. Ogura,Trackhouse MotoGP Team,5.0,,0.0,DNF,79,
2025,MotoGP,RSM,Race,RSM,J. Mir,Honda HRC Castrol,12.0,,0.0,DNF,36,
2025,MotoGP,RSM,Race,RSM,M. Bezzecchi,Aprilia Racing,1.0,1.0,12.0,Finished,72,
2025,MotoGP,RSM,Race,RSM,A. Marquez,BK8 Gresini Racing MotoGP,2.0,2.0,9.0,Finished,73,
2025,MotoGP,RSM,Race,RSM,F. Giannantonio,Pertamina Enduro VR46 Racing Team,,3.0,7.0,Finished,49,
2025,MotoGP,RSM,Race,RSM,F. Morbidelli,Pertamina Enduro VR46 Racing Team,5.0,4.0,6.0,Finished,21,
2025,MotoGP,RSM,Race,RSM,P. Acosta,Red Bull KTM Factory Racing,9.0,5.0,5.0,Finished,37,
2025,MotoGP,RSM,Race,RSM,F. Aldeguer,BK8 Gresini Racing MotoGP,2.0,6.0,4.0,Finished,54,
2025,MotoGP,RSM,Race,RSM,L. Marini,Honda HRC Castrol,6.0,7.0,3.0,Finished,10,
2025,MotoGP,RSM,Race,RSM,J. Martin,Aprilia Racing,11.0,8.0,2.0,Finished,1,
2025,MotoGP,RSM,Race,RSM,R. Fernandez,Trackhouse MotoGP Team,4.0,9.0,1.0,Finished,25,
2025,MotoGP,RSM,Race,RSM,E. Bastianini,Red Bull KTM Tech3,10.0,10.0,0.0,Finished,23,
2025,MotoGP,RSM,Race,RSM,J. Zarco,CASTROL Honda LCR,9.0,11.0,0.0,Finished,5,
2025,MotoGP,RSM,Race,RSM,A. Ogura,Trackhouse MotoGP Team,5.0,12.0,0.0,Finished,79,
2025,MotoGP,RSM,Race,RSM,F. Bagnaia,Ducati Lenovo Team,8.0,13.0,0.0,Finished,63,
2025,MotoGP,RSM,Race,RSM,J. Miller,Prima Pramac Yamaha MotoGP,11.0,14.0,0.0,Finished,43,
2025,MotoGP,RSM,Race,RSM,M. Viñales,Red Bull KTM Tech3,7.0,15.0,0.0,Finished,12,
2025,MotoGP,RSM,Race,RSM,M. Oliveira,Prima Pramac Yamaha MotoGP,3.0,16.0,0.0,Finished,88,
2025,MotoGP,RSM,Race,RSM,A. Rins,Monster Energy Yamaha MotoGP Team,8.0,17.0,0.0,Finished,42,
2025,MotoGP,RSM,Race,RSM,A. Fernandez,Yamaha Factory Racing Team,12.0,18.0,0.0,Finished,7,
2025,MotoGP,RSM,Race,RSM,S. Chantra,IDEMITSU Honda LCR,13.0,19.0,0.0,Finished,35,
2025,MotoGP,RSM,Race,RSM,B. Binder,Red Bull KTM Factory Racing,6.0,,0.0,DNF,33,
2025,MotoGP,RSM,Race,RSM,F. Quartararo,Monster Energy Yamaha MotoGP Team,1.0,,0.0,DNF,20,
2025,MotoGP,RSM,Race,RSM,M. Marquez,Ducati Lenovo Team,4.0,,0.0,DNF,93,
2025,MotoGP,JPN,Race,JPN,F. Bagnaia,Ducati Lenovo Team,1.0,1.0,25.0,Finished,63,
2025,MotoGP,JPN,Race,JPN,M. Marquez,Ducati Lenovo Team,3.0,2.0,20.0,Finished,93,
2025,MotoGP,JPN,Race,JPN,J. Mir,Honda HRC Castrol,2.0,3.0,16.0,Finished,36,
2025,MotoGP,JPN,Race,JPN,M. Bezzecchi,Aprilia Racing,9.0,4.0,13.0,Finished,72,
2025,MotoGP,JPN,Race,JPN,F. Morbidelli,Pertamina Enduro VR46 Racing Team,1.0,5.0,11.0,Finished,21,
2025,MotoGP,JPN,Race,JPN,A. Marquez,BK8 Gresini Racing MotoGP,2.0,6.0,10.0,Finished,73,
2025,MotoGP,JPN,Race,JPN,R. Fernandez,Trackhouse MotoGP Team,10.0,7.0,9.0,Finished,25,
2025,MotoGP,JPN,Race,JPN,F. Quartararo,Monster Energy Yamaha MotoGP Team,5.0,8.0,8.0,Finished,20,
2025,MotoGP,JPN,Race,JPN,J. Zarco,CASTROL Honda LCR,11.0,9.0,7.0,Finished,5,
2025,MotoGP,JPN,Race,JPN,F. Aldeguer,BK8 Gresini Racing MotoGP,5.0,10.0,6.0,Finished,54,
2025,MotoGP,JPN,Race,JPN,E. Bastianini,Red Bull KTM Tech3,11.0,11.0,5.0,Finished,23,
2025,MotoGP,JPN,Race,JPN,B. Binder,Red Bull KTM Factory Racing,8.0,12.0,4.0,Finished,33,
2025,MotoGP,JPN,Race,JPN,F. Di Giannantonio,Pertamina Enduro VR46 Racing Team,12.0,13.0,3.0,Finished,49,
2025,MotoGP,JPN,Race,JPN,M. Oliveira,Prima Pramac Yamaha MotoGP,6.0,14.0,2.0,Finished,88,
2025,MotoGP,JPN,Race,JPN,S. Chantra,IDEMITSU Honda LCR,12.0,15.0,1.0,Finished,35,
2025,MotoGP,JPN,Race,JPN,M. Viñales,Red Bull KTM Tech3,13.0,16.0,0.0,Finished,12,
2025,MotoGP,JPN,Race,JPN,P. Acosta,Red Bull KTM Factory Racing,4.0,17.0,0.0,Finished,37,
2025,MotoGP,JPN,Race,JPN,A. Rins,Monster Energy Yamaha MotoGP Team,9.0,18.0,0.0,Finished,42,
2025,MotoGP,JPN,Race,JPN,J. Miller,Prima Pramac Yamaha MotoGP,4.0,,0.0,DNF,43,
2025,MotoGP,JPN,Race,JPN,T. Nakagami,Honda HRC Test Team,10.0,,0.0,DNF,30,
2025,MotoGP,JPN,Race,JPN,L. Marini,Honda HRC Castrol,7.0,,0.0,DNF,10,
2025,MotoGP,JPN,Race,JPN,F. Bagnaia,Ducati Lenovo Team,1.0,1.0,12.0,Finished,63,
2025,MotoGP,JPN,Race,JPN,M. Marquez,Ducati Lenovo Team,3.0,2.0,9.0,Finished,93,
2025,MotoGP,JPN,Race,JPN,P. Acosta,Red Bull KTM Factory Racing,4.0,3.0,7.0,Finished,37,
2025,MotoGP,JPN,Race,JPN,J. Mir,Honda HRC Castrol,2.0,4.0,6.0,Finished,36,
2025,MotoGP,JPN,Race,JPN,F. Morbidelli,Pertamina Enduro VR46 Racing Team,1.0,5.0,5.0,Finished,21,
2025,MotoGP,JPN,Race,JPN,F. Quartararo,Monster Energy Yamaha MotoGP Team,5.0,6.0,4.0,Finished,20,
2025,MotoGP,JPN,Race,JPN,L. Marini,Honda HRC Castrol,7.0,7.0,3.0,Finished,10,
2025,MotoGP,JPN,Race,JPN,R. Fernandez,Trackhouse MotoGP Team,10.0,8.0,2.0,Finished,25,
2025,MotoGP,JPN,Race,JPN,A. Ogura,Trackhouse MotoGP Team,3.0,9.0,1.0,Finished,79,
2025,MotoGP,JPN,Race,JPN,A. Marquez,BK8 Gresini Racing MotoGP,2.0,10.0,0.0,Finished,73,
2025,MotoGP,JPN,Race,JPN,F. Aldeguer,BK8 Gresini Racing MotoGP,5.0,11.0,0.0,Finished,54,
2025,MotoGP,JPN,Race,JPN,B. Binder,Red Bull KTM Factory Racing,8.0,12.0,0.0,Finished,33,
2025,MotoGP,JPN,Race,JPN,F. Di Giannantonio,Pertamina Enduro VR46 Racing Team,12.0,13.0,0.0,Finished,49,
2025,MotoGP,JPN,Race,JPN,T. Nakagami,Honda HRC Test Team,10.0,14.0,0.0,Finished,30,
2025,MotoGP,JPN,Race,JPN,M. Oliveira,Prima Pramac Yamaha MotoGP,6.0,15.0,0.0,Finished,88,
2025,MotoGP,JPN,Race,JPN,M. Viñales,Red Bull KTM Tech3,13.0,16.0,0.0,Finished,12,
2025,MotoGP,JPN,Race,JPN,S. Chantra,IDEMITSU Honda LCR,12.0,17.0,0.0,Finished,35,
2025,MotoGP,JPN,Race,JPN,A. Rins,Monster Energy Yamaha MotoGP Team,9.0,18.0,0.0,Finished,42,
2025,MotoGP,JPN,Race,JPN,J. Miller,Prima Pramac Yamaha MotoGP,4.0,,0.0,DNF,43,
2025,MotoGP,JPN,Race,JPN,J. Zarco,CASTROL Honda LCR,11.0,,0.0,DNF,5,
2025,MotoGP,JPN,Race,JPN,E. Bastianini,Red Bull KTM Tech3,11.0,,0.0,DNF,23,
2025,MotoGP,JPN,Race,JPN,M. Bezzecchi,Aprilia Racing,9.0,,0.0,DNF,72,
2025,MotoGP,JPN,Race,JPN,J. Martin,Aprilia Racing,7.0,,0.0,DNF,1,
2025,MotoGP,INA,Race,INA,F. Aldeguer,BK8 Gresini Racing MotoGP,2.0,1.0,25.0,Finished,54,
2025,MotoGP,INA,Race,INA,P. Acosta,Red Bull KTM Factory Racing,5.0,2.0,20.0,Finished,37,
2025,MotoGP,INA,Race,INA,A. Marquez,BK8 Gresini Racing MotoGP,7.0,3.0,16.0,Finished,73,
2025,MotoGP,INA,Race,INA,B. Binder,Red Bull KTM Factory Racing,5.0,4.0,13.0,Finished,33,
2025,MotoGP,INA,Race,INA,L. Marini,Honda HRC Castrol,6.0,5.0,11.0,Finished,10,
2025,MotoGP,INA,Race,INA,R. Fernandez,Trackhouse MotoGP Team,3.0,6.0,10.0,Finished,25,
2025,MotoGP,INA,Race,INA,F. Quartararo,Monster Energy Yamaha MotoGP Team,8.0,7.0,9.0,Finished,20,
2025,MotoGP,INA,Race,INA,F. Morbidelli,Pertamina Enduro VR46 Racing Team,3.0,8.0,8.0,Finished,21,
2025,MotoGP,INA,Race,INA,F. Di Giannantonio,Pertamina Enduro VR46 Racing Team,1.0,9.0,7.0,Finished,49,
2025,MotoGP,INA,Race,INA,A. Rins,Monster Energy Yamaha MotoGP Team,4.0,10.0,6.0,Finished,42,
2025,MotoGP,INA,Race,INA,M. Oliveira,Prima Pramac Yamaha MotoGP,10.0,11.0,5.0,Finished,88,
2025,MotoGP,INA,Race,INA,J. Zarco,CASTROL Honda LCR,8.0,12.0,4.0,Finished,5,
2025,MotoGP,INA,Race,INA,S. Chantra,IDEMITSU Honda LCR,9.0,13.0,3.0,Finished,35,
2025,MotoGP,INA,Race,INA,J. Miller,Prima Pramac Yamaha MotoGP,4.0,14.0,2.0,Finished,43,
2025,MotoGP,INA,Race,INA,E. Bastianini,Red Bull KTM Tech3,7.0,,0.0,DNF,23,
2025,MotoGP,INA,Race,INA,F. Bagnaia,Ducati Lenovo Team,6.0,,0.0,DNF,63,
2025,MotoGP,INA,Race,INA,J. Mir,Honda HRC Castrol,12.0,,0.0,DNF,36,
2025,MotoGP,INA,Race,INA,M. Bezzecchi,Aprilia Racing,1.0,,0.0,DNF,72,
2025,MotoGP,INA,Race,INA,M. Marquez,Ducati Lenovo Team,2.0,,0.0,DNF,93,
2025,MotoGP,INA,Race,INA,F. Aldeguer,BK8 Gresini Racing MotoGP,2.0,1.0,25.0,Finished,54,
2025,MotoGP,INA,Race,INA,P. Acosta,Red Bull KTM Factory Racing,5.0,2.0,20.0,Finished,37,
2025,MotoGP,INA,Race,INA,A. Marquez,BK8 Gresini Racing MotoGP,7.0,3.0,16.0,Finished,73,
2025,MotoGP,INA,Race,INA,B. Binder,Red Bull KTM Factory Racing,5.0,4.0,13.0,Finished,33,
2025,MotoGP,INA,Race,INA,L. Marini,Honda HRC Castrol,6.0,5.0,11.0,Finished,10,
2025,MotoGP,INA,Race,INA,R. Fernandez,Trackhouse MotoGP Team,3.0,6.0,10.0,Finished,25,
2025,MotoGP,INA,Race,INA,F. Quartararo,Monster Energy Yamaha MotoGP Team,8.0,7.0,9.0,Finished,20,
2025,MotoGP,INA,Race,INA,F. Morbidelli,Pertamina Enduro VR46 Racing Team,3.0,8.0,8.0,Finished,21,
2025,MotoGP,INA,Race,INA,F. Di Giannantonio,Pertamina Enduro VR46 Racing Team,1.0,9.0,7.0,Finished,49,
2025,MotoGP,INA,Race,INA,A. Rins,Monster Energy Yamaha MotoGP Team,4.0,10.0,6.0,Finished,42,
2025,MotoGP,INA,Race,INA,M. Oliveira,Prima Pramac Yamaha MotoGP,10.0,11.0,5.0,Finished,88,
2025,MotoGP,INA,Race,INA,J. Zarco,CASTROL Honda LCR,8.0,12.0,4.0,Finished,5,
2025,MotoGP,INA,Race,INA,S. Chantra,IDEMITSU Honda LCR,9.0,13.0,3.0,Finished,35,
2025,MotoGP,INA,Race,INA,J. Miller,Prima Pramac Yamaha MotoGP,4.0,14.0,2.0,Finished,43,
2025,MotoGP,INA,Race,INA,E. Bastianini,Red Bull KTM Tech3,7.0,,0.0,DNF,23,
2025,MotoGP,INA,Race,INA,F. Bagnaia,Ducati Lenovo Team,6.0,,0.0,DNF,63,
2025,MotoGP,INA,Race,INA,J. Mir,Honda HRC Castrol,12.0,,0.0,DNF,36,
2025,MotoGP,INA,Race,INA,M. Bezzecchi,Aprilia Racing,1.0,,0.0,DNF,72,
2025,MotoGP,INA,Race,INA,M. Marquez,Ducati Lenovo Team,2.0,,0.0,DNF,93,
2025,MotoGP,INA,Race,INA,M. Bezzecchi,Aprilia Racing,1.0,1.0,12.0,Finished,72,
2025,MotoGP,INA,Race,INA,F. Aldeguer,BK8 Gresini Racing MotoGP,2.0,2.0,9.0,Finished,54,
2025,MotoGP,INA,Race,INA,R. Fernandez,Trackhouse MotoGP Team,3.0,3.0,7.0,Finished,25,
2025,MotoGP,INA,Race,INA,A. Marquez,BK8 Gresini Racing MotoGP,7.0,4.0,6.0,Finished,73,
2025,MotoGP,INA,Race,INA,J. Mir,Honda HRC Castrol,12.0,5.0,5.0,Finished,36,
2025,MotoGP,INA,Race,INA,M. Marquez,Ducati Lenovo Team,2.0,6.0,4.0,Finished,93,
2025,MotoGP,INA,Race,INA,F. Morbidelli,Pertamina Enduro VR46 Racing Team,3.0,7.0,3.0,Finished,21,
2025,MotoGP,INA,Race,INA,F. Di Giannantonio,Pertamina Enduro VR46 Racing Team,1.0,8.0,2.0,Finished,49,
2025,MotoGP,INA,Race,INA,M. Oliveira,Prima Pramac Yamaha MotoGP,10.0,9.0,1.0,Finished,88,
2025,MotoGP,INA,Race,INA,B. Binder,Red Bull KTM Factory Racing,5.0,10.0,0.0,Finished,33,
2025,MotoGP,INA,Race,INA,J. Miller,Prima Pramac Yamaha MotoGP,4.0,11.0,0.0,Finished,43,
2025,MotoGP,INA,Race,INA,A. Rins,Monster Energy Yamaha MotoGP Team,4.0,12.0,0.0,Finished,42,
2025,MotoGP,INA,Race,INA,L. Marini,Honda HRC Castrol,6.0,13.0,0.0,Finished,10,
2025,MotoGP,INA,Race,INA,F. Bagnaia,Ducati Lenovo Team,6.0,14.0,0.0,Finished,63,
2025,MotoGP,INA,Race,INA,F. Quartararo,Monster Energy Yamaha MotoGP Team,8.0,,0.0,DNF,20,
2025,MotoGP,INA,Race,INA,J. Zarco,CASTROL Honda LCR,8.0,,0.0,DNF,5,
2025,MotoGP,INA,Race,INA,P. Acosta,Red Bull KTM Factory Racing,5.0,,0.0,DNF,37,
2025,MotoGP,INA,Race,INA,E. Bastianini,Red Bull KTM Tech3,7.0,,0.0,DNF,23,
2025,MotoGP,INA,Race,INA,S. Chantra,IDEMITSU Honda LCR,9.0,,0.0,DNF,35,
2025,MotoGP,INA,Race,INA,M. Bezzecchi,Aprilia Racing,1.0,1.0,12.0,Finished,72,
2025,MotoGP,INA,Race,INA,F. Aldeguer,BK8 Gresini Racing MotoGP,2.0,2.0,9.0,Finished,54,
2025,MotoGP,INA,Race,INA,R. Fernandez,Trackhouse MotoGP Team,3.0,3.0,7.0,Finished,25,
2025,MotoGP,INA,Race,INA,A. Marquez,BK8 Gresini Racing MotoGP,7.0,4.0,6.0,Finished,73,
2025,MotoGP,INA,Race,INA,J. Mir,Honda HRC Castrol,12.0,5.0,5.0,Finished,36,
2025,MotoGP,INA,Race,INA,M. Marquez,Ducati Lenovo Team,2.0,6.0,4.0,Finished,93,
2025,MotoGP,INA,Race,INA,F. Morbidelli,Pertamina Enduro VR46 Racing Team,3.0,7.0,3.0,Finished,21,
2025,MotoGP,INA,Race,INA,F. Di Giannantonio,Pertamina Enduro VR46 Racing Team,1.0,8.0,2.0,Finished,49,
2025,MotoGP,INA,Race,INA,M. Oliveira,Prima Pramac Yamaha MotoGP,10.0,9.0,1.0,Finished,88,
2025,MotoGP,INA,Race,INA,B. Binder,Red Bull KTM Factory Racing,5.0,10.0,0.0,Finished,33,
2025,MotoGP,INA,Race,INA,J. Miller,Prima Pramac Yamaha MotoGP,4.0,11.0,0.0,Finished,43,
2025,MotoGP,INA,Race,INA,A. Rins,Monster Energy Yamaha MotoGP Team,4.0,12.0,0.0,Finished,42,
2025,MotoGP,INA,Race,INA,L. Marini,Honda HRC Castrol,6.0,13.0,0.0,Finished,10,
2025,MotoGP,INA,Race,INA,F. Bagnaia,Ducati Lenovo Team,6.0,14.0,0.0,Finished,63,
2025,MotoGP,INA,Race,INA,F. Quartararo,Monster Energy Yamaha MotoGP Team,8.0,,0.0,DNF,20,
2025,MotoGP,INA,Race,INA,J. Zarco,CASTROL Honda LCR,8.0,,0.0,DNF,5,
2025,MotoGP,INA,Race,INA,P. Acosta,Red Bull KTM Factory Racing,5.0,,0.0,DNF,37,
2025,MotoGP,INA,Race,INA,E. Bastianini,Red Bull KTM Tech3,7.0,,0.0,DNF,23,
2025,MotoGP,INA,Race,INA,S. Chantra,IDEMITSU Honda LCR,9.0,,0.0,DNF,35,
2025,MotoGP,AUS,Race,AUS,R. Fernandez,Trackhouse MotoGP Team,4.0,1.0,25.0,Finished,25,
2025,MotoGP,AUS,Race,AUS,F. Di Giannantonio,Pertamina Enduro VR46 Racing Team,10.0,2.0,20.0,Finished,49,
2025,MotoGP,AUS,Race,AUS,M. Bezzecchi,Aprilia Racing,2.0,3.0,16.0,Finished,72,
2025,MotoGP,AUS,Race,AUS,A. Marquez,BK8 Gresini Racing MotoGP,6.0,4.0,13.0,Finished,73,
2025,MotoGP,AUS,Race,AUS,P. Acosta,Red Bull KTM Factory Racing,5.0,5.0,11.0,Finished,37,
2025,MotoGP,AUS,Race,AUS,L. Marini,Honda HRC Castrol,9.0,6.0,10.0,Finished,10,
2025,MotoGP,AUS,Race,AUS,A. Rins,Monster Energy Yamaha MotoGP Team,12.0,7.0,9.0,Finished,42,
2025,MotoGP,AUS,Race,AUS,B. Binder,Red Bull KTM Factory Racing,3.0,8.0,8.0,Finished,33,
2025,MotoGP,AUS,Race,AUS,E. Bastianini,Red Bull KTM Tech3,10.0,9.0,7.0,Finished,23,
2025,MotoGP,AUS,Race,AUS,P. Espargaro,Red Bull KTM Tech3,8.0,10.0,6.0,Finished,44,
2025,MotoGP,AUS,Race,AUS,F. Quartararo,Monster Energy Yamaha MotoGP Team,1.0,11.0,5.0,Finished,20,
2025,MotoGP,AUS,Race,AUS,M. Oliveira,Prima Pramac Yamaha MotoGP,6.0,12.0,4.0,Finished,88,
2025,MotoGP,AUS,Race,AUS,A. Ogura,Trackhouse MotoGP Team,8.0,13.0,3.0,Finished,79,
2025,MotoGP,AUS,Race,AUS,F. Aldeguer,BK8 Gresini Racing MotoGP,1.0,14.0,2.0,Finished,54,
2025,MotoGP,AUS,Race,AUS,F. Morbidelli,Pertamina Enduro VR46 Racing Team,7.0,15.0,1.0,Finished,21,
2025,MotoGP,AUS,Race,AUS,L. Savadori,Aprilia Racing,9.0,16.0,0.0,Finished,32,
2025,MotoGP,AUS,Race,AUS,S. Chantra,IDEMITSU Honda LCR,11.0,17.0,0.0,Finished,35,
2025,MotoGP,AUS,Race,AUS,M. Pirro,Ducati Lenovo Team,12.0,18.0,0.0,Finished,51,
2025,MotoGP,AUS,Race,AUS,F. Bagnaia,Ducati Lenovo Team,11.0,,0.0,DNF,63,
2025,MotoGP,AUS,Race,AUS,J. Mir,Honda HRC Castrol,4.0,,0.0,DNF,36,
2025,MotoGP,AUS,Race,AUS,J. Zarco,CASTROL Honda LCR,5.0,,0.0,DNF,5,
2025,MotoGP,AUS,Race,AUS,J. Miller,Prima Pramac Yamaha MotoGP,2.0,,0.0,DNF,43,
2025,MotoGP,AUS,Race,AUS,M. Bezzecchi,Aprilia Racing,2.0,1.0,12.0,Finished,72,
2025,MotoGP,AUS,Race,AUS,R. Fernandez,Trackhouse MotoGP Team,4.0,2.0,9.0,Finished,25,
2025,MotoGP,AUS,Race,AUS,P. Acosta,Red Bull KTM Factory Racing,5.0,3.0,7.0,Finished,37,
2025,MotoGP,AUS,Race,AUS,J. Miller,Prima Pramac Yamaha MotoGP,2.0,4.0,6.0,Finished,43,
2025,MotoGP,AUS,Race,AUS,F. Di Giannantonio,Pertamina Enduro VR46 Racing Team,10.0,5.0,5.0,Finished,49,
2025,MotoGP,AUS,Race,AUS,A. Marquez,BK8 Gresini Racing MotoGP,6.0,6.0,4.0,Finished,73,
2025,MotoGP,AUS,Race,AUS,F. Quartararo,Monster Energy Yamaha MotoGP Team,1.0,7.0,3.0,Finished,20,
2025,MotoGP,AUS,Race,AUS,L. Marini,Honda HRC Castrol,9.0,8.0,2.0,Finished,10,
2025,MotoGP,AUS,Race,AUS,P. Espargaro,Red Bull KTM Tech3,8.0,9.0,1.0,Finished,44,
2025,MotoGP,AUS,Race,AUS,E. Bastianini,Red Bull KTM Tech3,10.0,10.0,0.0,Finished,23,
2025,MotoGP,AUS,Race,AUS,J. Mir,Honda HRC Castrol,4.0,11.0,0.0,Finished,36,
2025,MotoGP,AUS,Race,AUS,J. Zarco,CASTROL Honda LCR,5.0,12.0,0.0,Finished,5,
2025,MotoGP,AUS,Race,AUS,A. Rins,Monster Energy Yamaha MotoGP Team,12.0,13.0,0.0,Finished,42,
2025,MotoGP,AUS,Race,AUS,M. Oliveira,Prima Pramac Yamaha MotoGP,6.0,14.0,0.0,Finished,88,
2025,MotoGP,AUS,Race,AUS,F. Morbidelli,Pertamina Enduro VR46 Racing Team,7.0,15.0,0.0,Finished,21,
2025,MotoGP,AUS,Race,AUS,L. Savadori,Aprilia Racing,9.0,16.0,0.0,Finished,32,
2025,MotoGP,AUS,Race,AUS,A. Ogura,Trackhouse MotoGP Team,8.0,17.0,0.0,Finished,79,
2025,MotoGP,AUS,Race,AUS,S. Chantra,IDEMITSU Honda LCR,11.0,18.0,0.0,Finished,35,
2025,MotoGP,AUS,Race,AUS,F. Bagnaia,Ducati Lenovo Team,11.0,19.0,0.0,Finished,63,
2025,MotoGP,AUS,Race,AUS,M. Pirro,Ducati Lenovo Team,12.0,20.0,0.0,Finished,51,
2025,MotoGP,AUS,Race,AUS,F. Aldeguer,BK8 Gresini Racing MotoGP,1.0,,0.0,DNF,54,
2025,MotoGP,AUS,Race,AUS,B. Binder,Red Bull KTM Factory Racing,3.0,,0.0,DNF,33,
2025,MotoGP,MAL,Race,MAL,A. Marquez,BK8 Gresini Racing MotoGP,2.0,1.0,25.0,Finished,73,
2025,MotoGP,MAL,Race,MAL,P. Acosta,Red Bull KTM Factory Racing,5.0,2.0,20.0,Finished,37,
2025,MotoGP,MAL,Race,MAL,J. Mir,Honda HRC Castrol,7.0,3.0,16.0,Finished,36,
2025,MotoGP,MAL,Race,MAL,F. Morbidelli,Pertamina Enduro VR46 Racing Team,3.0,4.0,13.0,Finished,21,
2025,MotoGP,MAL,Race,MAL,F. Quartararo,Monster Energy Yamaha MotoGP Team,4.0,5.0,11.0,Finished,20,
2025,MotoGP,MAL,Race,MAL,F. Di Giannantonio,Pertamina Enduro VR46 Racing Team,8.0,6.0,10.0,Finished,49,
2025,MotoGP,MAL,Race,MAL,E. Bastianini,Red Bull KTM Tech3,9.0,7.0,9.0,Finished,23,
2025,MotoGP,MAL,Race,MAL,L. Marini,Honda HRC Castrol,3.0,8.0,8.0,Finished,10,
2025,MotoGP,MAL,Race,MAL,B. Binder,Red Bull KTM Factory Racing,8.0,9.0,7.0,Finished,33,
2025,MotoGP,MAL,Race,MAL,A. Ogura,Trackhouse MotoGP Team,7.0,10.0,6.0,Finished,79,
2025,MotoGP,MAL,Race,MAL,M. Bezzecchi,Aprilia Racing,4.0,11.0,5.0,Finished,72,
2025,MotoGP,MAL,Race,MAL,J. Zarco,CASTROL Honda LCR,9.0,12.0,4.0,Finished,5,
2025,MotoGP,MAL,Race,MAL,A. Rins,Monster Energy Yamaha MotoGP Team,10.0,13.0,3.0,Finished,42,
2025,MotoGP,MAL,Race,MAL,J. Miller,Prima Pramac Yamaha MotoGP,11.0,14.0,2.0,Finished,43,
2025,MotoGP,MAL,Race,MAL,S. Chantra,IDEMITSU Honda LCR,10.0,15.0,1.0,Finished,35,
2025,MotoGP,MAL,Race,MAL,L. Savadori,Aprilia Racing,11.0,16.0,0.0,Finished,32,
2025,MotoGP,MAL,Race,MAL,M. Pirro,Ducati Lenovo Team,12.0,17.0,0.0,Finished,51,
2025,MotoGP,MAL,Race,MAL,A. Fernandez,Yamaha Factory Racing Team,13.0,18.0,0.0,Finished,7,
2025,MotoGP,MAL,Race,MAL,M. Oliveira,Prima Pramac Yamaha MotoGP,6.0,19.0,0.0,Finished,88,
2025,MotoGP,MAL,Race,MAL,F. Bagnaia,Ducati Lenovo Team,2.0,,0.0,DNF,63,
2025,MotoGP,MAL,Race,MAL,F. Aldeguer,BK8 Gresini Racing MotoGP,1.0,,0.0,DNF,54,
2025,MotoGP,MAL,Race,MAL,R. Fernandez,Trackhouse MotoGP Team,5.0,,0.0,DNF,25,
2025,MotoGP,MAL,Race,MAL,P. Espargaro,Red Bull KTM Tech3,12.0,,0.0,DNF,44,
2025,MotoGP,MAL,Race,MAL,F. Bagnaia,Ducati Lenovo Team,2.0,1.0,12.0,Finished,63,
2025,MotoGP,MAL,Race,MAL,A. Marquez,BK8 Gresini Racing MotoGP,2.0,2.0,9.0,Finished,73,
2025,MotoGP,MAL,Race,MAL,P. Acosta,Red Bull KTM Factory Racing,5.0,3.0,7.0,Finished,37,
2025,MotoGP,MAL,Race,MAL,F. Morbidelli,Pertamina Enduro VR46 Racing Team,3.0,4.0,6.0,Finished,21,
2025,MotoGP,MAL,Race,MAL,F. Quartararo,Monster Energy Yamaha MotoGP Team,4.0,5.0,5.0,Finished,20,
2025,MotoGP,MAL,Race,MAL,M. Bezzecchi,Aprilia Racing,4.0,6.0,4.0,Finished,72,
2025,MotoGP,MAL,Race,MAL,F. Aldeguer,BK8 Gresini Racing MotoGP,1.0,7.0,3.0,Finished,54,
2025,MotoGP,MAL,Race,MAL,J. Zarco,CASTROL Honda LCR,9.0,8.0,2.0,Finished,5,
2025,MotoGP,MAL,Race,MAL,E. Bastianini,Red Bull KTM Tech3,9.0,9.0,1.0,Finished,23,
2025,MotoGP,MAL,Race,MAL,F. Di Giannantonio,Pertamina Enduro VR46 Racing Team,8.0,10.0,0.0,Finished,49,
2025,MotoGP,MAL,Race,MAL,P. Espargaro,Red Bull KTM Tech3,12.0,11.0,0.0,Finished,44,
2025,MotoGP,MAL,Race,MAL,A. Ogura,Trackhouse MotoGP Team,7.0,12.0,0.0,Finished,79,
2025,MotoGP,MAL,Race,MAL,R. Fernandez,Trackhouse MotoGP Team,5.0,13.0,0.0,Finished,25,
2025,MotoGP,MAL,Race,MAL,J. Miller,Prima Pramac Yamaha MotoGP,11.0,14.0,0.0,Finished,43,
2025,MotoGP,MAL,Race,MAL,A. Rins,Monster Energy Yamaha MotoGP Team,10.0,15.0,0.0,Finished,42,
2025,MotoGP,MAL,Race,MAL,B. Binder,Red Bull KTM Factory Racing,8.0,16.0,0.0,Finished,33,
2025,MotoGP,MAL,Race,MAL,S. Chantra,IDEMITSU Honda LCR,10.0,17.0,0.0,Finished,35,
2025,MotoGP,MAL,Race,MAL,L. Savadori,Aprilia Racing,11.0,18.0,0.0,Finished,32,
2025,MotoGP,MAL,Race,MAL,A. Fernandez,Yamaha Factory Racing Team,13.0,19.0,0.0,Finished,7,
2025,MotoGP,MAL,Race,MAL,M. Pirro,Ducati Lenovo Team,12.0,20.0,0.0,Finished,51,
2025,MotoGP,MAL,Race,MAL,L. Marini,Honda HRC Castrol,3.0,,0.0,DNF,10,
2025,MotoGP,MAL,Race,MAL,J. Mir,Honda HRC Castrol,7.0,,0.0,DNF,36,
2025,MotoGP,MAL,Race,MAL,M. Oliveira,Prima Pramac Yamaha MotoGP,6.0,,0.0,DNF,88,
2025,MotoGP,POR,Race,POR,M. Bezzecchi,Aprilia Racing,1.0,1.0,25.0,Finished,72,
2025,MotoGP,POR,Race,POR,A. Marquez,BK8 Gresini Racing MotoGP,5.0,2.0,20.0,Finished,73,
2025,MotoGP,POR,Race,POR,P. Acosta,Red Bull KTM Factory Racing,2.0,3.0,16.0,Finished,37,
2025,MotoGP,POR,Race,POR,F. Aldeguer,BK8 Gresini Racing MotoGP,11.0,4.0,13.0,Finished,54,
2025,MotoGP,POR,Race,POR,B. Binder,Red Bull KTM Factory Racing,4.0,5.0,11.0,Finished,33,
2025,MotoGP,POR,Race,POR,F. Quartararo,Monster Energy Yamaha MotoGP Team,1.0,6.0,10.0,Finished,20,
2025,MotoGP,POR,Race,POR,A. Ogura,Trackhouse MotoGP Team,12.0,7.0,9.0,Finished,79,
2025,MotoGP,POR,Race,POR,F. Di Giannantonio,Pertamina Enduro VR46 Racing Team,9.0,8.0,8.0,Finished,49,
2025,MotoGP,POR,Race,POR,J. Zarco,CASTROL Honda LCR,6.0,9.0,7.0,Finished,5,
2025,MotoGP,POR,Race,POR,P. Espargaro,Red Bull KTM Tech3,10.0,10.0,6.0,Finished,44,
2025,MotoGP,POR,Race,POR,L. Marini,Honda HRC Castrol,3.0,11.0,5.0,Finished,10,
2025,MotoGP,POR,Race,POR,J. Miller,Prima Pramac Yamaha MotoGP,2.0,12.0,4.0,Finished,43,
2025,MotoGP,POR,Race,POR,A. Rins,Monster Energy Yamaha MotoGP Team,7.0,13.0,3.0,Finished,42,
2025,MotoGP,POR,Race,POR,M. Oliveira,Prima Pramac Yamaha MotoGP,9.0,14.0,2.0,Finished,88,
2025,MotoGP,POR,Race,POR,N. Bulega,Ducati Lenovo Team,8.0,15.0,1.0,Finished,11,
2025,MotoGP,POR,Race,POR,L. Savadori,Aprilia Racing,10.0,16.0,0.0,Finished,32,
2025,MotoGP,POR,Race,POR,S. Chantra,IDEMITSU Honda LCR,11.0,17.0,0.0,Finished,35,
2025,MotoGP,POR,Race,POR,E. Bastianini,Red Bull KTM Tech3,6.0,18.0,0.0,Finished,23,
2025,MotoGP,POR,Race,POR,F. Bagnaia,Ducati Lenovo Team,4.0,,0.0,DNF,63,
2025,MotoGP,POR,Race,POR,J. Mir,Honda HRC Castrol,7.0,,0.0,DNF,36,
2025,MotoGP,POR,Race,POR,F. Morbidelli,Pertamina Enduro VR46 Racing Team,5.0,,0.0,DNF,21,
2025,MotoGP,POR,Race,POR,A. Marquez,BK8 Gresini Racing MotoGP,5.0,1.0,12.0,Finished,73,
2025,MotoGP,POR,Race,POR,P. Acosta,Red Bull KTM Factory Racing,2.0,2.0,9.0,Finished,37,
2025,MotoGP,POR,Race,POR,M. Bezzecchi,Aprilia Racing,1.0,3.0,7.0,Finished,72,
2025,MotoGP,POR,Race,POR,F. Quartararo,Monster Energy Yamaha MotoGP Team,1.0,4.0,6.0,Finished,20,
2025,MotoGP,POR,Race,POR,F. Di Giannantonio,Pertamina Enduro VR46 Racing Team,9.0,5.0,5.0,Finished,49,
2025,MotoGP,POR,Race,POR,F. Aldeguer,BK8 Gresini Racing MotoGP,11.0,6.0,4.0,Finished,54,
2025,MotoGP,POR,Race,POR,J. Zarco,CASTROL Honda LCR,6.0,7.0,3.0,Finished,5,
2025,MotoGP,POR,Race,POR,F. Bagnaia,Ducati Lenovo Team,4.0,8.0,2.0,Finished,63,
2025,MotoGP,POR,Race,POR,B. Binder,Red Bull KTM Factory Racing,4.0,9.0,1.0,Finished,33,
2025,MotoGP,POR,Race,POR,P. Espargaro,Red Bull KTM Tech3,10.0,10.0,0.0,Finished,44,
2025,MotoGP,POR,Race,POR,A. Ogura,Trackhouse MotoGP Team,12.0,11.0,0.0,Finished,79,
2025,MotoGP,POR,Race,POR,L. Marini,Honda HRC Castrol,3.0,12.0,0.0,Finished,10,
2025,MotoGP,POR,Race,POR,E. Bastianini,Red Bull KTM Tech3,6.0,13.0,0.0,Finished,23,
2025,MotoGP,POR,Race,POR,J. Miller,Prima Pramac Yamaha MotoGP,2.0,14.0,0.0,Finished,43,
2025,MotoGP,POR,Race,POR,F. Morbidelli,Pertamina Enduro VR46 Racing Team,5.0,15.0,0.0,Finished,21,
2025,MotoGP,POR,Race,POR,M. Oliveira,Prima Pramac Yamaha MotoGP,9.0,16.0,0.0,Finished,88,
2025,MotoGP,POR,Race,POR,A. Rins,Monster Energy Yamaha MotoGP Team,7.0,17.0,0.0,Finished,42,
2025,MotoGP,POR,Race,POR,L. Savadori,Aprilia Racing,10.0,18.0,0.0,Finished,32,
2025,MotoGP,POR,Race,POR,J. Mir,Honda HRC Castrol,7.0,,0.0,DNF,36,
2025,MotoGP,POR,Race,POR,N. Bulega,Ducati Lenovo Team,8.0,,0.0,DNF,11,
2025,MotoGP,POR,Race,POR,S. Chantra,IDEMITSU Honda LCR,11.0,,0.0,DNF,35,
2025,MotoGP,VAL,Race,VAL,M. Bezzecchi,Aprilia Racing,1.0,1.0,25.0,Finished,72,
2025,MotoGP,VAL,Race,VAL,R. Fernandez,Trackhouse MotoGP Team,1.0,2.0,20.0,Finished,25,
2025,MotoGP,VAL,Race,VAL,F. Di Giannantonio,Pertamina Enduro VR46 Racing Team,3.0,3.0,16.0,Finished,49,
2025,MotoGP,VAL,Race,VAL,P. Acosta,Red Bull KTM Factory Racing,5.0,4.0,13.0,Finished,37,
2025,MotoGP,VAL,Race,VAL,F. Aldeguer,BK8 Gresini Racing MotoGP,9.0,5.0,11.0,Finished,54,
2025,MotoGP,VAL,Race,VAL,A. Marquez,BK8 Gresini Racing MotoGP,2.0,6.0,10.0,Finished,73,
2025,MotoGP,VAL,Race,VAL,L. Marini,Honda HRC Castrol,3.0,7.0,9.0,Finished,10,
2025,MotoGP,VAL,Race,VAL,B. Binder,Red Bull KTM Factory Racing,5.0,8.0,8.0,Finished,33,
2025,MotoGP,VAL,Race,VAL,J. Miller,Prima Pramac Yamaha MotoGP,8.0,9.0,7.0,Finished,43,
2025,MotoGP,VAL,Race,VAL,E. Bastianini,Red Bull KTM Tech3,10.0,10.0,6.0,Finished,23,
2025,MotoGP,VAL,Race,VAL,M. Oliveira,Prima Pramac Yamaha MotoGP,8.0,11.0,5.0,Finished,88,
2025,MotoGP,VAL,Race,VAL,J. Zarco,CASTROL Honda LCR,2.0,12.0,4.0,Finished,5,
2025,MotoGP,VAL,Race,VAL,J. Mir,Honda HRC Castrol,10.0,13.0,3.0,Finished,36,
2025,MotoGP,VAL,Race,VAL,A. Rins,Monster Energy Yamaha MotoGP Team,9.0,14.0,2.0,Finished,42,
2025,MotoGP,VAL,Race,VAL,N. Bulega,Ducati Lenovo Team,12.0,15.0,1.0,Finished,11,
2025,MotoGP,VAL,Race,VAL,A. Fernandez,Yamaha Factory Racing Team,13.0,16.0,0.0,Finished,7,
2025,MotoGP,VAL,Race,VAL,S. Chantra,IDEMITSU Honda LCR,14.0,17.0,0.0,Finished,35,
2025,MotoGP,VAL,Race,VAL,A. Espargaro,Honda HRC Test Team,4.0,,0.0,DNF,41,
2025,MotoGP,VAL,Race,VAL,M. Viñales,Red Bull KTM Tech3,11.0,,0.0,DNF,12,
2025,MotoGP,VAL,Race,VAL,F. Quartararo,Monster Energy Yamaha MotoGP Team,6.0,,0.0,DNF,20,
2025,MotoGP,VAL,Race,VAL,J. Martin,Aprilia Racing,7.0,,0.0,DNF,1,
2025,MotoGP,VAL,Race,VAL,A. Ogura,Trackhouse MotoGP Team,12.0,,0.0,DNF,79,
2025,MotoGP,VAL,Race,VAL,F. Morbidelli,Pertamina Enduro VR46 Racing Team,7.0,,0.0,DNF,21,
2025,MotoGP,VAL,Race,VAL,F. Bagnaia,Ducati Lenovo Team,6.0,,0.0,DNF,63,
2025,MotoGP,VAL,Race,VAL,A. Marquez,BK8 Gresini Racing MotoGP,2.0,1.0,12.0,Finished,73,
2025,MotoGP,VAL,Race,VAL,P. Acosta,Red Bull KTM Factory Racing,5.0,2.0,9.0,Finished,37,
2025,MotoGP,VAL,Race,VAL,F. Di Giannantonio,Pertamina Enduro VR46 Racing Team,3.0,3.0,7.0,Finished,49,
2025,MotoGP,VAL,Race,VAL,R. Fernandez,Trackhouse MotoGP Team,1.0,4.0,6.0,Finished,25,
2025,MotoGP,VAL,Race,VAL,M. Bezzecchi,Aprilia Racing,1.0,5.0,5.0,Finished,72,
2025,MotoGP,VAL,Race,VAL,F. Morbidelli,Pertamina Enduro VR46 Racing Team,7.0,6.0,4.0,Finished,21,
2025,MotoGP,VAL,Race,VAL,F. Quartararo,Monster Energy Yamaha MotoGP Team,6.0,7.0,3.0,Finished,20,
2025,MotoGP,VAL,Race,VAL,B. Binder,Red Bull KTM Factory Racing,5.0,8.0,2.0,Finished,33,
2025,MotoGP,VAL,Race,VAL,A. Ogura,Trackhouse MotoGP Team,12.0,9.0,1.0,Finished,79,
2025,MotoGP,VAL,Race,VAL,J. Zarco,CASTROL Honda LCR,2.0,10.0,0.0,Finished,5,
2025,MotoGP,VAL,Race,VAL,F. Aldeguer,BK8 Gresini Racing MotoGP,9.0,11.0,0.0,Finished,54,
2025,MotoGP,VAL,Race,VAL,J. Miller,Prima Pramac Yamaha MotoGP,8.0,12.0,0.0,Finished,43,
2025,MotoGP,VAL,Race,VAL,E. Bastianini,Red Bull KTM Tech3,10.0,13.0,0.0,Finished,23,
2025,MotoGP,VAL,Race,VAL,F. Bagnaia,Ducati Lenovo Team,6.0,14.0,0.0,Finished,63,
2025,MotoGP,VAL,Race,VAL,A. Rins,Monster Energy Yamaha MotoGP Team,9.0,15.0,0.0,Finished,42,
2025,MotoGP,VAL,Race,VAL,N. Bulega,Ducati Lenovo Team,12.0,16.0,0.0,Finished,11,
2025,MotoGP,VAL,Race,VAL,M. Oliveira,Prima Pramac Yamaha MotoGP,8.0,17.0,0.0,Finished,88,
2025,MotoGP,VAL,Race,VAL,M. Viñales,Red Bull KTM Tech3,11.0,18.0,0.0,Finished,12,
2025,MotoGP,VAL,Race,VAL,A. Espargaro,Honda HRC Test Team,4.0,19.0,0.0,Finished,41,
2025,MotoGP,VAL,Race,VAL,A. Fernandez,Yamaha Factory Racing Team,13.0,20.0,0.0,Finished,7,
2025,MotoGP,VAL,Race,VAL,S. Chantra,IDEMITSU Honda LCR,14.0,21.0,0.0,Finished,35,
2025,MotoGP,VAL,Race,VAL,J. Martin,Aprilia Racing,7.0,22.0,0.0,Finished,1,
2025,MotoGP,VAL,Race,VAL,J. Mir,Honda HRC Castrol,10.0,,0.0,DNF,36,
2025,MotoGP,VAL,Race,VAL,L. Marini,Honda HRC Castrol,3.0,,0.0,DNF,10,
