year,series,event_name,session_type,circuit,rider,team,grid_position,finish_position,points,status,number,time_gap
2022,MotoGP,AME,Race,AME,E. Bastianini,Gresini Racing MotoGP,,1.0,25.0,Finished,23,41:23.111
2022,MotoGP,AME,Race,AME,A. Rins,Team SUZUKI ECSTAR,,2.0,20.0,Finished,42,+2.058
2022,MotoGP,AME,Race,AME,J. Miller,Ducati Lenovo Team,,3.0,16.0,Finished,43,+2.312
2022,MotoGP,AME,Race,AME,J. Mir,Team SUZUKI ECSTAR,,4.0,13.0,Finished,36,+3.975
2022,MotoGP,AME,Race,AME,F. Bagnaia,Ducati Lenovo Team,,5.0,11.0,Finished,63,+6.045
2022,MotoGP,AME,Race,AME,M. Marquez,Repsol Honda Team,,6.0,10.0,Finished,93,+6.617
2022,MotoGP,AME,Race,AME,F. Quartararo,Monster Energy Yamaha MotoGP,,7.0,9.0,Finished,20,+6.760
2022,MotoGP,AME,Race,AME,J. Martin,Prima Pramac Racing,,8.0,8.0,Finished,89,+8.441
2022,MotoGP,AME,Race,AME,J. Zarco,Prima Pramac Racing,,9.0,7.0,Finished,5,+12.375
2022,MotoGP,AME,Race,AME,M. Viñales,Aprilia Racing,,10.0,6.0,Finished,12,+12.642
2022,MotoGP,AME,Race,AME,A. Espargaro,Aprilia Racing,,11.0,5.0,Finished,41,+12.947
2022,MotoGP,AME,Race,AME,B. Binder,Red Bull KTM Factory Racing,,12.0,4.0,Finished,33,+13.376
2022,MotoGP,AME,Race,AME,P. Espargaro,Repsol Honda Team,,13.0,3.0,Finished,44,+17.961
2022,MotoGP,AME,Race,AME,T. Nakagami,LCR Honda IDEMITSU,,14.0,2.0,Finished,30,+18.770
2022,MotoGP,AME,Race,AME,A. Dovizioso,WithU Yamaha RNF MotoGP Team,,15.0,1.0,Finished,4,+29.319
2022,MotoGP,AME,Race,AME,F. Morbidelli,Monster Energy Yamaha MotoGP,,16.0,0.0,Finished,21,+29.129
2022,MotoGP,AME,Race,AME,L. Marini,Mooney VR46 Racing Team,,17.0,0.0,Finished,10,+29.630
2022,MotoGP,AME,Race,AME,M. Oliveira,Red Bull KTM Factory Racing,,18.0,0.0,Finished,88,+32.002
2022,MotoGP,AME,Race,AME,R. Fernandez,Tech3 KTM Factory Racing,,19.0,0.0,Finished,25,+37.062
2022,MotoGP,AME,Race,AME,R. Gardner,Tech3 KTM Factory Racing,,20.0,0.0,Finished,87,+42.442
2022,MotoGP,AME,Race,AME,F. Di Giannantonio,Gresini Racing MotoGP,,21.0,0.0,Finished,49,+42.887
2022,MotoGP,AME,Race,AME,D. Binder,WithU Yamaha RNF MotoGP Team,,22.0,0.0,Finished,40,+102.171
2022,MotoGP,AME,Race,AME,A. Marquez,LCR Honda CASTROL,,,0.0,DNF,73,5 laps
2022,MotoGP,AME,Race,AME,M. Bezzecchi,Mooney VR46 Racing Team,,,0.0,DNF,72,2 laps
2022,MotoGP,ARA,Race,ARA,E. Bastianini,Gresini Racing MotoGP,,1.0,25.0,Finished,23,41:35.462
2022,MotoGP,ARA,Race,ARA,F. Bagnaia,Ducati Lenovo Team,,2.0,20.0,Finished,63,+0.042
2022,MotoGP,ARA,Race,ARA,A. Espargaro,Aprilia Racing,,3.0,16.0,Finished,41,+6.139
2022,MotoGP,ARA,Race,ARA,B. Binder,Red Bull KTM Factory Racing,,4.0,13.0,Finished,33,+6.379
2022,MotoGP,ARA,Race,ARA,J. Miller,Ducati Lenovo Team,,5.0,11.0,Finished,43,+6.964
2022,MotoGP,ARA,Race,ARA,J. Martin,Prima Pramac Racing,,6.0,10.0,Finished,89,+12.030
2022,MotoGP,ARA,Race,ARA,L. Marini,Mooney VR46 Racing Team,,7.0,9.0,Finished,10,+12.474
2022,MotoGP,ARA,Race,ARA,J. Zarco,Prima Pramac Racing,,8.0,8.0,Finished,5,+12.655
2022,MotoGP,ARA,Race,ARA,A. Rins,Team SUZUKI ECSTAR,,9.0,7.0,Finished,42,+12.702
2022,MotoGP,ARA,Race,ARA,M. Bezzecchi,Mooney VR46 Racing Team,,10.0,6.0,Finished,72,+16.150
2022,MotoGP,ARA,Race,ARA,M. Oliveira,Red Bull KTM Factory Racing,,11.0,5.0,Finished,88,+17.071
2022,MotoGP,ARA,Race,ARA,A. Marquez,LCR Honda CASTROL,,12.0,4.0,Finished,73,+18.463
2022,MotoGP,ARA,Race,ARA,M. Viñales,Aprilia Racing,,13.0,3.0,Finished,12,+18.730
2022,MotoGP,ARA,Race,ARA,C. Crutchlow,WithU Yamaha RNF MotoGP Team,,14.0,2.0,Finished,35,+20.090
2022,MotoGP,ARA,Race,ARA,P. Espargaro,Repsol Honda Team,,15.0,1.0,Finished,44,+27.588
2022,MotoGP,ARA,Race,ARA,R. Gardner,Tech3 KTM Factory Racing,,16.0,0.0,Finished,87,+28.805
2022,MotoGP,ARA,Race,ARA,F. Morbidelli,Monster Energy Yamaha MotoGP,,17.0,0.0,Finished,21,+30.422
2022,MotoGP,ARA,Race,ARA,D. Binder,WithU Yamaha RNF MotoGP Team,,18.0,0.0,Finished,40,+31.330
2022,MotoGP,ARA,Race,ARA,F. Di Giannantonio,Gresini Racing MotoGP,,19.0,0.0,Finished,49,+31.595
2022,MotoGP,ARA,Race,ARA,R. Fernandez,Tech3 KTM Factory Racing,,20.0,0.0,Finished,25,+36.160
2022,MotoGP,ARA,Race,ARA,M. Marquez,Repsol Honda Team,,,0.0,DNF,93,1 laps
2022,MotoGP,ARA,Race,ARA,T. Nakagami,LCR Honda IDEMITSU,,,0.0,DNF,30,
2022,MotoGP,ARA,Race,ARA,F. Quartararo,Monster Energy Yamaha MotoGP,,,0.0,DNF,20,
2022,MotoGP,ARG,Race,ARG,A. Espargaro,Aprilia Racing,,1.0,25.0,Finished,41,41:36.198
2022,MotoGP,ARG,Race,ARG,J. Martin,Prima Pramac Racing,,2.0,20.0,Finished,89,+0.807
2022,MotoGP,ARG,Race,ARG,A. Rins,Team SUZUKI ECSTAR,,3.0,16.0,Finished,42,+1.330
2022,MotoGP,ARG,Race,ARG,J. Mir,Team SUZUKI ECSTAR,,4.0,13.0,Finished,36,+1.831
2022,MotoGP,ARG,Race,ARG,F. Bagnaia,Ducati Lenovo Team,,5.0,11.0,Finished,63,+5.840
2022,MotoGP,ARG,Race,ARG,B. Binder,Red Bull KTM Factory Racing,,6.0,10.0,Finished,33,+6.192
2022,MotoGP,ARG,Race,ARG,M. Viñales,Aprilia Racing,,7.0,9.0,Finished,12,+6.540
2022,MotoGP,ARG,Race,ARG,F. Quartararo,Monster Energy Yamaha MotoGP,,8.0,8.0,Finished,20,+10.215
2022,MotoGP,ARG,Race,ARG,M. Bezzecchi,Mooney VR46 Racing Team,,9.0,7.0,Finished,72,+12.622
2022,MotoGP,ARG,Race,ARG,E. Bastianini,Gresini Racing MotoGP,,10.0,6.0,Finished,23,+12.987
2022,MotoGP,ARG,Race,ARG,L. Marini,Mooney VR46 Racing Team,,11.0,5.0,Finished,10,+13.962
2022,MotoGP,ARG,Race,ARG,T. Nakagami,LCR Honda IDEMITSU,,12.0,4.0,Finished,30,+14.002
2022,MotoGP,ARG,Race,ARG,M. Oliveira,Red Bull KTM Factory Racing,,13.0,3.0,Finished,88,+14.456
2022,MotoGP,ARG,Race,ARG,J. Miller,Ducati Lenovo Team,,14.0,2.0,Finished,43,+14.898
2022,MotoGP,ARG,Race,ARG,A. Marquez,LCR Honda CASTROL,,15.0,1.0,Finished,73,+23.472
2022,MotoGP,ARG,Race,ARG,R. Fernandez,Tech3 KTM Factory Racing,,16.0,0.0,Finished,25,+25.862
2022,MotoGP,ARG,Race,ARG,R. Gardner,Tech3 KTM Factory Racing,,17.0,0.0,Finished,87,+28.711
2022,MotoGP,ARG,Race,ARG,D. Binder,WithU Yamaha RNF MotoGP Team,,18.0,0.0,Finished,40,+28.784
2022,MotoGP,ARG,Race,ARG,S. Bradl,Repsol Honda Team,,19.0,0.0,Finished,6,+31.943
2022,MotoGP,ARG,Race,ARG,A. Dovizioso,WithU Yamaha RNF MotoGP Team,,20.0,0.0,Finished,4,+0.000
2022,MotoGP,ARG,Race,ARG,F. Di Giannantonio,Gresini Racing MotoGP,,,0.0,DNF,49,22 laps
2022,MotoGP,ARG,Race,ARG,P. Espargaro,Repsol Honda Team,,,0.0,DNF,44,14 laps
2022,MotoGP,ARG,Race,ARG,F. Morbidelli,Monster Energy Yamaha MotoGP,,,0.0,DNF,21,7 laps
2022,MotoGP,ARG,Race,ARG,J. Zarco,Prima Pramac Racing,,,0.0,DNF,5,5 laps
2022,MotoGP,AUS,Race,AUS,A. Rins,Team SUZUKI ECSTAR,,1.0,25.0,Finished,42,40:50.654
2022,MotoGP,AUS,Race,AUS,M. Marquez,Repsol Honda Team,,2.0,20.0,Finished,93,+0.186
2022,MotoGP,AUS,Race,AUS,F. Bagnaia,Ducati Lenovo Team,,3.0,16.0,Finished,63,+0.224
2022,MotoGP,AUS,Race,AUS,M. Bezzecchi,Mooney VR46 Racing Team,,4.0,13.0,Finished,72,+0.534
2022,MotoGP,AUS,Race,AUS,E. Bastianini,Gresini Racing MotoGP,,5.0,11.0,Finished,23,+0.557
2022,MotoGP,AUS,Race,AUS,L. Marini,Mooney VR46 Racing Team,,6.0,10.0,Finished,10,+0.688
2022,MotoGP,AUS,Race,AUS,J. Martin,Prima Pramac Racing,,7.0,9.0,Finished,89,+0.884
2022,MotoGP,AUS,Race,AUS,J. Zarco,Prima Pramac Racing,,8.0,8.0,Finished,5,+3.141
2022,MotoGP,AUS,Race,AUS,A. Espargaro,Aprilia Racing,,9.0,7.0,Finished,41,+4.548
2022,MotoGP,AUS,Race,AUS,B. Binder,Red Bull KTM Factory Racing,,10.0,6.0,Finished,33,+5.940
2022,MotoGP,AUS,Race,AUS,P. Espargaro,Repsol Honda Team,,11.0,5.0,Finished,44,+11.048
2022,MotoGP,AUS,Race,AUS,M. Oliveira,Red Bull KTM Factory Racing,,12.0,4.0,Finished,88,+13.606
2022,MotoGP,AUS,Race,AUS,C. Crutchlow,WithU Yamaha RNF MotoGP Team,,13.0,3.0,Finished,35,+13.890
2022,MotoGP,AUS,Race,AUS,D. Binder,WithU Yamaha RNF MotoGP Team,,14.0,2.0,Finished,40,+14.526
2022,MotoGP,AUS,Race,AUS,R. Gardner,Tech3 KTM Factory Racing,,15.0,1.0,Finished,87,+19.470
2022,MotoGP,AUS,Race,AUS,R. Fernandez,Tech3 KTM Factory Racing,,16.0,0.0,Finished,25,+20.645
2022,MotoGP,AUS,Race,AUS,M. Viñales,Aprilia Racing,,17.0,0.0,Finished,12,+22.167
2022,MotoGP,AUS,Race,AUS,J. Mir,Team SUZUKI ECSTAR,,18.0,0.0,Finished,36,+23.489
2022,MotoGP,AUS,Race,AUS,T. Nagashima,LCR Honda IDEMITSU,,19.0,0.0,Finished,45,+39.618
2022,MotoGP,AUS,Race,AUS,F. Di Giannantonio,Gresini Racing MotoGP,,20.0,0.0,Finished,49,+39.633
2022,MotoGP,AUS,Race,AUS,F. Morbidelli,Monster Energy Yamaha MotoGP,,,0.0,DNF,21,21 laps
2022,MotoGP,AUS,Race,AUS,F. Quartararo,Monster Energy Yamaha MotoGP,,,0.0,DNF,20,10 laps
2022,MotoGP,AUS,Race,AUS,A. Marquez,LCR Honda CASTROL,,,0.0,DNF,73,8 laps
2022,MotoGP,AUS,Race,AUS,J. Miller,Ducati Lenovo Team,,,0.0,DNF,43,8 laps
2022,MotoGP,AUT,Race,AUT,F. Bagnaia,Ducati Lenovo Team,,1.0,25.0,Finished,63,42:14.886
2022,MotoGP,AUT,Race,AUT,F. Quartararo,Monster Energy Yamaha MotoGP,,2.0,20.0,Finished,20,+0.492
2022,MotoGP,AUT,Race,AUT,J. Miller,Ducati Lenovo Team,,3.0,16.0,Finished,43,+2.163
2022,MotoGP,AUT,Race,AUT,L. Marini,Mooney VR46 Racing Team,,4.0,13.0,Finished,10,+8.348
2022,MotoGP,AUT,Race,AUT,J. Zarco,Prima Pramac Racing,,5.0,11.0,Finished,5,+8.821
2022,MotoGP,AUT,Race,AUT,A. Espargaro,Aprilia Racing,,6.0,10.0,Finished,41,+11.287
2022,MotoGP,AUT,Race,AUT,B. Binder,Red Bull KTM Factory Racing,,7.0,9.0,Finished,33,+11.642
2022,MotoGP,AUT,Race,AUT,A. Rins,Team SUZUKI ECSTAR,,8.0,8.0,Finished,42,+11.780
2022,MotoGP,AUT,Race,AUT,M. Bezzecchi,Mooney VR46 Racing Team,,9.0,7.0,Finished,72,+16.987
2022,MotoGP,AUT,Race,AUT,J. Martin,Prima Pramac Racing,,10.0,6.0,Finished,89,+17.144
2022,MotoGP,AUT,Race,AUT,F. Di Giannantonio,Gresini Racing MotoGP,,11.0,5.0,Finished,49,+17.471
2022,MotoGP,AUT,Race,AUT,M. Oliveira,Red Bull KTM Factory Racing,,12.0,4.0,Finished,88,+18.035
2022,MotoGP,AUT,Race,AUT,M. Viñales,Aprilia Racing,,13.0,3.0,Finished,12,+20.012
2022,MotoGP,AUT,Race,AUT,A. Marquez,LCR Honda CASTROL,,14.0,2.0,Finished,73,+26.880
2022,MotoGP,AUT,Race,AUT,A. Dovizioso,WithU Yamaha RNF MotoGP Team,,15.0,1.0,Finished,4,+29.744
2022,MotoGP,AUT,Race,AUT,P. Espargaro,Repsol Honda Team,,16.0,0.0,Finished,44,+30.994
2022,MotoGP,AUT,Race,AUT,S. Bradl,Repsol Honda Team,,17.0,0.0,Finished,6,+37.960
2022,MotoGP,AUT,Race,AUT,R. Fernandez,Tech3 KTM Factory Racing,,18.0,0.0,Finished,25,+42.082
2022,MotoGP,AUT,Race,AUT,L. Savadori,Aprilia Racing,,19.0,0.0,Finished,32,+46.666
2022,MotoGP,AUT,Race,AUT,R. Gardner,Tech3 KTM Factory Racing,,20.0,0.0,Finished,87,+0.000
2022,MotoGP,AUT,Race,AUT,F. Morbidelli,Monster Energy Yamaha MotoGP,,,0.0,DNF,21,25 laps
2022,MotoGP,AUT,Race,AUT,D. Binder,WithU Yamaha RNF MotoGP Team,,,0.0,DNF,40,12 laps
2022,MotoGP,AUT,Race,AUT,T. Nakagami,LCR Honda IDEMITSU,,,0.0,DNF,30,9 laps
2022,MotoGP,AUT,Race,AUT,E. Bastianini,Gresini Racing MotoGP,,,0.0,DNF,23,6 laps
2022,MotoGP,AUT,Race,AUT,J. Mir,Team SUZUKI ECSTAR,,,0.0,DNF,36,
2022,MotoGP,CAT,Race,CAT,F. Quartararo,Monster Energy Yamaha MotoGP,,1.0,25.0,Finished,20,40:29.360
2022,MotoGP,CAT,Race,CAT,J. Martin,Prima Pramac Racing,,2.0,20.0,Finished,89,+6.473
2022,MotoGP,CAT,Race,CAT,J. Zarco,Prima Pramac Racing,,3.0,16.0,Finished,5,+8.385
2022,MotoGP,CAT,Race,CAT,J. Mir,Team SUZUKI ECSTAR,,4.0,13.0,Finished,36,+11.481
2022,MotoGP,CAT,Race,CAT,A. Espargaro,Aprilia Racing,,5.0,11.0,Finished,41,+14.395
2022,MotoGP,CAT,Race,CAT,L. Marini,Mooney VR46 Racing Team,,6.0,10.0,Finished,10,+15.430
2022,MotoGP,CAT,Race,CAT,M. Viñales,Aprilia Racing,,7.0,9.0,Finished,12,+15.975
2022,MotoGP,CAT,Race,CAT,B. Binder,Red Bull KTM Factory Racing,,8.0,8.0,Finished,33,+21.436
2022,MotoGP,CAT,Race,CAT,M. Oliveira,Red Bull KTM Factory Racing,,9.0,7.0,Finished,88,+26.800
2022,MotoGP,CAT,Race,CAT,A. Marquez,LCR Honda CASTROL,,10.0,6.0,Finished,73,+30.460
2022,MotoGP,CAT,Race,CAT,R. Gardner,Tech3 KTM Factory Racing,,11.0,5.0,Finished,87,+32.443
2022,MotoGP,CAT,Race,CAT,D. Binder,WithU Yamaha RNF MotoGP Team,,12.0,4.0,Finished,40,+32.881
2022,MotoGP,CAT,Race,CAT,F. Morbidelli,Monster Energy Yamaha MotoGP,,13.0,3.0,Finished,21,+33.168
2022,MotoGP,CAT,Race,CAT,J. Miller,Ducati Lenovo Team,,14.0,2.0,Finished,43,+34.693
2022,MotoGP,CAT,Race,CAT,R. Fernandez,Tech3 KTM Factory Racing,,15.0,1.0,Finished,25,+37.844
2022,MotoGP,CAT,Race,CAT,M. Pirro,Aruba.it Racing,,16.0,0.0,Finished,51,+44.533
2022,MotoGP,CAT,Race,CAT,P. Espargaro,Repsol Honda Team,,17.0,0.0,Finished,44,+46.199
2022,MotoGP,CAT,Race,CAT,A. Dovizioso,WithU Yamaha RNF MotoGP Team,,,0.0,DNF,4,17 laps
2022,MotoGP,CAT,Race,CAT,F. Di Giannantonio,Gresini Racing MotoGP,,,0.0,DNF,49,8 laps
2022,MotoGP,CAT,Race,CAT,E. Bastianini,Gresini Racing MotoGP,,,0.0,DNF,23,7 laps
2022,MotoGP,CAT,Race,CAT,M. Bezzecchi,Mooney VR46 Racing Team,,,0.0,DNF,72,5 laps
2022,MotoGP,CAT,Race,CAT,F. Bagnaia,Ducati Lenovo Team,,,0.0,DNF,63,1 laps
2022,MotoGP,CAT,Race,CAT,T. Nakagami,LCR Honda IDEMITSU,,,0.0,DNF,30,
2022,MotoGP,CAT,Race,CAT,S. Bradl,Repsol Honda Team,,,0.0,DNF,6,
2022,MotoGP,CAT,Race,CAT,A. Rins,Team SUZUKI ECSTAR,,,0.0,DNF,42,
2022,MotoGP,FRA,Race,FRA,E. Bastianini,Gresini Racing MotoGP,,1.0,25.0,Finished,23,41:34.613
2022,MotoGP,FRA,Race,FRA,J. Miller,Ducati Lenovo Team,,2.0,20.0,Finished,43,+2.718
2022,MotoGP,FRA,Race,FRA,A. Espargaro,Aprilia Racing,,3.0,16.0,Finished,41,+4.182
2022,MotoGP,FRA,Race,FRA,F. Quartararo,Monster Energy Yamaha MotoGP,,4.0,13.0,Finished,20,+4.288
2022,MotoGP,FRA,Race,FRA,J. Zarco,Prima Pramac Racing,,5.0,11.0,Finished,5,+11.139
2022,MotoGP,FRA,Race,FRA,M. Marquez,Repsol Honda Team,,6.0,10.0,Finished,93,+15.155
2022,MotoGP,FRA,Race,FRA,T. Nakagami,LCR Honda IDEMITSU,,7.0,9.0,Finished,30,+16.680
2022,MotoGP,FRA,Race,FRA,B. Binder,Red Bull KTM Factory Racing,,8.0,8.0,Finished,33,+18.459
2022,MotoGP,FRA,Race,FRA,L. Marini,Mooney VR46 Racing Team,,9.0,7.0,Finished,10,+20.541
2022,MotoGP,FRA,Race,FRA,M. Viñales,Aprilia Racing,,10.0,6.0,Finished,12,+21.486
2022,MotoGP,FRA,Race,FRA,P. Espargaro,Repsol Honda Team,,11.0,5.0,Finished,44,+22.707
2022,MotoGP,FRA,Race,FRA,M. Bezzecchi,Mooney VR46 Racing Team,,12.0,4.0,Finished,72,+23.408
2022,MotoGP,FRA,Race,FRA,F. Di Giannantonio,Gresini Racing MotoGP,,13.0,3.0,Finished,49,+26.432
2022,MotoGP,FRA,Race,FRA,A. Marquez,LCR Honda CASTROL,,14.0,2.0,Finished,73,+28.710
2022,MotoGP,FRA,Race,FRA,F. Morbidelli,Monster Energy Yamaha MotoGP,,15.0,1.0,Finished,21,+29.433
2022,MotoGP,FRA,Race,FRA,A. Dovizioso,WithU Yamaha RNF MotoGP Team,,16.0,0.0,Finished,4,+38.149
2022,MotoGP,FRA,Race,FRA,D. Binder,WithU Yamaha RNF MotoGP Team,,17.0,0.0,Finished,40,+59.748
2022,MotoGP,FRA,Race,FRA,M. Oliveira,Red Bull KTM Factory Racing,,,0.0,DNF,88,24 laps
2022,MotoGP,FRA,Race,FRA,F. Bagnaia,Ducati Lenovo Team,,,0.0,DNF,63,20 laps
2022,MotoGP,FRA,Race,FRA,J. Martin,Prima Pramac Racing,,,0.0,DNF,89,16 laps
2022,MotoGP,FRA,Race,FRA,J. Mir,Team SUZUKI ECSTAR,,,0.0,DNF,36,13 laps
2022,MotoGP,FRA,Race,FRA,R. Fernandez,Tech3 KTM Factory Racing,,,0.0,DNF,25,6 laps
2022,MotoGP,FRA,Race,FRA,A. Rins,Team SUZUKI ECSTAR,,,0.0,DNF,42,5 laps
2022,MotoGP,FRA,Race,FRA,R. Gardner,Tech3 KTM Factory Racing,,,0.0,DNF,87,3 laps
2022,MotoGP,GBR,Race,GBR,F. Bagnaia,Ducati Lenovo Team,,1.0,25.0,Finished,63,40:10.260
2022,MotoGP,GBR,Race,GBR,M. Viñales,Aprilia Racing,,2.0,20.0,Finished,12,+0.426
2022,MotoGP,GBR,Race,GBR,J. Miller,Ducati Lenovo Team,,3.0,16.0,Finished,43,+0.614
2022,MotoGP,GBR,Race,GBR,E. Bastianini,Gresini Racing MotoGP,,4.0,13.0,Finished,23,+1.651
2022,MotoGP,GBR,Race,GBR,J. Martin,Prima Pramac Racing,,5.0,11.0,Finished,89,+1.750
2022,MotoGP,GBR,Race,GBR,M. Oliveira,Red Bull KTM Factory Racing,,6.0,10.0,Finished,88,+2.727
2022,MotoGP,GBR,Race,GBR,A. Rins,Team SUZUKI ECSTAR,,7.0,9.0,Finished,42,+3.021
2022,MotoGP,GBR,Race,GBR,F. Quartararo,Monster Energy Yamaha MotoGP,,8.0,8.0,Finished,20,+3.819
2022,MotoGP,GBR,Race,GBR,A. Espargaro,Aprilia Racing,,9.0,7.0,Finished,41,+3.958
2022,MotoGP,GBR,Race,GBR,M. Bezzecchi,Mooney VR46 Racing Team,,10.0,6.0,Finished,72,+6.646
2022,MotoGP,GBR,Race,GBR,B. Binder,Red Bull KTM Factory Racing,,11.0,5.0,Finished,33,+7.730
2022,MotoGP,GBR,Race,GBR,L. Marini,Mooney VR46 Racing Team,,12.0,4.0,Finished,10,+13.439
2022,MotoGP,GBR,Race,GBR,T. Nakagami,LCR Honda IDEMITSU,,13.0,3.0,Finished,30,+13.706
2022,MotoGP,GBR,Race,GBR,P. Espargaro,Repsol Honda Team,,14.0,2.0,Finished,44,+13.906
2022,MotoGP,GBR,Race,GBR,F. Morbidelli,Monster Energy Yamaha MotoGP,,15.0,1.0,Finished,21,+16.359
2022,MotoGP,GBR,Race,GBR,A. Dovizioso,WithU Yamaha RNF MotoGP Team,,16.0,0.0,Finished,4,+20.805
2022,MotoGP,GBR,Race,GBR,A. Marquez,LCR Honda CASTROL,,17.0,0.0,Finished,73,+21.099
2022,MotoGP,GBR,Race,GBR,R. Gardner,Tech3 KTM Factory Racing,,18.0,0.0,Finished,87,+24.579
2022,MotoGP,GBR,Race,GBR,S. Bradl,Repsol Honda Team,,19.0,0.0,Finished,6,+28.773
2022,MotoGP,GBR,Race,GBR,D. Binder,WithU Yamaha RNF MotoGP Team,,20.0,0.0,Finished,40,+33.653
2022,MotoGP,GBR,Race,GBR,R. Fernandez,Tech3 KTM Factory Racing,,21.0,0.0,Finished,25,+35.601
2022,MotoGP,GBR,Race,GBR,F. Di Giannantonio,Gresini Racing MotoGP,,22.0,0.0,Finished,49,+36.460
2022,MotoGP,GBR,Race,GBR,J. Mir,Team SUZUKI ECSTAR,,,0.0,DNF,36,14 laps
2022,MotoGP,GBR,Race,GBR,J. Zarco,Prima Pramac Racing,,,0.0,DNF,5,8 laps
2022,MotoGP,GER,Race,GER,F. Quartararo,Monster Energy Yamaha MotoGP,,1.0,25.0,Finished,20,41:12.816
2022,MotoGP,GER,Race,GER,J. Zarco,Prima Pramac Racing,,2.0,20.0,Finished,5,+4.939
2022,MotoGP,GER,Race,GER,J. Miller,Ducati Lenovo Team,,3.0,16.0,Finished,43,+8.372
2022,MotoGP,GER,Race,GER,A. Espargaro,Aprilia Racing,,4.0,13.0,Finished,41,+9.113
2022,MotoGP,GER,Race,GER,L. Marini,Mooney VR46 Racing Team,,5.0,11.0,Finished,10,+11.679
2022,MotoGP,GER,Race,GER,J. Martin,Prima Pramac Racing,,6.0,10.0,Finished,89,+13.164
2022,MotoGP,GER,Race,GER,B. Binder,Red Bull KTM Factory Racing,,7.0,9.0,Finished,33,+15.405
2022,MotoGP,GER,Race,GER,F. Di Giannantonio,Gresini Racing MotoGP,,8.0,8.0,Finished,49,+15.851
2022,MotoGP,GER,Race,GER,M. Oliveira,Red Bull KTM Factory Racing,,9.0,7.0,Finished,88,+19.740
2022,MotoGP,GER,Race,GER,E. Bastianini,Gresini Racing MotoGP,,10.0,6.0,Finished,23,+21.611
2022,MotoGP,GER,Race,GER,M. Bezzecchi,Mooney VR46 Racing Team,,11.0,5.0,Finished,72,+23.175
2022,MotoGP,GER,Race,GER,R. Fernandez,Tech3 KTM Factory Racing,,12.0,4.0,Finished,25,+26.548
2022,MotoGP,GER,Race,GER,F. Morbidelli,Monster Energy Yamaha MotoGP,,13.0,3.0,Finished,21,+29.014
2022,MotoGP,GER,Race,GER,A. Dovizioso,WithU Yamaha RNF MotoGP Team,,14.0,2.0,Finished,4,+30.680
2022,MotoGP,GER,Race,GER,R. Gardner,Tech3 KTM Factory Racing,,15.0,1.0,Finished,87,+30.812
2022,MotoGP,GER,Race,GER,S. Bradl,Repsol Honda Team,,16.0,0.0,Finished,6,+52.040
2022,MotoGP,GER,Race,GER,P. Espargaro,Repsol Honda Team,,,0.0,DNF,44,22 laps
2022,MotoGP,GER,Race,GER,M. Viñales,Aprilia Racing,,,0.0,DNF,12,19 laps
2022,MotoGP,GER,Race,GER,A. Marquez,LCR Honda CASTROL,,,0.0,DNF,73,6 laps
2022,MotoGP,GER,Race,GER,T. Nakagami,LCR Honda IDEMITSU,,,0.0,DNF,30,6 laps
2022,MotoGP,GER,Race,GER,D. Binder,WithU Yamaha RNF MotoGP Team,,,0.0,DNF,40,5 laps
2022,MotoGP,GER,Race,GER,J. Mir,Team SUZUKI ECSTAR,,,0.0,DNF,36,3 laps
2022,MotoGP,GER,Race,GER,F. Bagnaia,Ducati Lenovo Team,,,0.0,DNF,63,3 laps
2022,MotoGP,INA,Race,INA,M. Oliveira,Red Bull KTM Factory Racing,,1.0,25.0,Finished,88,33:27.223
2022,MotoGP,INA,Race,INA,F. Quartararo,Monster Energy Yamaha MotoGP,,2.0,20.0,Finished,20,+2.205
2022,MotoGP,INA,Race,INA,J. Zarco,Prima Pramac Racing,,3.0,16.0,Finished,5,+3.158
2022,MotoGP,INA,Race,INA,J. Miller,Ducati Lenovo Team,,4.0,13.0,Finished,43,+5.663
2022,MotoGP,INA,Race,INA,A. Rins,Team SUZUKI ECSTAR,,5.0,11.0,Finished,42,+7.044
2022,MotoGP,INA,Race,INA,J. Mir,Team SUZUKI ECSTAR,,6.0,10.0,Finished,36,+7.832
2022,MotoGP,INA,Race,INA,F. Morbidelli,Monster Energy Yamaha MotoGP,,7.0,9.0,Finished,21,+21.115
2022,MotoGP,INA,Race,INA,B. Binder,Red Bull KTM Factory Racing,,8.0,8.0,Finished,33,+32.413
2022,MotoGP,INA,Race,INA,A. Espargaro,Aprilia Racing,,9.0,7.0,Finished,41,+32.586
2022,MotoGP,INA,Race,INA,D. Binder,WithU Yamaha RNF MotoGP Team,,10.0,6.0,Finished,40,+32.901
2022,MotoGP,INA,Race,INA,E. Bastianini,Gresini Racing MotoGP,,11.0,5.0,Finished,23,+33.116
2022,MotoGP,INA,Race,INA,P. Espargaro,Repsol Honda Team,,12.0,4.0,Finished,44,+33.599
2022,MotoGP,INA,Race,INA,A. Marquez,LCR Honda CASTROL,,13.0,3.0,Finished,73,+33.735
2022,MotoGP,INA,Race,INA,L. Marini,Mooney VR46 Racing Team,,14.0,2.0,Finished,10,+34.991
2022,MotoGP,INA,Race,INA,F. Bagnaia,Ducati Lenovo Team,,15.0,1.0,Finished,63,+35.763
2022,MotoGP,INA,Race,INA,M. Viñales,Aprilia Racing,,16.0,0.0,Finished,12,+37.397
2022,MotoGP,INA,Race,INA,R. Fernandez,Tech3 KTM Factory Racing,,17.0,0.0,Finished,25,+41.975
2022,MotoGP,INA,Race,INA,F. Di Giannantonio,Gresini Racing MotoGP,,18.0,0.0,Finished,49,+47.915
2022,MotoGP,INA,Race,INA,T. Nakagami,LCR Honda IDEMITSU,,19.0,0.0,Finished,30,+49.471
2022,MotoGP,INA,Race,INA,M. Bezzecchi,Mooney VR46 Racing Team,,20.0,0.0,Finished,72,+49.473
2022,MotoGP,INA,Race,INA,R. Gardner,Tech3 KTM Factory Racing,,21.0,0.0,Finished,87,+55.964
2022,MotoGP,INA,Race,INA,J. Martin,Prima Pramac Racing,,,0.0,DNF,89,7 laps
2022,MotoGP,INA,Race,INA,A. Dovizioso,WithU Yamaha RNF MotoGP Team,,,0.0,DNF,4,6 laps
2022,MotoGP,ITA,Race,ITA,F. Bagnaia,Ducati Lenovo Team,,1.0,25.0,Finished,63,41:18.923
2022,MotoGP,ITA,Race,ITA,F. Quartararo,Monster Energy Yamaha MotoGP,,2.0,20.0,Finished,20,+0.635
2022,MotoGP,ITA,Race,ITA,A. Espargaro,Aprilia Racing,,3.0,16.0,Finished,41,+1.983
2022,MotoGP,ITA,Race,ITA,J. Zarco,Prima Pramac Racing,,4.0,13.0,Finished,5,+2.590
2022,MotoGP,ITA,Race,ITA,M. Bezzecchi,Mooney VR46 Racing Team,,5.0,11.0,Finished,72,+3.067
2022,MotoGP,ITA,Race,ITA,L. Marini,Mooney VR46 Racing Team,,6.0,10.0,Finished,10,+3.875
2022,MotoGP,ITA,Race,ITA,B. Binder,Red Bull KTM Factory Racing,,7.0,9.0,Finished,33,+4.067
2022,MotoGP,ITA,Race,ITA,T. Nakagami,LCR Honda IDEMITSU,,8.0,8.0,Finished,30,+10.944
2022,MotoGP,ITA,Race,ITA,M. Oliveira,Red Bull KTM Factory Racing,,9.0,7.0,Finished,88,+11.256
2022,MotoGP,ITA,Race,ITA,M. Marquez,Repsol Honda Team,,10.0,6.0,Finished,93,+11.800
2022,MotoGP,ITA,Race,ITA,F. Di Giannantonio,Gresini Racing MotoGP,,11.0,5.0,Finished,49,+12.916
2022,MotoGP,ITA,Race,ITA,M. Viñales,Aprilia Racing,,12.0,4.0,Finished,12,+12.917
2022,MotoGP,ITA,Race,ITA,J. Martin,Prima Pramac Racing,,13.0,3.0,Finished,89,+17.240
2022,MotoGP,ITA,Race,ITA,A. Marquez,LCR Honda CASTROL,,14.0,2.0,Finished,73,+17.568
2022,MotoGP,ITA,Race,ITA,J. Miller,Ducati Lenovo Team,,15.0,1.0,Finished,43,+17.687
2022,MotoGP,ITA,Race,ITA,D. Binder,WithU Yamaha RNF MotoGP Team,,16.0,0.0,Finished,40,+20.265
2022,MotoGP,ITA,Race,ITA,F. Morbidelli,Monster Energy Yamaha MotoGP,,17.0,0.0,Finished,21,+20.296
2022,MotoGP,ITA,Race,ITA,M. Pirro,Aruba.it Racing,,18.0,0.0,Finished,51,+21.305
2022,MotoGP,ITA,Race,ITA,R. Gardner,Tech3 KTM Factory Racing,,19.0,0.0,Finished,87,+30.548
2022,MotoGP,ITA,Race,ITA,A. Dovizioso,WithU Yamaha RNF MotoGP Team,,20.0,0.0,Finished,4,+31.011
2022,MotoGP,ITA,Race,ITA,R. Fernandez,Tech3 KTM Factory Racing,,21.0,0.0,Finished,25,+42.723
2022,MotoGP,ITA,Race,ITA,L. Savadori,Aprilia Racing,,22.0,0.0,Finished,32,+0.000
2022,MotoGP,ITA,Race,ITA,E. Bastianini,Gresini Racing MotoGP,,,0.0,DNF,23,13 laps
2022,MotoGP,ITA,Race,ITA,J. Mir,Team SUZUKI ECSTAR,,,0.0,DNF,36,7 laps
2022,MotoGP,ITA,Race,ITA,A. Rins,Team SUZUKI ECSTAR,,,0.0,DNF,42,7 laps
2022,MotoGP,ITA,Race,ITA,P. Espargaro,Repsol Honda Team,,,0.0,DNF,44,4 laps
2022,MotoGP,JPN,Race,JPN,J. Miller,Ducati Lenovo Team,,1.0,25.0,Finished,43,42:29.174
2022,MotoGP,JPN,Race,JPN,B. Binder,Red Bull KTM Factory Racing,,2.0,20.0,Finished,33,+3.409
2022,MotoGP,JPN,Race,JPN,J. Martin,Prima Pramac Racing,,3.0,16.0,Finished,89,+4.136
2022,MotoGP,JPN,Race,JPN,M. Marquez,Repsol Honda Team,,4.0,13.0,Finished,93,+7.784
2022,MotoGP,JPN,Race,JPN,M. Oliveira,Red Bull KTM Factory Racing,,5.0,11.0,Finished,88,+8.185
2022,MotoGP,JPN,Race,JPN,L. Marini,Mooney VR46 Racing Team,,6.0,10.0,Finished,10,+8.348
2022,MotoGP,JPN,Race,JPN,M. Viñales,Aprilia Racing,,7.0,9.0,Finished,12,+9.879
2022,MotoGP,JPN,Race,JPN,F. Quartararo,Monster Energy Yamaha MotoGP,,8.0,8.0,Finished,20,+10.193
2022,MotoGP,JPN,Race,JPN,E. Bastianini,Gresini Racing MotoGP,,9.0,7.0,Finished,23,+10.318
2022,MotoGP,JPN,Race,JPN,M. Bezzecchi,Mooney VR46 Racing Team,,10.0,6.0,Finished,72,+16.419
2022,MotoGP,JPN,Race,JPN,J. Zarco,Prima Pramac Racing,,11.0,5.0,Finished,5,+16.586
2022,MotoGP,JPN,Race,JPN,P. Espargaro,Repsol Honda Team,,12.0,4.0,Finished,44,+17.456
2022,MotoGP,JPN,Race,JPN,A. Marquez,LCR Honda CASTROL,,13.0,3.0,Finished,73,+18.219
2022,MotoGP,JPN,Race,JPN,F. Morbidelli,Monster Energy Yamaha MotoGP,,14.0,2.0,Finished,21,+19.012
2022,MotoGP,JPN,Race,JPN,C. Crutchlow,WithU Yamaha RNF MotoGP Team,,15.0,1.0,Finished,35,+19.201
2022,MotoGP,JPN,Race,JPN,A. Espargaro,Aprilia Racing,,16.0,0.0,Finished,41,+25.473
2022,MotoGP,JPN,Race,JPN,F. Di Giannantonio,Gresini Racing MotoGP,,17.0,0.0,Finished,49,+27.006
2022,MotoGP,JPN,Race,JPN,R. Fernandez,Tech3 KTM Factory Racing,,18.0,0.0,Finished,25,+29.374
2022,MotoGP,JPN,Race,JPN,R. Gardner,Tech3 KTM Factory Racing,,19.0,0.0,Finished,87,+29.469
2022,MotoGP,JPN,Race,JPN,T. Nakagami,LCR Honda IDEMITSU,,20.0,0.0,Finished,30,+43.294
2022,MotoGP,JPN,Race,JPN,F. Bagnaia,Ducati Lenovo Team,,,0.0,DNF,63,23 laps
2022,MotoGP,JPN,Race,JPN,D. Binder,WithU Yamaha RNF MotoGP Team,,,0.0,DNF,40,14 laps
2022,MotoGP,JPN,Race,JPN,A. Rins,Team SUZUKI ECSTAR,,,0.0,DNF,42,14 laps
2022,MotoGP,JPN,Race,JPN,T. Tsuda,Team SUZUKI ECSTAR,,,0.0,DNF,85,11 laps
2022,MotoGP,JPN,Race,JPN,T. Nagashima,HRC Team,,,0.0,DNF,45,9 laps
2022,MotoGP,MAL,Race,MAL,F. Bagnaia,Ducati Lenovo Team,,1.0,25.0,Finished,63,40:14.332
2022,MotoGP,MAL,Race,MAL,E. Bastianini,Gresini Racing MotoGP,,2.0,20.0,Finished,23,+0.270
2022,MotoGP,MAL,Race,MAL,F. Quartararo,Monster Energy Yamaha MotoGP,,3.0,16.0,Finished,20,+2.773
2022,MotoGP,MAL,Race,MAL,M. Bezzecchi,Mooney VR46 Racing Team,,4.0,13.0,Finished,72,+5.446
2022,MotoGP,MAL,Race,MAL,A. Rins,Team SUZUKI ECSTAR,,5.0,11.0,Finished,42,+11.923
2022,MotoGP,MAL,Race,MAL,J. Miller,Ducati Lenovo Team,,6.0,10.0,Finished,43,+13.472
2022,MotoGP,MAL,Race,MAL,M. Marquez,Repsol Honda Team,,7.0,9.0,Finished,93,+14.304
2022,MotoGP,MAL,Race,MAL,B. Binder,Red Bull KTM Factory Racing,,8.0,8.0,Finished,33,+16.805
2022,MotoGP,MAL,Race,MAL,J. Zarco,Prima Pramac Racing,,9.0,7.0,Finished,5,+18.358
2022,MotoGP,MAL,Race,MAL,A. Espargaro,Aprilia Racing,,10.0,6.0,Finished,41,+21.591
2022,MotoGP,MAL,Race,MAL,F. Morbidelli,Monster Energy Yamaha MotoGP,,11.0,5.0,Finished,21,+23.235
2022,MotoGP,MAL,Race,MAL,C. Crutchlow,WithU Yamaha RNF MotoGP Team,,12.0,4.0,Finished,35,+24.641
2022,MotoGP,MAL,Race,MAL,M. Oliveira,Red Bull KTM Factory Racing,,13.0,3.0,Finished,88,+24.918
2022,MotoGP,MAL,Race,MAL,P. Espargaro,Repsol Honda Team,,14.0,2.0,Finished,44,+25.586
2022,MotoGP,MAL,Race,MAL,R. Fernandez,Tech3 KTM Factory Racing,,15.0,1.0,Finished,25,+27.039
2022,MotoGP,MAL,Race,MAL,M. Viñales,Aprilia Racing,,16.0,0.0,Finished,12,+30.427
2022,MotoGP,MAL,Race,MAL,A. Marquez,LCR Honda CASTROL,,17.0,0.0,Finished,73,+33.322
2022,MotoGP,MAL,Race,MAL,R. Gardner,Tech3 KTM Factory Racing,,18.0,0.0,Finished,87,+33.691
2022,MotoGP,MAL,Race,MAL,J. Mir,Team SUZUKI ECSTAR,,19.0,0.0,Finished,36,+41.838
2022,MotoGP,MAL,Race,MAL,F. Di Giannantonio,Gresini Racing MotoGP,,,0.0,DNF,49,10 laps
2022,MotoGP,MAL,Race,MAL,D. Binder,WithU Yamaha RNF MotoGP Team,,,0.0,DNF,40,10 laps
2022,MotoGP,MAL,Race,MAL,J. Martin,Prima Pramac Racing,,,0.0,DNF,89,6 laps
2022,MotoGP,MAL,Race,MAL,T. Nagashima,LCR Honda IDEMITSU,,,0.0,DNF,45,4 laps
2022,MotoGP,MAL,Race,MAL,L. Marini,Mooney VR46 Racing Team,,,0.0,DNF,10,1 laps
2022,MotoGP,NED,Race,NED,F. Bagnaia,Ducati Lenovo Team,,1.0,25.0,Finished,63,40:25.205
2022,MotoGP,NED,Race,NED,M. Bezzecchi,Mooney VR46 Racing Team,,2.0,20.0,Finished,72,+0.444
2022,MotoGP,NED,Race,NED,M. Viñales,Aprilia Racing,,3.0,16.0,Finished,12,+1.209
2022,MotoGP,NED,Race,NED,A. Espargaro,Aprilia Racing,,4.0,13.0,Finished,41,+2.585
2022,MotoGP,NED,Race,NED,B. Binder,Red Bull KTM Factory Racing,,5.0,11.0,Finished,33,+2.721
2022,MotoGP,NED,Race,NED,J. Miller,Ducati Lenovo Team,,6.0,10.0,Finished,43,+3.045
2022,MotoGP,NED,Race,NED,J. Martin,Prima Pramac Racing,,7.0,9.0,Finished,89,+4.340
2022,MotoGP,NED,Race,NED,J. Mir,Team SUZUKI ECSTAR,,8.0,8.0,Finished,36,+8.185
2022,MotoGP,NED,Race,NED,M. Oliveira,Red Bull KTM Factory Racing,,9.0,7.0,Finished,88,+8.325
2022,MotoGP,NED,Race,NED,A. Rins,Team SUZUKI ECSTAR,,10.0,6.0,Finished,42,+8.596
2022,MotoGP,NED,Race,NED,E. Bastianini,Gresini Racing MotoGP,,11.0,5.0,Finished,23,+9.783
2022,MotoGP,NED,Race,NED,T. Nakagami,LCR Honda IDEMITSU,,12.0,4.0,Finished,30,+10.617
2022,MotoGP,NED,Race,NED,J. Zarco,Prima Pramac Racing,,13.0,3.0,Finished,5,+14.405
2022,MotoGP,NED,Race,NED,F. Di Giannantonio,Gresini Racing MotoGP,,14.0,2.0,Finished,49,+17.681
2022,MotoGP,NED,Race,NED,A. Marquez,LCR Honda CASTROL,,15.0,1.0,Finished,73,+25.866
2022,MotoGP,NED,Race,NED,A. Dovizioso,WithU Yamaha RNF MotoGP Team,,16.0,0.0,Finished,4,+29.711
2022,MotoGP,NED,Race,NED,L. Marini,Mooney VR46 Racing Team,,17.0,0.0,Finished,10,+30.296
2022,MotoGP,NED,Race,NED,S. Bradl,Repsol Honda Team,,18.0,0.0,Finished,6,+32.225
2022,MotoGP,NED,Race,NED,R. Gardner,Tech3 KTM Factory Racing,,19.0,0.0,Finished,87,+34.947
2022,MotoGP,NED,Race,NED,L. Savadori,Aprilia Racing,,20.0,0.0,Finished,32,+35.798
2022,MotoGP,NED,Race,NED,R. Fernandez,Tech3 KTM Factory Racing,,,0.0,DNF,25,18 laps
2022,MotoGP,NED,Race,NED,F. Quartararo,Monster Energy Yamaha MotoGP,,,0.0,DNF,20,11 laps
2022,MotoGP,NED,Race,NED,F. Morbidelli,Monster Energy Yamaha MotoGP,,,0.0,DNF,21,8 laps
2022,MotoGP,NED,Race,NED,D. Binder,WithU Yamaha RNF MotoGP Team,,,0.0,DNF,40,8 laps
2022,MotoGP,POR,Race,POR,F. Quartararo,Monster Energy Yamaha MotoGP,,1.0,25.0,Finished,20,41:39.611
2022,MotoGP,POR,Race,POR,J. Zarco,Prima Pramac Racing,,2.0,20.0,Finished,5,+5.409
2022,MotoGP,POR,Race,POR,A. Espargaro,Aprilia Racing,,3.0,16.0,Finished,41,+6.068
2022,MotoGP,POR,Race,POR,A. Rins,Team SUZUKI ECSTAR,,4.0,13.0,Finished,42,+9.633
2022,MotoGP,POR,Race,POR,M. Oliveira,Red Bull KTM Factory Racing,,5.0,11.0,Finished,88,+13.573
2022,MotoGP,POR,Race,POR,M. Marquez,Repsol Honda Team,,6.0,10.0,Finished,93,+16.163
2022,MotoGP,POR,Race,POR,A. Marquez,LCR Honda CASTROL,,7.0,9.0,Finished,73,+16.183
2022,MotoGP,POR,Race,POR,F. Bagnaia,Ducati Lenovo Team,,8.0,8.0,Finished,63,+16.511
2022,MotoGP,POR,Race,POR,P. Espargaro,Repsol Honda Team,,9.0,7.0,Finished,44,+16.769
2022,MotoGP,POR,Race,POR,M. Viñales,Aprilia Racing,,10.0,6.0,Finished,12,+18.063
2022,MotoGP,POR,Race,POR,A. Dovizioso,WithU Yamaha RNF MotoGP Team,,11.0,5.0,Finished,4,+29.029
2022,MotoGP,POR,Race,POR,L. Marini,Mooney VR46 Racing Team,,12.0,4.0,Finished,10,+29.249
2022,MotoGP,POR,Race,POR,F. Morbidelli,Monster Energy Yamaha MotoGP,,13.0,3.0,Finished,21,+33.354
2022,MotoGP,POR,Race,POR,R. Gardner,Tech3 KTM Factory Racing,,14.0,2.0,Finished,87,+40.205
2022,MotoGP,POR,Race,POR,M. Bezzecchi,Mooney VR46 Racing Team,,15.0,1.0,Finished,72,+46.052
2022,MotoGP,POR,Race,POR,T. Nakagami,LCR Honda IDEMITSU,,16.0,0.0,Finished,30,+49.569
2022,MotoGP,POR,Race,POR,D. Binder,WithU Yamaha RNF MotoGP Team,,17.0,0.0,Finished,40,+50.303
2022,MotoGP,POR,Race,POR,L. Savadori,Aprilia Racing,,,0.0,DNF,32,24 laps
2022,MotoGP,POR,Race,POR,F. Di Giannantonio,Gresini Racing MotoGP,,,0.0,DNF,49,21 laps
2022,MotoGP,POR,Race,POR,J. Miller,Ducati Lenovo Team,,,0.0,DNF,43,18 laps
2022,MotoGP,POR,Race,POR,J. Mir,Team SUZUKI ECSTAR,,,0.0,DNF,36,18 laps
2022,MotoGP,POR,Race,POR,B. Binder,Red Bull KTM Factory Racing,,,0.0,DNF,33,17 laps
2022,MotoGP,POR,Race,POR,E. Bastianini,Gresini Racing MotoGP,,,0.0,DNF,23,9 laps
2022,MotoGP,POR,Race,POR,J. Martin,Prima Pramac Racing,,,0.0,DNF,89,4 laps
2022,MotoGP,QAT,Race,QAT,E. Bastianini,Gresini Racing MotoGP,,1.0,25.0,Finished,23,42:13.198
2022,MotoGP,QAT,Race,QAT,B. Binder,Red Bull KTM Factory Racing,,2.0,20.0,Finished,33,+0.346
2022,MotoGP,QAT,Race,QAT,P. Espargaro,Repsol Honda Team,,3.0,16.0,Finished,44,+1.351
2022,MotoGP,QAT,Race,QAT,A. Espargaro,Aprilia Racing,,4.0,13.0,Finished,41,+2.242
2022,MotoGP,QAT,Race,QAT,M. Marquez,Repsol Honda Team,,5.0,11.0,Finished,93,+4.099
2022,MotoGP,QAT,Race,QAT,J. Mir,Team SUZUKI ECSTAR,,6.0,10.0,Finished,36,+4.843
2022,MotoGP,QAT,Race,QAT,A. Rins,Team SUZUKI ECSTAR,,7.0,9.0,Finished,42,+8.810
2022,MotoGP,QAT,Race,QAT,J. Zarco,Prima Pramac Racing,,8.0,8.0,Finished,5,+10.536
2022,MotoGP,QAT,Race,QAT,F. Quartararo,Monster Energy Yamaha MotoGP,,9.0,7.0,Finished,20,+10.543
2022,MotoGP,QAT,Race,QAT,T. Nakagami,LCR Honda IDEMITSU,,10.0,6.0,Finished,30,+14.967
2022,MotoGP,QAT,Race,QAT,F. Morbidelli,Monster Energy Yamaha MotoGP,,11.0,5.0,Finished,21,+16.712
2022,MotoGP,QAT,Race,QAT,M. Viñales,Aprilia Racing,,12.0,4.0,Finished,12,+23.216
2022,MotoGP,QAT,Race,QAT,L. Marini,Mooney VR46 Racing Team,,13.0,3.0,Finished,10,+27.283
2022,MotoGP,QAT,Race,QAT,A. Dovizioso,WithU Yamaha RNF MotoGP Team,,14.0,2.0,Finished,4,+27.374
2022,MotoGP,QAT,Race,QAT,R. Gardner,Tech3 KTM Factory Racing,,15.0,1.0,Finished,87,+41.107
2022,MotoGP,QAT,Race,QAT,D. Binder,WithU Yamaha RNF MotoGP Team,,16.0,0.0,Finished,40,+41.119
2022,MotoGP,QAT,Race,QAT,F. Di Giannantonio,Gresini Racing MotoGP,,17.0,0.0,Finished,49,+41.349
2022,MotoGP,QAT,Race,QAT,R. Fernandez,Tech3 KTM Factory Racing,,18.0,0.0,Finished,25,+42.357
2022,MotoGP,QAT,Race,QAT,F. Bagnaia,Ducati Lenovo Team,,,0.0,DNF,63,11 laps
2022,MotoGP,QAT,Race,QAT,J. Martin,Prima Pramac Racing,,,0.0,DNF,89,11 laps
2022,MotoGP,QAT,Race,QAT,M. Oliveira,Red Bull KTM Factory Racing,,,0.0,DNF,88,10 laps
2022,MotoGP,QAT,Race,QAT,A. Marquez,LCR Honda CASTROL,,,0.0,DNF,73,9 laps
2022,MotoGP,QAT,Race,QAT,J. Miller,Ducati Lenovo Team,,,0.0,DNF,43,6 laps
2022,MotoGP,QAT,Race,QAT,M. Bezzecchi,Mooney VR46 Racing Team,,,0.0,DNF,72,6 laps
2022,MotoGP,RSM,Race,RSM,F. Bagnaia,Ducati Lenovo Team,,1.0,25.0,Finished,63,41:43.199
2022,MotoGP,RSM,Race,RSM,E. Bastianini,Gresini Racing MotoGP,,2.0,20.0,Finished,23,+0.034
2022,MotoGP,RSM,Race,RSM,M. Viñales,Aprilia Racing,,3.0,16.0,Finished,12,+4.212
2022,MotoGP,RSM,Race,RSM,L. Marini,Mooney VR46 Racing Team,,4.0,13.0,Finished,10,+5.283
2022,MotoGP,RSM,Race,RSM,F. Quartararo,Monster Energy Yamaha MotoGP,,5.0,11.0,Finished,20,+5.771
2022,MotoGP,RSM,Race,RSM,A. Espargaro,Aprilia Racing,,6.0,10.0,Finished,41,+10.230
2022,MotoGP,RSM,Race,RSM,A. Rins,Team SUZUKI ECSTAR,,7.0,9.0,Finished,42,+12.496
2022,MotoGP,RSM,Race,RSM,B. Binder,Red Bull KTM Factory Racing,,8.0,8.0,Finished,33,+14.661
2022,MotoGP,RSM,Race,RSM,J. Martin,Prima Pramac Racing,,9.0,7.0,Finished,89,+17.732
2022,MotoGP,RSM,Race,RSM,A. Marquez,LCR Honda CASTROL,,10.0,6.0,Finished,73,+21.986
2022,MotoGP,RSM,Race,RSM,M. Oliveira,Red Bull KTM Factory Racing,,11.0,5.0,Finished,88,+23.685
2022,MotoGP,RSM,Race,RSM,A. Dovizioso,WithU Yamaha RNF MotoGP Team,,12.0,4.0,Finished,4,+29.276
2022,MotoGP,RSM,Race,RSM,R. Fernandez,Tech3 KTM Factory Racing,,13.0,3.0,Finished,25,+30.433
2022,MotoGP,RSM,Race,RSM,S. Bradl,Repsol Honda Team,,14.0,2.0,Finished,6,+31.768
2022,MotoGP,RSM,Race,RSM,T. Nakagami,LCR Honda IDEMITSU,,15.0,1.0,Finished,30,+32.547
2022,MotoGP,RSM,Race,RSM,D. Binder,WithU Yamaha RNF MotoGP Team,,16.0,0.0,Finished,40,+41.857
2022,MotoGP,RSM,Race,RSM,M. Bezzecchi,Mooney VR46 Racing Team,,17.0,0.0,Finished,72,+50.559
2022,MotoGP,RSM,Race,RSM,J. Miller,Ducati Lenovo Team,,18.0,0.0,Finished,43,+53.371
2022,MotoGP,RSM,Race,RSM,R. Gardner,Tech3 KTM Factory Racing,,19.0,0.0,Finished,87,+56.613
2022,MotoGP,RSM,Race,RSM,F. Di Giannantonio,Gresini Racing MotoGP,,20.0,0.0,Finished,49,+57.304
2022,MotoGP,RSM,Race,RSM,K. Watanabe,Team SUZUKI ECSTAR,,21.0,0.0,Finished,92,+0.000
2022,MotoGP,RSM,Race,RSM,F. Morbidelli,Monster Energy Yamaha MotoGP,,,0.0,DNF,21,2 laps
2022,MotoGP,RSM,Race,RSM,M. Pirro,Aruba.it Racing,,,0.0,DNF,51,
2022,MotoGP,RSM,Race,RSM,J. Zarco,Prima Pramac Racing,,,0.0,DNF,5,
2022,MotoGP,RSM,Race,RSM,P. Espargaro,Repsol Honda Team,,,0.0,DNF,44,
2022,MotoGP,SPA,Race,SPA,F. Bagnaia,Ducati Lenovo Team,,1.0,25.0,Finished,63,41:00.554
2022,MotoGP,SPA,Race,SPA,F. Quartararo,Monster Energy Yamaha MotoGP,,2.0,20.0,Finished,20,+0.285
2022,MotoGP,SPA,Race,SPA,A. Espargaro,Aprilia Racing,,3.0,16.0,Finished,41,+10.977
2022,MotoGP,SPA,Race,SPA,M. Marquez,Repsol Honda Team,,4.0,13.0,Finished,93,+12.676
2022,MotoGP,SPA,Race,SPA,J. Miller,Ducati Lenovo Team,,5.0,11.0,Finished,43,+12.957
2022,MotoGP,SPA,Race,SPA,J. Mir,Team SUZUKI ECSTAR,,6.0,10.0,Finished,36,+13.934
2022,MotoGP,SPA,Race,SPA,T. Nakagami,LCR Honda IDEMITSU,,7.0,9.0,Finished,30,+14.929
2022,MotoGP,SPA,Race,SPA,E. Bastianini,Gresini Racing MotoGP,,8.0,8.0,Finished,23,+18.436
2022,MotoGP,SPA,Race,SPA,M. Bezzecchi,Mooney VR46 Racing Team,,9.0,7.0,Finished,72,+18.830
2022,MotoGP,SPA,Race,SPA,B. Binder,Red Bull KTM Factory Racing,,10.0,6.0,Finished,33,+20.056
2022,MotoGP,SPA,Race,SPA,P. Espargaro,Repsol Honda Team,,11.0,5.0,Finished,44,+20.856
2022,MotoGP,SPA,Race,SPA,M. Oliveira,Red Bull KTM Factory Racing,,12.0,4.0,Finished,88,+23.131
2022,MotoGP,SPA,Race,SPA,A. Marquez,LCR Honda CASTROL,,13.0,3.0,Finished,73,+25.306
2022,MotoGP,SPA,Race,SPA,M. Viñales,Aprilia Racing,,14.0,2.0,Finished,12,+27.358
2022,MotoGP,SPA,Race,SPA,F. Morbidelli,Monster Energy Yamaha MotoGP,,15.0,1.0,Finished,21,+27.519
2022,MotoGP,SPA,Race,SPA,L. Marini,Mooney VR46 Racing Team,,16.0,0.0,Finished,10,+29.278
2022,MotoGP,SPA,Race,SPA,A. Dovizioso,WithU Yamaha RNF MotoGP Team,,17.0,0.0,Finished,4,+35.204
2022,MotoGP,SPA,Race,SPA,F. Di Giannantonio,Gresini Racing MotoGP,,18.0,0.0,Finished,49,+35.361
2022,MotoGP,SPA,Race,SPA,A. Rins,Team SUZUKI ECSTAR,,19.0,0.0,Finished,42,+38.922
2022,MotoGP,SPA,Race,SPA,R. Gardner,Tech3 KTM Factory Racing,,20.0,0.0,Finished,87,+43.378
2022,MotoGP,SPA,Race,SPA,L. Savadori,Aprilia Racing,,21.0,0.0,Finished,32,+44.299
2022,MotoGP,SPA,Race,SPA,J. Martin,Prima Pramac Racing,,22.0,0.0,Finished,89,+67.681
2022,MotoGP,SPA,Race,SPA,S. Bradl,Team HRC,,,0.0,DNF,6,10 laps
2022,MotoGP,SPA,Race,SPA,J. Zarco,Prima Pramac Racing,,,0.0,DNF,5,9 laps
2022,MotoGP,SPA,Race,SPA,D. Binder,WithU Yamaha RNF MotoGP Team,,,0.0,DNF,40,5 laps
2022,MotoGP,THA,Race,THA,M. Oliveira,Red Bull KTM Factory Racing,,1.0,25.0,Finished,88,41:44.503
2022,MotoGP,THA,Race,THA,J. Miller,Ducati Lenovo Team,,2.0,20.0,Finished,43,+0.730
2022,MotoGP,THA,Race,THA,F. Bagnaia,Ducati Lenovo Team,,3.0,16.0,Finished,63,+1.968
2022,MotoGP,THA,Race,THA,J. Zarco,Prima Pramac Racing,,4.0,13.0,Finished,5,+2.490
2022,MotoGP,THA,Race,THA,M. Marquez,Repsol Honda Team,,5.0,11.0,Finished,93,+2.958
2022,MotoGP,THA,Race,THA,E. Bastianini,Gresini Racing MotoGP,,6.0,10.0,Finished,23,+13.257
2022,MotoGP,THA,Race,THA,M. Viñales,Aprilia Racing,,7.0,9.0,Finished,12,+14.566
2022,MotoGP,THA,Race,THA,A. Marquez,LCR Honda CASTROL,,8.0,8.0,Finished,73,+14.861
2022,MotoGP,THA,Race,THA,J. Martin,Prima Pramac Racing,,9.0,7.0,Finished,89,+15.365
2022,MotoGP,THA,Race,THA,B. Binder,Red Bull KTM Factory Racing,,10.0,6.0,Finished,33,+18.097
2022,MotoGP,THA,Race,THA,A. Espargaro,Aprilia Racing,,11.0,5.0,Finished,41,+19.041
2022,MotoGP,THA,Race,THA,A. Rins,Team SUZUKI ECSTAR,,12.0,4.0,Finished,42,+19.659
2022,MotoGP,THA,Race,THA,F. Morbidelli,Monster Energy Yamaha MotoGP,,13.0,3.0,Finished,21,+22.439
2022,MotoGP,THA,Race,THA,P. Espargaro,Repsol Honda Team,,14.0,2.0,Finished,44,+23.646
2022,MotoGP,THA,Race,THA,R. Fernandez,Tech3 KTM Factory Racing,,15.0,1.0,Finished,25,+30.483
2022,MotoGP,THA,Race,THA,M. Bezzecchi,Mooney VR46 Racing Team,,16.0,0.0,Finished,72,+33.466
2022,MotoGP,THA,Race,THA,F. Quartararo,Monster Energy Yamaha MotoGP,,17.0,0.0,Finished,20,+34.072
2022,MotoGP,THA,Race,THA,F. Di Giannantonio,Gresini Racing MotoGP,,18.0,0.0,Finished,49,+36.203
2022,MotoGP,THA,Race,THA,C. Crutchlow,WithU Yamaha RNF MotoGP Team,,19.0,0.0,Finished,35,+36.532
2022,MotoGP,THA,Race,THA,D. Petrucci,Team SUZUKI ECSTAR,,20.0,0.0,Finished,9,+42.508
2022,MotoGP,THA,Race,THA,D. Binder,WithU Yamaha RNF MotoGP Team,,21.0,0.0,Finished,40,+49.992
2022,MotoGP,THA,Race,THA,T. Nagashima,LCR Honda IDEMITSU,,22.0,0.0,Finished,45,+51.346
2022,MotoGP,THA,Race,THA,L. Marini,Mooney VR46 Racing Team,,23.0,0.0,Finished,10,+0.000
2022,MotoGP,THA,Race,THA,R. Gardner,Tech3 KTM Factory Racing,,,0.0,DNF,87,11 laps
2022,MotoGP,VAL,Race,VAL,A. Rins,Team SUZUKI ECSTAR,,1.0,25.0,Finished,42,41:22.250
2022,MotoGP,VAL,Race,VAL,B. Binder,Red Bull KTM Factory Racing,,2.0,20.0,Finished,33,+0.396
2022,MotoGP,VAL,Race,VAL,J. Martin,Prima Pramac Racing,,3.0,16.0,Finished,89,+1.059
2022,MotoGP,VAL,Race,VAL,F. Quartararo,Monster Energy Yamaha MotoGP,,4.0,13.0,Finished,20,+1.911
2022,MotoGP,VAL,Race,VAL,M. Oliveira,Red Bull KTM Factory Racing,,5.0,11.0,Finished,88,+7.122
2022,MotoGP,VAL,Race,VAL,J. Mir,Team SUZUKI ECSTAR,,6.0,10.0,Finished,36,+7.735
2022,MotoGP,VAL,Race,VAL,L. Marini,Mooney VR46 Racing Team,,7.0,9.0,Finished,10,+8.524
2022,MotoGP,VAL,Race,VAL,E. Bastianini,Gresini Racing MotoGP,,8.0,8.0,Finished,23,+12.038
2022,MotoGP,VAL,Race,VAL,F. Bagnaia,Ducati Lenovo Team,,9.0,7.0,Finished,63,+14.441
2022,MotoGP,VAL,Race,VAL,F. Morbidelli,Monster Energy Yamaha MotoGP,,10.0,6.0,Finished,21,+14.676
2022,MotoGP,VAL,Race,VAL,M. Bezzecchi,Mooney VR46 Racing Team,,11.0,5.0,Finished,72,+17.655
2022,MotoGP,VAL,Race,VAL,R. Fernandez,Tech3 KTM Factory Racing,,12.0,4.0,Finished,25,+24.870
2022,MotoGP,VAL,Race,VAL,R. Gardner,Tech3 KTM Factory Racing,,13.0,3.0,Finished,87,+26.546
2022,MotoGP,VAL,Race,VAL,T. Nakagami,LCR Honda IDEMITSU,,14.0,2.0,Finished,30,+26.610
2022,MotoGP,VAL,Race,VAL,F. Di Giannantonio,Gresini Racing MotoGP,,15.0,1.0,Finished,49,+31.819
2022,MotoGP,VAL,Race,VAL,C. Crutchlow,WithU Yamaha RNF MotoGP Team,,16.0,0.0,Finished,35,+88.870
2022,MotoGP,VAL,Race,VAL,A. Marquez,LCR Honda CASTROL,,17.0,0.0,Finished,73,+0.000
2022,MotoGP,VAL,Race,VAL,J. Miller,Ducati Lenovo Team,,,0.0,DNF,43,22 laps
2022,MotoGP,VAL,Race,VAL,M. Viñales,Aprilia Racing,,,0.0,DNF,12,15 laps
2022,MotoGP,VAL,Race,VAL,J. Zarco,Prima Pramac Racing,,,0.0,DNF,5,15 laps
2022,MotoGP,VAL,Race,VAL,M. Marquez,Repsol Honda Team,,,0.0,DNF,93,9 laps
2022,MotoGP,VAL,Race,VAL,D. Binder,WithU Yamaha RNF MotoGP Team,,,0.0,DNF,40,4 laps
2022,MotoGP,VAL,Race,VAL,P. Espargaro,Repsol Honda Team,,,0.0,DNF,44,4 laps
2022,MotoGP,VAL,Race,VAL,A. Espargaro,Aprilia Racing,,,0.0,DNF,41,3 laps
2023,MotoGP,AME,Race,AME,A. Rins,LCR Honda CASTROL,,1.0,25.0,Finished,42,41:14.649
2023,MotoGP,AME,Race,AME,L. Marini,Mooney VR46 Racing Team,,2.0,20.0,Finished,10,+3.498
2023,MotoGP,AME,Race,AME,F. Quartararo,Monster Energy Yamaha MotoGP,,3.0,16.0,Finished,20,+4.936
2023,MotoGP,AME,Race,AME,M. Viñales,Aprilia Racing,,4.0,13.0,Finished,12,+8.318
2023,MotoGP,AME,Race,AME,M. Oliveira,CryptoDATA RNF MotoGP Team,,5.0,11.0,Finished,88,+9.989
2023,MotoGP,AME,Race,AME,M. Bezzecchi,Mooney VR46 Racing Team,,6.0,10.0,Finished,72,+12.049
2023,MotoGP,AME,Race,AME,J. Zarco,Prima Pramac Racing,,7.0,9.0,Finished,5,+12.242
2023,MotoGP,AME,Race,AME,F. Morbidelli,Monster Energy Yamaha MotoGP,,8.0,8.0,Finished,21,+20.399
2023,MotoGP,AME,Race,AME,F. Di Giannantonio,Gresini Racing MotoGP,,9.0,7.0,Finished,49,+27.981
2023,MotoGP,AME,Race,AME,A. Fernandez,GASGAS Factory Racing Tech3,,10.0,6.0,Finished,37,+28.217
2023,MotoGP,AME,Race,AME,M. Pirro,Ducati Lenovo Team,,11.0,5.0,Finished,51,+32.370
2023,MotoGP,AME,Race,AME,J. Folger,GASGAS Factory Racing Tech3,,12.0,4.0,Finished,94,+68.065
2023,MotoGP,AME,Race,AME,B. Binder,Red Bull KTM Factory Racing,,13.0,3.0,Finished,33,+83.012
2023,MotoGP,AME,Race,AME,S. Bradl,Repsol Honda Team,,,0.0,DNF,6,18 laps
2023,MotoGP,AME,Race,AME,T. Nakagami,LCR Honda IDEMITSU,,,0.0,DNF,30,11 laps
2023,MotoGP,AME,Race,AME,J. Mir,Repsol Honda Team,,,0.0,DNF,36,8 laps
2023,MotoGP,AME,Race,AME,F. Bagnaia,Ducati Lenovo Team,,,0.0,DNF,1,7 laps
2023,MotoGP,AME,Race,AME,R. Fernandez,CryptoDATA RNF MotoGP Team,,,0.0,DNF,25,6 laps
2023,MotoGP,AME,Race,AME,J. Miller,Red Bull KTM Factory Racing,,,0.0,DNF,43,6 laps
2023,MotoGP,AME,Race,AME,A. Espargaro,Aprilia Racing,,,0.0,DNF,41,
2023,MotoGP,AME,Race,AME,A. Marquez,Gresini Racing MotoGP,,,0.0,DNF,73,
2023,MotoGP,AME,Race,AME,J. Martin,Prima Pramac Racing,,,0.0,DNF,89,
2023,MotoGP,AME,Sprint,AME,F. Bagnaia,Ducati Lenovo Team,,1.0,12.0,Finished,1,20:35.270
2023,MotoGP,AME,Sprint,AME,A. Rins,LCR Honda CASTROL,,2.0,9.0,Finished,42,+2.545
2023,MotoGP,AME,Sprint,AME,J. Martin,Prima Pramac Racing,,3.0,7.0,Finished,89,+4.706
2023,MotoGP,AME,Sprint,AME,A. Espargaro,Aprilia Racing,,4.0,6.0,Finished,41,+5.052
2023,MotoGP,AME,Sprint,AME,B. Binder,Red Bull KTM Factory Racing,,5.0,5.0,Finished,33,+8.175
2023,MotoGP,AME,Sprint,AME,M. Bezzecchi,Mooney VR46 Racing Team,,6.0,4.0,Finished,72,+8.877
2023,MotoGP,AME,Sprint,AME,L. Marini,Mooney VR46 Racing Team,,7.0,3.0,Finished,10,+9.453
2023,MotoGP,AME,Sprint,AME,M. Oliveira,CryptoDATA RNF MotoGP Team,,8.0,2.0,Finished,88,+10.768
2023,MotoGP,AME,Sprint,AME,J. Miller,Red Bull KTM Factory Racing,,9.0,1.0,Finished,43,+12.448
2023,MotoGP,AME,Sprint,AME,M. Viñales,Aprilia Racing,,10.0,0.0,Finished,12,+12.739
2023,MotoGP,AME,Sprint,AME,J. Zarco,Prima Pramac Racing,,11.0,0.0,Finished,5,+14.251
2023,MotoGP,AME,Sprint,AME,J. Mir,Repsol Honda Team,,12.0,0.0,Finished,36,+14.988
2023,MotoGP,AME,Sprint,AME,T. Nakagami,LCR Honda IDEMITSU,,13.0,0.0,Finished,30,+15.592
2023,MotoGP,AME,Sprint,AME,F. Morbidelli,Monster Energy Yamaha MotoGP,,14.0,0.0,Finished,21,+16.534
2023,MotoGP,AME,Sprint,AME,R. Fernandez,CryptoDATA RNF MotoGP Team,,15.0,0.0,Finished,25,+19.290
2023,MotoGP,AME,Sprint,AME,A. Fernandez,GASGAS Factory Racing Tech3,,16.0,0.0,Finished,37,+23.128
2023,MotoGP,AME,Sprint,AME,F. Di Giannantonio,Gresini Racing MotoGP,,17.0,0.0,Finished,49,+25.626
2023,MotoGP,AME,Sprint,AME,S. Bradl,Repsol Honda Team,,18.0,0.0,Finished,6,+25.787
2023,MotoGP,AME,Sprint,AME,F. Quartararo,Monster Energy Yamaha MotoGP,,19.0,0.0,Finished,20,+27.169
2023,MotoGP,AME,Sprint,AME,J. Folger,GASGAS Factory Racing Tech3,,20.0,0.0,Finished,94,+46.973
2023,MotoGP,AME,Sprint,AME,A. Marquez,Gresini Racing MotoGP,,,0.0,DNF,73,6 laps
2023,MotoGP,AME,Sprint,AME,M. Pirro,Ducati Lenovo Team,,,0.0,DNF,51,5 laps
2023,MotoGP,ARG,Race,ARG,M. Bezzecchi,Mooney VR46 Racing Team,,1.0,25.0,Finished,72,44:28.518
2023,MotoGP,ARG,Race,ARG,J. Zarco,Prima Pramac Racing,,2.0,20.0,Finished,5,+4.085
2023,MotoGP,ARG,Race,ARG,A. Marquez,Gresini Racing MotoGP,,3.0,16.0,Finished,73,+4.681
2023,MotoGP,ARG,Race,ARG,F. Morbidelli,Monster Energy Yamaha MotoGP,,4.0,13.0,Finished,21,+7.581
2023,MotoGP,ARG,Race,ARG,J. Martin,Prima Pramac Racing,,5.0,11.0,Finished,89,+9.746
2023,MotoGP,ARG,Race,ARG,J. Miller,Red Bull KTM Factory Racing,,6.0,10.0,Finished,43,+10.562
2023,MotoGP,ARG,Race,ARG,F. Quartararo,Monster Energy Yamaha MotoGP,,7.0,9.0,Finished,20,+11.095
2023,MotoGP,ARG,Race,ARG,L. Marini,Mooney VR46 Racing Team,,8.0,8.0,Finished,10,+13.694
2023,MotoGP,ARG,Race,ARG,A. Rins,LCR Honda CASTROL,,9.0,7.0,Finished,42,+14.327
2023,MotoGP,ARG,Race,ARG,F. Di Giannantonio,Gresini Racing MotoGP,,10.0,6.0,Finished,49,+18.515
2023,MotoGP,ARG,Race,ARG,A. Fernandez,GASGAS Factory Racing Tech3,,11.0,5.0,Finished,37,+19.380
2023,MotoGP,ARG,Race,ARG,M. Viñales,Aprilia Racing,,12.0,4.0,Finished,12,+26.091
2023,MotoGP,ARG,Race,ARG,T. Nakagami,LCR Honda IDEMITSU,,13.0,3.0,Finished,30,+28.394
2023,MotoGP,ARG,Race,ARG,R. Fernandez,CryptoDATA RNF MotoGP Team,,14.0,2.0,Finished,25,+29.894
2023,MotoGP,ARG,Race,ARG,A. Espargaro,Aprilia Racing,,15.0,1.0,Finished,41,+36.183
2023,MotoGP,ARG,Race,ARG,F. Bagnaia,Ducati Lenovo Team,,16.0,0.0,Finished,1,+47.753
2023,MotoGP,ARG,Race,ARG,B. Binder,Red Bull KTM Factory Racing,,17.0,0.0,Finished,33,+48.106
2023,MotoGP,ARG,Sprint,ARG,B. Binder,Red Bull KTM Factory Racing,,1.0,12.0,Finished,33,19:56.873
2023,MotoGP,ARG,Sprint,ARG,M. Bezzecchi,Mooney VR46 Racing Team,,2.0,9.0,Finished,72,+0.072
2023,MotoGP,ARG,Sprint,ARG,L. Marini,Mooney VR46 Racing Team,,3.0,7.0,Finished,10,+0.877
2023,MotoGP,ARG,Sprint,ARG,F. Morbidelli,Monster Energy Yamaha MotoGP,,4.0,6.0,Finished,21,+2.354
2023,MotoGP,ARG,Sprint,ARG,A. Marquez,Gresini Racing MotoGP,,5.0,5.0,Finished,73,+2.462
2023,MotoGP,ARG,Sprint,ARG,F. Bagnaia,Ducati Lenovo Team,,6.0,4.0,Finished,1,+2.537
2023,MotoGP,ARG,Sprint,ARG,M. Viñales,Aprilia Racing,,7.0,3.0,Finished,12,+2.643
2023,MotoGP,ARG,Sprint,ARG,J. Martin,Prima Pramac Racing,,8.0,2.0,Finished,89,+3.754
2023,MotoGP,ARG,Sprint,ARG,F. Quartararo,Monster Energy Yamaha MotoGP,,9.0,1.0,Finished,20,+4.856
2023,MotoGP,ARG,Sprint,ARG,J. Miller,Red Bull KTM Factory Racing,,10.0,0.0,Finished,43,+5.143
2023,MotoGP,ARG,Sprint,ARG,T. Nakagami,LCR Honda IDEMITSU,,11.0,0.0,Finished,30,+5.574
2023,MotoGP,ARG,Sprint,ARG,F. Di Giannantonio,Gresini Racing MotoGP,,12.0,0.0,Finished,49,+6.965
2023,MotoGP,ARG,Sprint,ARG,J. Zarco,Prima Pramac Racing,,13.0,0.0,Finished,5,+7.568
2023,MotoGP,ARG,Sprint,ARG,R. Fernandez,CryptoDATA RNF MotoGP Team,,14.0,0.0,Finished,25,+7.725
2023,MotoGP,ARG,Sprint,ARG,A. Rins,LCR Honda CASTROL,,15.0,0.0,Finished,42,+8.687
2023,MotoGP,ARG,Sprint,ARG,A. Fernandez,GASGAS Factory Racing Tech3,,16.0,0.0,Finished,37,+9.040
2023,MotoGP,ARG,Sprint,ARG,A. Espargaro,Aprilia Racing,,,0.0,DNF,41,8 laps
2023,MotoGP,ARG,Sprint,ARG,J. Mir,Repsol Honda Team,,,0.0,DNF,36,
2023,MotoGP,AUS,Race,AUS,J. Zarco,Prima Pramac Racing,,1.0,25.0,Finished,5,40:39.446
2023,MotoGP,AUS,Race,AUS,F. Bagnaia,Ducati Lenovo Team,,2.0,20.0,Finished,1,+0.201
2023,MotoGP,AUS,Race,AUS,F. Di Giannantonio,Gresini Racing MotoGP,,3.0,16.0,Finished,49,+0.477
2023,MotoGP,AUS,Race,AUS,B. Binder,Red Bull KTM Factory Racing,,4.0,13.0,Finished,33,+0.816
2023,MotoGP,AUS,Race,AUS,J. Martin,Prima Pramac Racing,,5.0,11.0,Finished,89,+1.008
2023,MotoGP,AUS,Race,AUS,M. Bezzecchi,Mooney VR46 Racing Team,,6.0,10.0,Finished,72,+8.827
2023,MotoGP,AUS,Race,AUS,J. Miller,Red Bull KTM Factory Racing,,7.0,9.0,Finished,43,+9.283
2023,MotoGP,AUS,Race,AUS,A. Espargaro,Aprilia Racing,,8.0,8.0,Finished,41,+9.387
2023,MotoGP,AUS,Race,AUS,A. Marquez,Gresini Racing MotoGP,,9.0,7.0,Finished,73,+9.696
2023,MotoGP,AUS,Race,AUS,E. Bastianini,Ducati Lenovo Team,,10.0,6.0,Finished,23,+12.523
2023,MotoGP,AUS,Race,AUS,M. Viñales,Aprilia Racing,,11.0,5.0,Finished,12,+13.992
2023,MotoGP,AUS,Race,AUS,L. Marini,Mooney VR46 Racing Team,,12.0,4.0,Finished,10,+17.078
2023,MotoGP,AUS,Race,AUS,M. Oliveira,CryptoDATA RNF MotoGP Team,,13.0,3.0,Finished,88,+19.443
2023,MotoGP,AUS,Race,AUS,F. Quartararo,Monster Energy Yamaha MotoGP,,14.0,2.0,Finished,20,+20.949
2023,MotoGP,AUS,Race,AUS,M. Marquez,Repsol Honda Team,,15.0,1.0,Finished,93,+21.118
2023,MotoGP,AUS,Race,AUS,R. Fernandez,CryptoDATA RNF MotoGP Team,,16.0,0.0,Finished,25,+32.538
2023,MotoGP,AUS,Race,AUS,F. Morbidelli,Monster Energy Yamaha MotoGP,,17.0,0.0,Finished,21,+37.663
2023,MotoGP,AUS,Race,AUS,P. Espargaro,GASGAS Factory Racing Tech3,,18.0,0.0,Finished,44,+37.668
2023,MotoGP,AUS,Race,AUS,T. Nakagami,LCR Honda IDEMITSU,,19.0,0.0,Finished,30,+37.758
2023,MotoGP,AUS,Race,AUS,A. Fernandez,GASGAS Factory Racing Tech3,,,0.0,DNF,37,12 laps
2023,MotoGP,AUS,Race,AUS,J. Mir,Repsol Honda Team,,,0.0,DNF,36,10 laps
2023,MotoGP,AUT,Race,AUT,F. Bagnaia,Ducati Lenovo Team,,1.0,25.0,Finished,1,42:23.315
2023,MotoGP,AUT,Race,AUT,B. Binder,Red Bull KTM Factory Racing,,2.0,20.0,Finished,33,+5.191
2023,MotoGP,AUT,Race,AUT,M. Bezzecchi,Mooney VR46 Racing Team,,3.0,16.0,Finished,72,+7.708
2023,MotoGP,AUT,Race,AUT,L. Marini,Mooney VR46 Racing Team,,4.0,13.0,Finished,10,+10.343
2023,MotoGP,AUT,Race,AUT,A. Marquez,Gresini Racing MotoGP,,5.0,11.0,Finished,73,+11.039
2023,MotoGP,AUT,Race,AUT,M. Viñales,Aprilia Racing,,6.0,10.0,Finished,12,+11.724
2023,MotoGP,AUT,Race,AUT,J. Martin,Prima Pramac Racing,,7.0,9.0,Finished,89,+12.917
2023,MotoGP,AUT,Race,AUT,F. Quartararo,Monster Energy Yamaha MotoGP,,8.0,8.0,Finished,20,+19.509
2023,MotoGP,AUT,Race,AUT,A. Espargaro,Aprilia Racing,,9.0,7.0,Finished,41,+20.231
2023,MotoGP,AUT,Race,AUT,E. Bastianini,Ducati Lenovo Team,,10.0,6.0,Finished,23,+20.729
2023,MotoGP,AUT,Race,AUT,F. Morbidelli,Monster Energy Yamaha MotoGP,,11.0,5.0,Finished,21,+21.527
2023,MotoGP,AUT,Race,AUT,M. Marquez,Repsol Honda Team,,12.0,4.0,Finished,93,+23.027
2023,MotoGP,AUT,Race,AUT,J. Zarco,Prima Pramac Racing,,13.0,3.0,Finished,5,+24.259
2023,MotoGP,AUT,Race,AUT,A. Fernandez,GASGAS Factory Racing Tech3,,14.0,2.0,Finished,37,+25.365
2023,MotoGP,AUT,Race,AUT,J. Miller,Red Bull KTM Factory Racing,,15.0,1.0,Finished,43,+25.475
2023,MotoGP,AUT,Race,AUT,P. Espargaro,GASGAS Factory Racing Tech3,,16.0,0.0,Finished,44,+28.073
2023,MotoGP,AUT,Race,AUT,F. Di Giannantonio,Gresini Racing MotoGP,,17.0,0.0,Finished,49,+28.998
2023,MotoGP,AUT,Race,AUT,T. Nakagami,LCR Honda IDEMITSU,,18.0,0.0,Finished,30,+32.316
2023,MotoGP,AUT,Race,AUT,L. Savadori,Aprilia Racing,,19.0,0.0,Finished,32,+42.392
2023,MotoGP,AUT,Race,AUT,I. Lecuona,LCR Honda CASTROL,,20.0,0.0,Finished,27,+46.239
2023,MotoGP,AUT,Race,AUT,R. Fernandez,CryptoDATA RNF MotoGP Team,,,0.0,DNF,25,27 laps
2023,MotoGP,AUT,Race,AUT,J. Mir,Repsol Honda Team,,,0.0,DNF,36,12 laps
2023,MotoGP,AUT,Race,AUT,M. Oliveira,CryptoDATA RNF MotoGP Team,,,0.0,DNF,88,6 laps
2023,MotoGP,AUT,Sprint,AUT,F. Bagnaia,Ducati Lenovo Team,,1.0,12.0,Finished,1,21:01.844
2023,MotoGP,AUT,Sprint,AUT,B. Binder,Red Bull KTM Factory Racing,,2.0,9.0,Finished,33,+2.056
2023,MotoGP,AUT,Sprint,AUT,J. Martin,Prima Pramac Racing,,3.0,7.0,Finished,89,+5.045
2023,MotoGP,AUT,Sprint,AUT,A. Marquez,Gresini Racing MotoGP,,4.0,6.0,Finished,73,+8.252
2023,MotoGP,AUT,Sprint,AUT,J. Miller,Red Bull KTM Factory Racing,,5.0,5.0,Finished,43,+11.365
2023,MotoGP,AUT,Sprint,AUT,P. Espargaro,GASGAS Factory Racing Tech3,,6.0,4.0,Finished,44,+11.816
2023,MotoGP,AUT,Sprint,AUT,A. Espargaro,Aprilia Racing,,7.0,3.0,Finished,41,+11.960
2023,MotoGP,AUT,Sprint,AUT,M. Viñales,Aprilia Racing,,8.0,2.0,Finished,12,+11.984
2023,MotoGP,AUT,Sprint,AUT,F. Morbidelli,Monster Energy Yamaha MotoGP,,9.0,1.0,Finished,21,+13.634
2023,MotoGP,AUT,Sprint,AUT,M. Marquez,Repsol Honda Team,,10.0,0.0,Finished,93,+14.435
2023,MotoGP,AUT,Sprint,AUT,F. Di Giannantonio,Gresini Racing MotoGP,,11.0,0.0,Finished,49,+15.251
2023,MotoGP,AUT,Sprint,AUT,J. Mir,Repsol Honda Team,,12.0,0.0,Finished,36,+16.740
2023,MotoGP,AUT,Sprint,AUT,E. Bastianini,Ducati Lenovo Team,,13.0,0.0,Finished,23,+18.825
2023,MotoGP,AUT,Sprint,AUT,R. Fernandez,CryptoDATA RNF MotoGP Team,,14.0,0.0,Finished,25,+19.536
2023,MotoGP,AUT,Sprint,AUT,F. Quartararo,Monster Energy Yamaha MotoGP,,15.0,0.0,Finished,20,+22.321
2023,MotoGP,AUT,Sprint,AUT,I. Lecuona,LCR Honda CASTROL,,16.0,0.0,Finished,27,+25.593
2023,MotoGP,AUT,Sprint,AUT,A. Fernandez,GASGAS Factory Racing Tech3,,17.0,0.0,Finished,37,+25.789
2023,MotoGP,AUT,Sprint,AUT,J. Zarco,Prima Pramac Racing,,,0.0,DNF,5,11 laps
2023,MotoGP,AUT,Sprint,AUT,L. Marini,Mooney VR46 Racing Team,,,0.0,DNF,10,6 laps
2023,MotoGP,AUT,Sprint,AUT,L. Savadori,Aprilia Racing,,,0.0,DNF,32,5 laps
2023,MotoGP,AUT,Sprint,AUT,T. Nakagami,LCR Honda IDEMITSU,,,0.0,DNF,30,2 laps
2023,MotoGP,AUT,Sprint,AUT,M. Bezzecchi,Mooney VR46 Racing Team,,,0.0,DNF,72,1 laps
2023,MotoGP,AUT,Sprint,AUT,M. Oliveira,CryptoDATA RNF MotoGP Team,,,0.0,DNF,88,
2023,MotoGP,CAT,Race,CAT,A. Espargaro,Aprilia Racing,,1.0,25.0,Finished,41,38:56.159
2023,MotoGP,CAT,Race,CAT,M. Viñales,Aprilia Racing,,2.0,20.0,Finished,12,+0.377
2023,MotoGP,CAT,Race,CAT,J. Martin,Prima Pramac Racing,,3.0,16.0,Finished,89,+2.831
2023,MotoGP,CAT,Race,CAT,J. Zarco,Prima Pramac Racing,,4.0,13.0,Finished,5,+4.867
2023,MotoGP,CAT,Race,CAT,M. Oliveira,CryptoDATA RNF MotoGP Team,,5.0,11.0,Finished,88,+7.529
2023,MotoGP,CAT,Race,CAT,A. Marquez,Gresini Racing MotoGP,,6.0,10.0,Finished,73,+10.590
2023,MotoGP,CAT,Race,CAT,F. Quartararo,Monster Energy Yamaha MotoGP,,7.0,9.0,Finished,20,+10.821
2023,MotoGP,CAT,Race,CAT,J. Miller,Red Bull KTM Factory Racing,,8.0,8.0,Finished,43,+10.880
2023,MotoGP,CAT,Race,CAT,A. Fernandez,GASGAS Factory Racing Tech3,,9.0,7.0,Finished,37,+12.889
2023,MotoGP,CAT,Race,CAT,F. Di Giannantonio,Gresini Racing MotoGP,,10.0,6.0,Finished,49,+13.280
2023,MotoGP,CAT,Race,CAT,L. Marini,Mooney VR46 Racing Team,,11.0,5.0,Finished,10,+16.491
2023,MotoGP,CAT,Race,CAT,M. Bezzecchi,Mooney VR46 Racing Team,,12.0,4.0,Finished,72,+16.561
2023,MotoGP,CAT,Race,CAT,M. Marquez,Repsol Honda Team,,13.0,3.0,Finished,93,+21.616
2023,MotoGP,CAT,Race,CAT,F. Morbidelli,Monster Energy Yamaha MotoGP,,14.0,2.0,Finished,21,+23.108
2023,MotoGP,CAT,Race,CAT,T. Nakagami,LCR Honda IDEMITSU,,15.0,1.0,Finished,30,+26.740
2023,MotoGP,CAT,Race,CAT,I. Lecuona,LCR Honda CASTROL,,16.0,0.0,Finished,27,+28.860
2023,MotoGP,CAT,Race,CAT,J. Mir,Repsol Honda Team,,17.0,0.0,Finished,36,+33.929
2023,MotoGP,CAT,Race,CAT,R. Fernandez,CryptoDATA RNF MotoGP Team,,,0.0,DNF,25,10 laps
2023,MotoGP,CAT,Race,CAT,B. Binder,Red Bull KTM Factory Racing,,,0.0,DNF,33,3 laps
2023,MotoGP,CAT,Race,CAT,P. Espargaro,GASGAS Factory Racing Tech3,,,0.0,DNF,44,1 laps
2023,MotoGP,CAT,Race,CAT,F. Bagnaia,Ducati Lenovo Team,,,0.0,DNF,1,
2023,MotoGP,CAT,Race,CAT,E. Bastianini,Ducati Lenovo Team,,,0.0,DNF,23,
2023,MotoGP,CAT,Sprint,CAT,A. Espargaro,Aprilia Racing,,1.0,12.0,Finished,41,20:02.744
2023,MotoGP,CAT,Sprint,CAT,F. Bagnaia,Ducati Lenovo Team,,2.0,9.0,Finished,1,+1.989
2023,MotoGP,CAT,Sprint,CAT,M. Viñales,Aprilia Racing,,3.0,7.0,Finished,12,+2.040
2023,MotoGP,CAT,Sprint,CAT,B. Binder,Red Bull KTM Factory Racing,,4.0,6.0,Finished,33,+2.857
2023,MotoGP,CAT,Sprint,CAT,J. Martin,Prima Pramac Racing,,5.0,5.0,Finished,89,+4.341
2023,MotoGP,CAT,Sprint,CAT,M. Oliveira,CryptoDATA RNF MotoGP Team,,6.0,4.0,Finished,88,+4.940
2023,MotoGP,CAT,Sprint,CAT,J. Zarco,Prima Pramac Racing,,7.0,3.0,Finished,5,+6.746
2023,MotoGP,CAT,Sprint,CAT,M. Bezzecchi,Mooney VR46 Racing Team,,8.0,2.0,Finished,72,+6.888
2023,MotoGP,CAT,Sprint,CAT,E. Bastianini,Ducati Lenovo Team,,9.0,1.0,Finished,23,+8.068
2023,MotoGP,CAT,Sprint,CAT,A. Marquez,Gresini Racing MotoGP,,10.0,0.0,Finished,73,+10.380
2023,MotoGP,CAT,Sprint,CAT,M. Marquez,Repsol Honda Team,,11.0,0.0,Finished,93,+11.823
2023,MotoGP,CAT,Sprint,CAT,L. Marini,Mooney VR46 Racing Team,,12.0,0.0,Finished,10,+11.900
2023,MotoGP,CAT,Sprint,CAT,F. Di Giannantonio,Gresini Racing MotoGP,,13.0,0.0,Finished,49,+12.018
2023,MotoGP,CAT,Sprint,CAT,R. Fernandez,CryptoDATA RNF MotoGP Team,,14.0,0.0,Finished,25,+13.284
2023,MotoGP,CAT,Sprint,CAT,F. Morbidelli,Monster Energy Yamaha MotoGP,,15.0,0.0,Finished,21,+16.207
2023,MotoGP,CAT,Sprint,CAT,J. Miller,Red Bull KTM Factory Racing,,16.0,0.0,Finished,43,+16.404
2023,MotoGP,CAT,Sprint,CAT,A. Fernandez,GASGAS Factory Racing Tech3,,17.0,0.0,Finished,37,+16.534
2023,MotoGP,CAT,Sprint,CAT,F. Quartararo,Monster Energy Yamaha MotoGP,,18.0,0.0,Finished,20,+17.147
2023,MotoGP,CAT,Sprint,CAT,I. Lecuona,LCR Honda CASTROL,,19.0,0.0,Finished,27,+18.658
2023,MotoGP,CAT,Sprint,CAT,T. Nakagami,LCR Honda IDEMITSU,,20.0,0.0,Finished,30,+19.080
2023,MotoGP,CAT,Sprint,CAT,J. Mir,Repsol Honda Team,,21.0,0.0,Finished,36,+19.574
2023,MotoGP,CAT,Sprint,CAT,P. Espargaro,GASGAS Factory Racing Tech3,,,0.0,DNF,44,3 laps
2023,MotoGP,FRA,Race,FRA,M. Bezzecchi,Mooney VR46 Racing Team,,1.0,25.0,Finished,72,41:37.970
2023,MotoGP,FRA,Race,FRA,J. Martin,Prima Pramac Racing,,2.0,20.0,Finished,89,+4.256
2023,MotoGP,FRA,Race,FRA,J. Zarco,Prima Pramac Racing,,3.0,16.0,Finished,5,+4.795
2023,MotoGP,FRA,Race,FRA,A. Fernandez,GASGAS Factory Racing Tech3,,4.0,13.0,Finished,37,+6.281
2023,MotoGP,FRA,Race,FRA,A. Espargaro,Aprilia Racing,,5.0,11.0,Finished,41,+6.726
2023,MotoGP,FRA,Race,FRA,B. Binder,Red Bull KTM Factory Racing,,6.0,10.0,Finished,33,+13.638
2023,MotoGP,FRA,Race,FRA,F. Quartararo,Monster Energy Yamaha MotoGP,,7.0,9.0,Finished,20,+15.023
2023,MotoGP,FRA,Race,FRA,F. Di Giannantonio,Gresini Racing MotoGP,,8.0,8.0,Finished,49,+15.826
2023,MotoGP,FRA,Race,FRA,T. Nakagami,LCR Honda IDEMITSU,,9.0,7.0,Finished,30,+16.370
2023,MotoGP,FRA,Race,FRA,F. Morbidelli,Monster Energy Yamaha MotoGP,,10.0,6.0,Finished,21,+17.828
2023,MotoGP,FRA,Race,FRA,D. Petrucci,Ducati Lenovo Team,,11.0,5.0,Finished,9,+29.735
2023,MotoGP,FRA,Race,FRA,L. Savadori,CryptoDATA RNF MotoGP Team,,12.0,4.0,Finished,32,+36.135
2023,MotoGP,FRA,Race,FRA,J. Folger,GASGAS Factory Racing Tech3,,13.0,3.0,Finished,94,+49.808
2023,MotoGP,FRA,Race,FRA,M. Marquez,Repsol Honda Team,,,0.0,DNF,93,25 laps
2023,MotoGP,FRA,Race,FRA,J. Miller,Red Bull KTM Factory Racing,,,0.0,DNF,43,24 laps
2023,MotoGP,FRA,Race,FRA,A. Rins,LCR Honda CASTROL,,,0.0,DNF,42,14 laps
2023,MotoGP,FRA,Race,FRA,J. Mir,Repsol Honda Team,,,0.0,DNF,36,12 laps
2023,MotoGP,FRA,Race,FRA,A. Marquez,Gresini Racing MotoGP,,,0.0,DNF,73,5 laps
2023,MotoGP,FRA,Race,FRA,L. Marini,Mooney VR46 Racing Team,,,0.0,DNF,10,5 laps
2023,MotoGP,FRA,Race,FRA,M. Viñales,Aprilia Racing,,,0.0,DNF,12,4 laps
2023,MotoGP,FRA,Race,FRA,F. Bagnaia,Ducati Lenovo Team,,,0.0,DNF,1,4 laps
2023,MotoGP,FRA,Sprint,FRA,J. Martin,Prima Pramac Racing,,1.0,12.0,Finished,89,19:59.037
2023,MotoGP,FRA,Sprint,FRA,B. Binder,Red Bull KTM Factory Racing,,2.0,9.0,Finished,33,+1.840
2023,MotoGP,FRA,Sprint,FRA,F. Bagnaia,Ducati Lenovo Team,,3.0,7.0,Finished,1,+2.632
2023,MotoGP,FRA,Sprint,FRA,L. Marini,Mooney VR46 Racing Team,,4.0,6.0,Finished,10,+3.418
2023,MotoGP,FRA,Sprint,FRA,M. Marquez,Repsol Honda Team,,5.0,5.0,Finished,93,+3.541
2023,MotoGP,FRA,Sprint,FRA,J. Zarco,Prima Pramac Racing,,6.0,4.0,Finished,5,+4.483
2023,MotoGP,FRA,Sprint,FRA,M. Bezzecchi,Mooney VR46 Racing Team,,7.0,3.0,Finished,72,+5.224
2023,MotoGP,FRA,Sprint,FRA,A. Espargaro,Aprilia Racing,,8.0,2.0,Finished,41,+6.359
2023,MotoGP,FRA,Sprint,FRA,M. Viñales,Aprilia Racing,,9.0,1.0,Finished,12,+8.336
2023,MotoGP,FRA,Sprint,FRA,T. Nakagami,LCR Honda IDEMITSU,,10.0,0.0,Finished,30,+9.439
2023,MotoGP,FRA,Sprint,FRA,A. Rins,LCR Honda CASTROL,,11.0,0.0,Finished,42,+12.388
2023,MotoGP,FRA,Sprint,FRA,F. Di Giannantonio,Gresini Racing MotoGP,,12.0,0.0,Finished,49,+14.125
2023,MotoGP,FRA,Sprint,FRA,F. Morbidelli,Monster Energy Yamaha MotoGP,,13.0,0.0,Finished,21,+15.121
2023,MotoGP,FRA,Sprint,FRA,J. Mir,Repsol Honda Team,,14.0,0.0,Finished,36,+15.383
2023,MotoGP,FRA,Sprint,FRA,A. Marquez,Gresini Racing MotoGP,,15.0,0.0,Finished,73,+15.591
2023,MotoGP,FRA,Sprint,FRA,D. Petrucci,Ducati Lenovo Team,,16.0,0.0,Finished,9,+19.415
2023,MotoGP,FRA,Sprint,FRA,L. Savadori,CryptoDATA RNF MotoGP Team,,17.0,0.0,Finished,32,+26.992
2023,MotoGP,FRA,Sprint,FRA,F. Quartararo,Monster Energy Yamaha MotoGP,,,0.0,DNF,20,9 laps
2023,MotoGP,FRA,Sprint,FRA,J. Folger,GASGAS Factory Racing Tech3,,,0.0,DNF,94,8 laps
2023,MotoGP,FRA,Sprint,FRA,A. Fernandez,GASGAS Factory Racing Tech3,,,0.0,DNF,37,5 laps
2023,MotoGP,FRA,Sprint,FRA,J. Miller,Red Bull KTM Factory Racing,,,0.0,DNF,43,1 laps
2023,MotoGP,GBR,Race,GBR,A. Espargaro,Aprilia Racing,,1.0,25.0,Finished,41,40:40.367
2023,MotoGP,GBR,Race,GBR,F. Bagnaia,Ducati Lenovo Team,,2.0,20.0,Finished,1,+0.215
2023,MotoGP,GBR,Race,GBR,B. Binder,Red Bull KTM Factory Racing,,3.0,16.0,Finished,33,+0.680
2023,MotoGP,GBR,Race,GBR,M. Oliveira,CryptoDATA RNF MotoGP Team,,4.0,13.0,Finished,88,+0.750
2023,MotoGP,GBR,Race,GBR,M. Viñales,Aprilia Racing,,5.0,11.0,Finished,12,+2.101
2023,MotoGP,GBR,Race,GBR,J. Martin,Prima Pramac Racing,,6.0,10.0,Finished,89,+7.903
2023,MotoGP,GBR,Race,GBR,L. Marini,Mooney VR46 Racing Team,,7.0,9.0,Finished,10,+9.099
2023,MotoGP,GBR,Race,GBR,J. Miller,Red Bull KTM Factory Racing,,8.0,8.0,Finished,43,+9.298
2023,MotoGP,GBR,Race,GBR,J. Zarco,Prima Pramac Racing,,9.0,7.0,Finished,5,+9.958
2023,MotoGP,GBR,Race,GBR,R. Fernandez,CryptoDATA RNF MotoGP Team,,10.0,6.0,Finished,25,+19.947
2023,MotoGP,GBR,Race,GBR,A. Fernandez,GASGAS Factory Racing Tech3,,11.0,5.0,Finished,37,+20.296
2023,MotoGP,GBR,Race,GBR,P. Espargaro,GASGAS Factory Racing Tech3,,12.0,4.0,Finished,44,+66.120
2023,MotoGP,GBR,Race,GBR,F. Di Giannantonio,Gresini Racing MotoGP,,13.0,3.0,Finished,49,+87.605
2023,MotoGP,GBR,Race,GBR,F. Morbidelli,Monster Energy Yamaha MotoGP,,14.0,2.0,Finished,21,+88.913
2023,MotoGP,GBR,Race,GBR,F. Quartararo,Monster Energy Yamaha MotoGP,,15.0,1.0,Finished,20,+89.075
2023,MotoGP,GBR,Race,GBR,T. Nakagami,LCR Honda IDEMITSU,,16.0,0.0,Finished,30,+98.573
2023,MotoGP,GBR,Race,GBR,I. Lecuona,LCR Honda CASTROL,,17.0,0.0,Finished,27,+109.674
2023,MotoGP,GBR,Race,GBR,E. Bastianini,Ducati Lenovo Team,,,0.0,DNF,23,16 laps
2023,MotoGP,GBR,Race,GBR,M. Marquez,Repsol Honda Team,,,0.0,DNF,93,14 laps
2023,MotoGP,GBR,Race,GBR,A. Marquez,Gresini Racing MotoGP,,,0.0,DNF,73,5 laps
2023,MotoGP,GBR,Race,GBR,M. Bezzecchi,Mooney VR46 Racing Team,,,0.0,DNF,72,5 laps
2023,MotoGP,GBR,Race,GBR,J. Mir,Repsol Honda Team,,,0.0,DNF,36,2 laps
2023,MotoGP,GBR,Sprint,GBR,A. Marquez,Gresini Racing MotoGP,,1.0,12.0,Finished,73,21:52.317
2023,MotoGP,GBR,Sprint,GBR,M. Bezzecchi,Mooney VR46 Racing Team,,2.0,9.0,Finished,72,+0.366
2023,MotoGP,GBR,Sprint,GBR,M. Viñales,Aprilia Racing,,3.0,7.0,Finished,12,+3.374
2023,MotoGP,GBR,Sprint,GBR,J. Zarco,Prima Pramac Racing,,4.0,6.0,Finished,5,+5.671
2023,MotoGP,GBR,Sprint,GBR,A. Espargaro,Aprilia Racing,,5.0,5.0,Finished,41,+6.068
2023,MotoGP,GBR,Sprint,GBR,J. Martin,Prima Pramac Racing,,6.0,4.0,Finished,89,+7.294
2023,MotoGP,GBR,Sprint,GBR,J. Miller,Red Bull KTM Factory Racing,,7.0,3.0,Finished,43,+9.415
2023,MotoGP,GBR,Sprint,GBR,A. Fernandez,GASGAS Factory Racing Tech3,,8.0,2.0,Finished,37,+9.850
2023,MotoGP,GBR,Sprint,GBR,B. Binder,Red Bull KTM Factory Racing,,9.0,1.0,Finished,33,+10.435
2023,MotoGP,GBR,Sprint,GBR,M. Oliveira,CryptoDATA RNF MotoGP Team,,10.0,0.0,Finished,88,+11.247
2023,MotoGP,GBR,Sprint,GBR,L. Marini,Mooney VR46 Racing Team,,11.0,0.0,Finished,10,+17.365
2023,MotoGP,GBR,Sprint,GBR,F. Di Giannantonio,Gresini Racing MotoGP,,12.0,0.0,Finished,49,+20.063
2023,MotoGP,GBR,Sprint,GBR,E. Bastianini,Ducati Lenovo Team,,13.0,0.0,Finished,23,+24.352
2023,MotoGP,GBR,Sprint,GBR,F. Bagnaia,Ducati Lenovo Team,,14.0,0.0,Finished,1,+25.527
2023,MotoGP,GBR,Sprint,GBR,F. Morbidelli,Monster Energy Yamaha MotoGP,,15.0,0.0,Finished,21,+27.191
2023,MotoGP,GBR,Sprint,GBR,P. Espargaro,GASGAS Factory Racing Tech3,,16.0,0.0,Finished,44,+27.693
2023,MotoGP,GBR,Sprint,GBR,J. Mir,Repsol Honda Team,,17.0,0.0,Finished,36,+29.062
2023,MotoGP,GBR,Sprint,GBR,M. Marquez,Repsol Honda Team,,18.0,0.0,Finished,93,+29.326
2023,MotoGP,GBR,Sprint,GBR,R. Fernandez,CryptoDATA RNF MotoGP Team,,19.0,0.0,Finished,25,+29.627
2023,MotoGP,GBR,Sprint,GBR,T. Nakagami,LCR Honda IDEMITSU,,20.0,0.0,Finished,30,+29.909
2023,MotoGP,GBR,Sprint,GBR,F. Quartararo,Monster Energy Yamaha MotoGP,,21.0,0.0,Finished,20,+30.326
2023,MotoGP,GBR,Sprint,GBR,I. Lecuona,LCR Honda CASTROL,,22.0,0.0,Finished,27,+47.674
2023,MotoGP,GER,Race,GER,J. Martin,Prima Pramac Racing,,1.0,25.0,Finished,89,40:52.449
2023,MotoGP,GER,Race,GER,F. Bagnaia,Ducati Lenovo Team,,2.0,20.0,Finished,1,+0.064
2023,MotoGP,GER,Race,GER,J. Zarco,Prima Pramac Racing,,3.0,16.0,Finished,5,+7.013
2023,MotoGP,GER,Race,GER,M. Bezzecchi,Mooney VR46 Racing Team,,4.0,13.0,Finished,72,+8.430
2023,MotoGP,GER,Race,GER,L. Marini,Mooney VR46 Racing Team,,5.0,11.0,Finished,10,+11.679
2023,MotoGP,GER,Race,GER,J. Miller,Red Bull KTM Factory Racing,,6.0,10.0,Finished,43,+11.904
2023,MotoGP,GER,Race,GER,A. Marquez,Gresini Racing MotoGP,,7.0,9.0,Finished,73,+14.040
2023,MotoGP,GER,Race,GER,E. Bastianini,Ducati Lenovo Team,,8.0,8.0,Finished,23,+14.859
2023,MotoGP,GER,Race,GER,F. Di Giannantonio,Gresini Racing MotoGP,,9.0,7.0,Finished,49,+17.061
2023,MotoGP,GER,Race,GER,M. Oliveira,CryptoDATA RNF MotoGP Team,,10.0,6.0,Finished,88,+19.648
2023,MotoGP,GER,Race,GER,A. Fernandez,GASGAS Factory Racing Tech3,,11.0,5.0,Finished,37,+19.997
2023,MotoGP,GER,Race,GER,F. Morbidelli,Monster Energy Yamaha MotoGP,,12.0,4.0,Finished,21,+22.949
2023,MotoGP,GER,Race,GER,F. Quartararo,Monster Energy Yamaha MotoGP,,13.0,3.0,Finished,20,+25.117
2023,MotoGP,GER,Race,GER,T. Nakagami,LCR Honda IDEMITSU,,14.0,2.0,Finished,30,+25.327
2023,MotoGP,GER,Race,GER,R. Fernandez,CryptoDATA RNF MotoGP Team,,15.0,1.0,Finished,25,+25.503
2023,MotoGP,GER,Race,GER,A. Espargaro,Aprilia Racing,,16.0,0.0,Finished,41,+28.543
2023,MotoGP,GER,Race,GER,J. Folger,GASGAS Factory Racing Tech3,,17.0,0.0,Finished,94,+48.962
2023,MotoGP,GER,Race,GER,B. Binder,Red Bull KTM Factory Racing,,,0.0,DNF,33,18 laps
2023,MotoGP,GER,Race,GER,M. Viñales,Aprilia Racing,,,0.0,DNF,12,8 laps
2023,MotoGP,GER,Sprint,GER,J. Martin,Prima Pramac Racing,,1.0,12.0,Finished,89,20:21.871
2023,MotoGP,GER,Sprint,GER,F. Bagnaia,Ducati Lenovo Team,,2.0,9.0,Finished,1,+2.468
2023,MotoGP,GER,Sprint,GER,J. Miller,Red Bull KTM Factory Racing,,3.0,7.0,Finished,43,+3.287
2023,MotoGP,GER,Sprint,GER,L. Marini,Mooney VR46 Racing Team,,4.0,6.0,Finished,10,+5.487
2023,MotoGP,GER,Sprint,GER,J. Zarco,Prima Pramac Racing,,5.0,5.0,Finished,5,+5.538
2023,MotoGP,GER,Sprint,GER,B. Binder,Red Bull KTM Factory Racing,,6.0,4.0,Finished,33,+6.289
2023,MotoGP,GER,Sprint,GER,M. Bezzecchi,Mooney VR46 Racing Team,,7.0,3.0,Finished,72,+6.956
2023,MotoGP,GER,Sprint,GER,A. Marquez,Gresini Racing MotoGP,,8.0,2.0,Finished,73,+9.261
2023,MotoGP,GER,Sprint,GER,A. Espargaro,Aprilia Racing,,9.0,1.0,Finished,41,+9.691
2023,MotoGP,GER,Sprint,GER,E. Bastianini,Ducati Lenovo Team,,10.0,0.0,Finished,23,+9.715
2023,MotoGP,GER,Sprint,GER,M. Marquez,Repsol Honda Team,,11.0,0.0,Finished,93,+10.828
2023,MotoGP,GER,Sprint,GER,F. Di Giannantonio,Gresini Racing MotoGP,,12.0,0.0,Finished,49,+10.905
2023,MotoGP,GER,Sprint,GER,F. Quartararo,Monster Energy Yamaha MotoGP,,13.0,0.0,Finished,20,+11.366
2023,MotoGP,GER,Sprint,GER,A. Fernandez,GASGAS Factory Racing Tech3,,14.0,0.0,Finished,37,+12.593
2023,MotoGP,GER,Sprint,GER,F. Morbidelli,Monster Energy Yamaha MotoGP,,15.0,0.0,Finished,21,+12.905
2023,MotoGP,GER,Sprint,GER,M. Oliveira,CryptoDATA RNF MotoGP Team,,16.0,0.0,Finished,88,+13.837
2023,MotoGP,GER,Sprint,GER,T. Nakagami,LCR Honda IDEMITSU,,17.0,0.0,Finished,30,+14.505
2023,MotoGP,GER,Sprint,GER,R. Fernandez,CryptoDATA RNF MotoGP Team,,18.0,0.0,Finished,25,+28.959
2023,MotoGP,GER,Sprint,GER,M. Viñales,Aprilia Racing,,,0.0,DNF,12,11 laps
2023,MotoGP,GER,Sprint,GER,J. Folger,GASGAS Factory Racing Tech3,,,0.0,DNF,94,6 laps
2023,MotoGP,INA,Race,INA,F. Bagnaia,Ducati Lenovo Team,,1.0,25.0,Finished,1,41:20.293
2023,MotoGP,INA,Race,INA,M. Viñales,Aprilia Racing,,2.0,20.0,Finished,12,+0.306
2023,MotoGP,INA,Race,INA,F. Quartararo,Monster Energy Yamaha MotoGP,,3.0,16.0,Finished,20,+0.433
2023,MotoGP,INA,Race,INA,F. Di Giannantonio,Gresini Racing MotoGP,,4.0,13.0,Finished,49,+6.962
2023,MotoGP,INA,Race,INA,M. Bezzecchi,Mooney VR46 Racing Team,,5.0,11.0,Finished,72,+11.111
2023,MotoGP,INA,Race,INA,B. Binder,Red Bull KTM Factory Racing,,6.0,10.0,Finished,33,+11.228
2023,MotoGP,INA,Race,INA,J. Miller,Red Bull KTM Factory Racing,,7.0,9.0,Finished,43,+12.474
2023,MotoGP,INA,Race,INA,E. Bastianini,Ducati Lenovo Team,,8.0,8.0,Finished,23,+12.684
2023,MotoGP,INA,Race,INA,A. Rins,LCR Honda CASTROL,,9.0,7.0,Finished,42,+22.540
2023,MotoGP,INA,Race,INA,A. Espargaro,Aprilia Racing,,10.0,6.0,Finished,41,+30.468
2023,MotoGP,INA,Race,INA,T. Nakagami,LCR Honda IDEMITSU,,11.0,5.0,Finished,30,+30.823
2023,MotoGP,INA,Race,INA,M. Oliveira,CryptoDATA RNF MotoGP Team,,12.0,4.0,Finished,88,+36.639
2023,MotoGP,INA,Race,INA,R. Fernandez,CryptoDATA RNF MotoGP Team,,13.0,3.0,Finished,25,+42.864
2023,MotoGP,INA,Race,INA,F. Morbidelli,Monster Energy Yamaha MotoGP,,14.0,2.0,Finished,21,+0.000
2023,MotoGP,INA,Race,INA,J. Zarco,Prima Pramac Racing,,,0.0,DNF,5,14 laps
2023,MotoGP,INA,Race,INA,J. Martin,Prima Pramac Racing,,,0.0,DNF,89,12 laps
2023,MotoGP,INA,Race,INA,A. Fernandez,GASGAS Factory Racing Tech3,,,0.0,DNF,37,11 laps
2023,MotoGP,INA,Race,INA,J. Mir,Repsol Honda Team,,,0.0,DNF,36,11 laps
2023,MotoGP,INA,Race,INA,M. Marquez,Repsol Honda Team,,,0.0,DNF,93,7 laps
2023,MotoGP,INA,Race,INA,L. Marini,Mooney VR46 Racing Team,,,0.0,DNF,10,4 laps
2023,MotoGP,INA,Race,INA,P. Espargaro,GASGAS Factory Racing Tech3,,,0.0,DNF,44,1 laps
2023,MotoGP,INA,Sprint,INA,J. Martin,Prima Pramac Racing,,1.0,12.0,Finished,89,19:49.711
2023,MotoGP,INA,Sprint,INA,L. Marini,Mooney VR46 Racing Team,,2.0,9.0,Finished,10,+1.131
2023,MotoGP,INA,Sprint,INA,M. Bezzecchi,Mooney VR46 Racing Team,,3.0,7.0,Finished,72,+2.081
2023,MotoGP,INA,Sprint,INA,M. Viñales,Aprilia Racing,,4.0,6.0,Finished,12,+2.720
2023,MotoGP,INA,Sprint,INA,F. Quartararo,Monster Energy Yamaha MotoGP,,5.0,5.0,Finished,20,+3.121
2023,MotoGP,INA,Sprint,INA,F. Di Giannantonio,Gresini Racing MotoGP,,6.0,4.0,Finished,49,+4.203
2023,MotoGP,INA,Sprint,INA,E. Bastianini,Ducati Lenovo Team,,7.0,3.0,Finished,23,+4.981
2023,MotoGP,INA,Sprint,INA,F. Bagnaia,Ducati Lenovo Team,,8.0,2.0,Finished,1,+5.465
2023,MotoGP,INA,Sprint,INA,J. Miller,Red Bull KTM Factory Racing,,9.0,1.0,Finished,43,+7.852
2023,MotoGP,INA,Sprint,INA,M. Oliveira,CryptoDATA RNF MotoGP Team,,10.0,0.0,Finished,88,+8.942
2023,MotoGP,INA,Sprint,INA,T. Nakagami,LCR Honda IDEMITSU,,11.0,0.0,Finished,30,+12.034
2023,MotoGP,INA,Sprint,INA,J. Zarco,Prima Pramac Racing,,12.0,0.0,Finished,5,+14.015
2023,MotoGP,INA,Sprint,INA,A. Fernandez,GASGAS Factory Racing Tech3,,13.0,0.0,Finished,37,+14.823
2023,MotoGP,INA,Sprint,INA,R. Fernandez,CryptoDATA RNF MotoGP Team,,14.0,0.0,Finished,25,+15.699
2023,MotoGP,INA,Sprint,INA,F. Morbidelli,Monster Energy Yamaha MotoGP,,15.0,0.0,Finished,21,+23.331
2023,MotoGP,INA,Sprint,INA,J. Mir,Repsol Honda Team,,16.0,0.0,Finished,36,+24.894
2023,MotoGP,INA,Sprint,INA,P. Espargaro,GASGAS Factory Racing Tech3,,17.0,0.0,Finished,44,+27.169
2023,MotoGP,INA,Sprint,INA,A. Rins,LCR Honda CASTROL,,18.0,0.0,Finished,42,+28.980
2023,MotoGP,INA,Sprint,INA,B. Binder,Red Bull KTM Factory Racing,,19.0,0.0,Finished,33,+43.090
2023,MotoGP,INA,Sprint,INA,A. Espargaro,Aprilia Racing,,,0.0,DNF,41,7 laps
2023,MotoGP,INA,Sprint,INA,M. Marquez,Repsol Honda Team,,,0.0,DNF,93,
2023,MotoGP,IND,Race,IND,M. Bezzecchi,Mooney VR46 Racing Team,,1.0,25.0,Finished,72,36:59.157
2023,MotoGP,IND,Race,IND,J. Martin,Prima Pramac Racing,,2.0,20.0,Finished,89,+8.649
2023,MotoGP,IND,Race,IND,F. Quartararo,Monster Energy Yamaha MotoGP,,3.0,16.0,Finished,20,+8.855
2023,MotoGP,IND,Race,IND,B. Binder,Red Bull KTM Factory Racing,,4.0,13.0,Finished,33,+12.643
2023,MotoGP,IND,Race,IND,J. Mir,Repsol Honda Team,,5.0,11.0,Finished,36,+13.214
2023,MotoGP,IND,Race,IND,J. Zarco,Prima Pramac Racing,,6.0,10.0,Finished,5,+14.673
2023,MotoGP,IND,Race,IND,F. Morbidelli,Monster Energy Yamaha MotoGP,,7.0,9.0,Finished,21,+16.946
2023,MotoGP,IND,Race,IND,M. Viñales,Aprilia Racing,,8.0,8.0,Finished,12,+17.191
2023,MotoGP,IND,Race,IND,M. Marquez,Repsol Honda Team,,9.0,7.0,Finished,93,+19.118
2023,MotoGP,IND,Race,IND,R. Fernandez,CryptoDATA RNF MotoGP Team,,10.0,6.0,Finished,25,+26.504
2023,MotoGP,IND,Race,IND,T. Nakagami,LCR Honda IDEMITSU,,11.0,5.0,Finished,30,+28.521
2023,MotoGP,IND,Race,IND,M. Oliveira,CryptoDATA RNF MotoGP Team,,12.0,4.0,Finished,88,+29.088
2023,MotoGP,IND,Race,IND,P. Espargaro,GASGAS Factory Racing Tech3,,13.0,3.0,Finished,44,+29.728
2023,MotoGP,IND,Race,IND,J. Miller,Red Bull KTM Factory Racing,,14.0,2.0,Finished,43,+31.324
2023,MotoGP,IND,Race,IND,S. Bradl,LCR Honda CASTROL,,15.0,1.0,Finished,6,+35.782
2023,MotoGP,IND,Race,IND,M. Pirro,Ducati Lenovo Team,,16.0,0.0,Finished,51,+49.242
2023,MotoGP,IND,Race,IND,F. Di Giannantonio,Gresini Racing MotoGP,,,0.0,DNF,49,19 laps
2023,MotoGP,IND,Race,IND,F. Bagnaia,Ducati Lenovo Team,,,0.0,DNF,1,13 laps
2023,MotoGP,IND,Race,IND,A. Espargaro,Aprilia Racing,,,0.0,DNF,41,11 laps
2023,MotoGP,IND,Race,IND,A. Fernandez,GASGAS Factory Racing Tech3,,,0.0,DNF,37,6 laps
2023,MotoGP,IND,Sprint,IND,J. Martin,Prima Pramac Racing,,1.0,12.0,Finished,89,19:18.836
2023,MotoGP,IND,Sprint,IND,F. Bagnaia,Ducati Lenovo Team,,2.0,9.0,Finished,1,+1.389
2023,MotoGP,IND,Sprint,IND,M. Marquez,Repsol Honda Team,,3.0,7.0,Finished,93,+2.405
2023,MotoGP,IND,Sprint,IND,B. Binder,Red Bull KTM Factory Racing,,4.0,6.0,Finished,33,+2.904
2023,MotoGP,IND,Sprint,IND,M. Bezzecchi,Mooney VR46 Racing Team,,5.0,5.0,Finished,72,+3.266
2023,MotoGP,IND,Sprint,IND,F. Quartararo,Monster Energy Yamaha MotoGP,,6.0,4.0,Finished,20,+4.327
2023,MotoGP,IND,Sprint,IND,J. Miller,Red Bull KTM Factory Racing,,7.0,3.0,Finished,43,+7.172
2023,MotoGP,IND,Sprint,IND,M. Viñales,Aprilia Racing,,8.0,2.0,Finished,12,+8.798
2023,MotoGP,IND,Sprint,IND,R. Fernandez,CryptoDATA RNF MotoGP Team,,9.0,1.0,Finished,25,+10.530
2023,MotoGP,IND,Sprint,IND,F. Di Giannantonio,Gresini Racing MotoGP,,10.0,0.0,Finished,49,+10.826
2023,MotoGP,IND,Sprint,IND,A. Fernandez,GASGAS Factory Racing Tech3,,11.0,0.0,Finished,37,+11.456
2023,MotoGP,IND,Sprint,IND,M. Oliveira,CryptoDATA RNF MotoGP Team,,12.0,0.0,Finished,88,+15.415
2023,MotoGP,IND,Sprint,IND,T. Nakagami,LCR Honda IDEMITSU,,13.0,0.0,Finished,30,+17.437
2023,MotoGP,IND,Sprint,IND,M. Pirro,Ducati Lenovo Team,,14.0,0.0,Finished,51,+23.714
2023,MotoGP,IND,Sprint,IND,F. Morbidelli,Monster Energy Yamaha MotoGP,,15.0,0.0,Finished,21,+36.468
2023,MotoGP,IND,Sprint,IND,A. Espargaro,Aprilia Racing,,,0.0,DNF,41,7 laps
2023,MotoGP,IND,Sprint,IND,J. Zarco,Prima Pramac Racing,,,0.0,DNF,5,6 laps
2023,MotoGP,IND,Sprint,IND,J. Mir,Repsol Honda Team,,,0.0,DNF,36,3 laps
2023,MotoGP,IND,Sprint,IND,P. Espargaro,GASGAS Factory Racing Tech3,,,0.0,DNF,44,
2023,MotoGP,IND,Sprint,IND,S. Bradl,LCR Honda CASTROL,,,0.0,DNF,6,
2023,MotoGP,IND,Sprint,IND,L. Marini,Mooney VR46 Racing Team,,,0.0,DNF,10,
2023,MotoGP,ITA,Race,ITA,F. Bagnaia,Ducati Lenovo Team,,1.0,25.0,Finished,1,41:16.863
2023,MotoGP,ITA,Race,ITA,J. Martin,Prima Pramac Racing,,2.0,20.0,Finished,89,+1.067
2023,MotoGP,ITA,Race,ITA,J. Zarco,Prima Pramac Racing,,3.0,16.0,Finished,5,+1.977
2023,MotoGP,ITA,Race,ITA,L. Marini,Mooney VR46 Racing Team,,4.0,13.0,Finished,10,+4.625
2023,MotoGP,ITA,Race,ITA,B. Binder,Red Bull KTM Factory Racing,,5.0,11.0,Finished,33,+8.925
2023,MotoGP,ITA,Race,ITA,A. Espargaro,Aprilia Racing,,6.0,10.0,Finished,41,+10.908
2023,MotoGP,ITA,Race,ITA,J. Miller,Red Bull KTM Factory Racing,,7.0,9.0,Finished,43,+10.999
2023,MotoGP,ITA,Race,ITA,M. Bezzecchi,Mooney VR46 Racing Team,,8.0,8.0,Finished,72,+12.654
2023,MotoGP,ITA,Race,ITA,E. Bastianini,Ducati Lenovo Team,,9.0,7.0,Finished,23,+17.102
2023,MotoGP,ITA,Race,ITA,F. Morbidelli,Monster Energy Yamaha MotoGP,,10.0,6.0,Finished,21,+17.610
2023,MotoGP,ITA,Race,ITA,F. Quartararo,Monster Energy Yamaha MotoGP,,11.0,5.0,Finished,20,+17.861
2023,MotoGP,ITA,Race,ITA,M. Viñales,Aprilia Racing,,12.0,4.0,Finished,12,+19.110
2023,MotoGP,ITA,Race,ITA,T. Nakagami,LCR Honda IDEMITSU,,13.0,3.0,Finished,30,+21.947
2023,MotoGP,ITA,Race,ITA,F. Di Giannantonio,Gresini Racing MotoGP,,14.0,2.0,Finished,49,+25.906
2023,MotoGP,ITA,Race,ITA,A. Fernandez,GASGAS Factory Racing Tech3,,15.0,1.0,Finished,37,+26.500
2023,MotoGP,ITA,Race,ITA,M. Pirro,Aruba.it Racing,,16.0,0.0,Finished,51,+30.150
2023,MotoGP,ITA,Race,ITA,R. Fernandez,CryptoDATA RNF MotoGP Team,,17.0,0.0,Finished,25,+38.001
2023,MotoGP,ITA,Race,ITA,L. Savadori,Aprilia Racing,,18.0,0.0,Finished,32,+38.662
2023,MotoGP,ITA,Race,ITA,J. Folger,GASGAS Factory Racing Tech3,,19.0,0.0,Finished,94,+78.912
2023,MotoGP,ITA,Race,ITA,A. Marquez,Gresini Racing MotoGP,,,0.0,DNF,73,14 laps
2023,MotoGP,ITA,Race,ITA,M. Oliveira,CryptoDATA RNF MotoGP Team,,,0.0,DNF,88,10 laps
2023,MotoGP,ITA,Race,ITA,M. Marquez,Repsol Honda Team,,,0.0,DNF,93,5 laps
2023,MotoGP,ITA,Sprint,ITA,F. Bagnaia,Ducati Lenovo Team,,1.0,12.0,Finished,1,19:41.183
2023,MotoGP,ITA,Sprint,ITA,M. Bezzecchi,Mooney VR46 Racing Team,,2.0,9.0,Finished,72,+0.369
2023,MotoGP,ITA,Sprint,ITA,J. Martin,Prima Pramac Racing,,3.0,7.0,Finished,89,+0.952
2023,MotoGP,ITA,Sprint,ITA,J. Zarco,Prima Pramac Racing,,4.0,6.0,Finished,5,+1.009
2023,MotoGP,ITA,Sprint,ITA,L. Marini,Mooney VR46 Racing Team,,5.0,5.0,Finished,10,+3.668
2023,MotoGP,ITA,Sprint,ITA,J. Miller,Red Bull KTM Factory Racing,,6.0,4.0,Finished,43,+3.772
2023,MotoGP,ITA,Sprint,ITA,M. Marquez,Repsol Honda Team,,7.0,3.0,Finished,93,+3.905
2023,MotoGP,ITA,Sprint,ITA,A. Espargaro,Aprilia Racing,,8.0,2.0,Finished,41,+6.062
2023,MotoGP,ITA,Sprint,ITA,E. Bastianini,Ducati Lenovo Team,,9.0,1.0,Finished,23,+6.431
2023,MotoGP,ITA,Sprint,ITA,F. Quartararo,Monster Energy Yamaha MotoGP,,10.0,0.0,Finished,20,+6.458
2023,MotoGP,ITA,Sprint,ITA,B. Binder,Red Bull KTM Factory Racing,,11.0,0.0,Finished,33,+6.672
2023,MotoGP,ITA,Sprint,ITA,M. Oliveira,CryptoDATA RNF MotoGP Team,,12.0,0.0,Finished,88,+7.930
2023,MotoGP,ITA,Sprint,ITA,M. Viñales,Aprilia Racing,,13.0,0.0,Finished,12,+9.022
2023,MotoGP,ITA,Sprint,ITA,F. Di Giannantonio,Gresini Racing MotoGP,,14.0,0.0,Finished,49,+11.508
2023,MotoGP,ITA,Sprint,ITA,M. Pirro,Aruba.it Racing,,15.0,0.0,Finished,51,+14.344
2023,MotoGP,ITA,Sprint,ITA,F. Morbidelli,Monster Energy Yamaha MotoGP,,16.0,0.0,Finished,21,+16.666
2023,MotoGP,ITA,Sprint,ITA,T. Nakagami,LCR Honda IDEMITSU,,17.0,0.0,Finished,30,+16.725
2023,MotoGP,ITA,Sprint,ITA,L. Savadori,Aprilia Racing,,18.0,0.0,Finished,32,+17.247
2023,MotoGP,ITA,Sprint,ITA,R. Fernandez,CryptoDATA RNF MotoGP Team,,19.0,0.0,Finished,25,+21.596
2023,MotoGP,ITA,Sprint,ITA,A. Fernandez,GASGAS Factory Racing Tech3,,20.0,0.0,Finished,37,+35.212
2023,MotoGP,ITA,Sprint,ITA,J. Folger,GASGAS Factory Racing Tech3,,21.0,0.0,Finished,94,+46.189
2023,MotoGP,ITA,Sprint,ITA,A. Rins,LCR Honda CASTROL,,,0.0,DNF,42,3 laps
2023,MotoGP,ITA,Sprint,ITA,A. Marquez,Gresini Racing MotoGP,,,0.0,DNF,73,
2023,MotoGP,JPN,Race,JPN,J. Martin,Prima Pramac Racing,,1.0,25.0,Finished,89,24:06.314
2023,MotoGP,JPN,Race,JPN,F. Bagnaia,Ducati Lenovo Team,,2.0,20.0,Finished,1,+1.413
2023,MotoGP,JPN,Race,JPN,M. Marquez,Repsol Honda Team,,3.0,16.0,Finished,93,+2.013
2023,MotoGP,JPN,Race,JPN,M. Bezzecchi,Mooney VR46 Racing Team,,4.0,13.0,Finished,72,+2.943
2023,MotoGP,JPN,Race,JPN,A. Espargaro,Aprilia Racing,,5.0,11.0,Finished,41,+3.181
2023,MotoGP,JPN,Race,JPN,J. Miller,Red Bull KTM Factory Racing,,6.0,10.0,Finished,43,+6.837
2023,MotoGP,JPN,Race,JPN,A. Fernandez,GASGAS Factory Racing Tech3,,7.0,9.0,Finished,37,+7.587
2023,MotoGP,JPN,Race,JPN,F. Di Giannantonio,Gresini Racing MotoGP,,8.0,8.0,Finished,49,+8.602
2023,MotoGP,JPN,Race,JPN,R. Fernandez,CryptoDATA RNF MotoGP Team,,9.0,7.0,Finished,25,+11.229
2023,MotoGP,JPN,Race,JPN,F. Quartararo,Monster Energy Yamaha MotoGP,,10.0,6.0,Finished,20,+12.244
2023,MotoGP,JPN,Race,JPN,T. Nakagami,LCR Honda IDEMITSU,,11.0,5.0,Finished,30,+14.714
2023,MotoGP,JPN,Race,JPN,J. Mir,Repsol Honda Team,,12.0,4.0,Finished,36,+14.924
2023,MotoGP,JPN,Race,JPN,C. Crutchlow,Yamalube RS4GP Racing Team,,13.0,3.0,Finished,35,+16.057
2023,MotoGP,JPN,Race,JPN,S. Bradl,LCR Honda CASTROL,,14.0,2.0,Finished,6,+17.253
2023,MotoGP,JPN,Race,JPN,P. Espargaro,GASGAS Factory Racing Tech3,,15.0,1.0,Finished,44,+24.921
2023,MotoGP,JPN,Race,JPN,M. Pirro,Ducati Lenovo Team,,16.0,0.0,Finished,51,+33.962
2023,MotoGP,JPN,Race,JPN,F. Morbidelli,Monster Energy Yamaha MotoGP,,17.0,0.0,Finished,21,+74.934
2023,MotoGP,JPN,Race,JPN,M. Oliveira,CryptoDATA RNF MotoGP Team,,18.0,0.0,Finished,88,+0.000
2023,MotoGP,JPN,Race,JPN,M. Viñales,Aprilia Racing,,19.0,0.0,Finished,12,+0.000
2023,MotoGP,JPN,Race,JPN,J. Zarco,Prima Pramac Racing,,,0.0,DNF,5,12 laps
2023,MotoGP,JPN,Race,JPN,B. Binder,Red Bull KTM Factory Racing,,,0.0,DNF,33,5 laps
2023,MotoGP,JPN,Sprint,JPN,J. Martin,Prima Pramac Racing,,1.0,12.0,Finished,89,21:00.734
2023,MotoGP,JPN,Sprint,JPN,B. Binder,Red Bull KTM Factory Racing,,2.0,9.0,Finished,33,+1.390
2023,MotoGP,JPN,Sprint,JPN,F. Bagnaia,Ducati Lenovo Team,,3.0,7.0,Finished,1,+5.279
2023,MotoGP,JPN,Sprint,JPN,J. Miller,Red Bull KTM Factory Racing,,4.0,6.0,Finished,43,+6.194
2023,MotoGP,JPN,Sprint,JPN,J. Zarco,Prima Pramac Racing,,5.0,5.0,Finished,5,+6.315
2023,MotoGP,JPN,Sprint,JPN,M. Bezzecchi,Mooney VR46 Racing Team,,6.0,4.0,Finished,72,+8.919
2023,MotoGP,JPN,Sprint,JPN,M. Marquez,Repsol Honda Team,,7.0,3.0,Finished,93,+9.298
2023,MotoGP,JPN,Sprint,JPN,F. Di Giannantonio,Gresini Racing MotoGP,,8.0,2.0,Finished,49,+10.189
2023,MotoGP,JPN,Sprint,JPN,M. Viñales,Aprilia Racing,,9.0,1.0,Finished,12,+12.404
2023,MotoGP,JPN,Sprint,JPN,R. Fernandez,CryptoDATA RNF MotoGP Team,,10.0,0.0,Finished,25,+15.366
2023,MotoGP,JPN,Sprint,JPN,P. Espargaro,GASGAS Factory Racing Tech3,,11.0,0.0,Finished,44,+15.473
2023,MotoGP,JPN,Sprint,JPN,A. Fernandez,GASGAS Factory Racing Tech3,,12.0,0.0,Finished,37,+15.592
2023,MotoGP,JPN,Sprint,JPN,J. Mir,Repsol Honda Team,,13.0,0.0,Finished,36,+17.052
2023,MotoGP,JPN,Sprint,JPN,M. Oliveira,CryptoDATA RNF MotoGP Team,,14.0,0.0,Finished,88,+18.092
2023,MotoGP,JPN,Sprint,JPN,F. Quartararo,Monster Energy Yamaha MotoGP,,15.0,0.0,Finished,20,+19.333
2023,MotoGP,JPN,Sprint,JPN,F. Morbidelli,Monster Energy Yamaha MotoGP,,16.0,0.0,Finished,21,+19.645
2023,MotoGP,JPN,Sprint,JPN,T. Nakagami,LCR Honda IDEMITSU,,17.0,0.0,Finished,30,+21.862
2023,MotoGP,JPN,Sprint,JPN,C. Crutchlow,Yamalube RS4GP Racing Team,,18.0,0.0,Finished,35,+26.026
2023,MotoGP,JPN,Sprint,JPN,M. Pirro,Ducati Lenovo Team,,19.0,0.0,Finished,51,+27.911
2023,MotoGP,JPN,Sprint,JPN,S. Bradl,LCR Honda CASTROL,,20.0,0.0,Finished,6,+28.178
2023,MotoGP,JPN,Sprint,JPN,A. Espargaro,Aprilia Racing,,,0.0,DNF,41,8 laps
2023,MotoGP,MAL,Race,MAL,E. Bastianini,Ducati Lenovo Team,,1.0,25.0,Finished,23,39:59.137
2023,MotoGP,MAL,Race,MAL,A. Marquez,Gresini Racing MotoGP,,2.0,20.0,Finished,73,+1.535
2023,MotoGP,MAL,Race,MAL,F. Bagnaia,Ducati Lenovo Team,,3.0,16.0,Finished,1,+3.562
2023,MotoGP,MAL,Race,MAL,J. Martin,Prima Pramac Racing,,4.0,13.0,Finished,89,+10.526
2023,MotoGP,MAL,Race,MAL,F. Quartararo,Monster Energy Yamaha MotoGP,,5.0,11.0,Finished,20,+15.000
2023,MotoGP,MAL,Race,MAL,M. Bezzecchi,Mooney VR46 Racing Team,,6.0,10.0,Finished,72,+16.946
2023,MotoGP,MAL,Race,MAL,F. Morbidelli,Monster Energy Yamaha MotoGP,,7.0,9.0,Finished,21,+18.553
2023,MotoGP,MAL,Race,MAL,J. Miller,Red Bull KTM Factory Racing,,8.0,8.0,Finished,43,+19.204
2023,MotoGP,MAL,Race,MAL,F. Di Giannantonio,Gresini Racing MotoGP,,9.0,7.0,Finished,49,+19.399
2023,MotoGP,MAL,Race,MAL,L. Marini,Mooney VR46 Racing Team,,10.0,6.0,Finished,10,+19.740
2023,MotoGP,MAL,Race,MAL,M. Viñales,Aprilia Racing,,11.0,5.0,Finished,12,+21.189
2023,MotoGP,MAL,Race,MAL,J. Zarco,Prima Pramac Racing,,12.0,4.0,Finished,5,+23.598
2023,MotoGP,MAL,Race,MAL,M. Marquez,Repsol Honda Team,,13.0,3.0,Finished,93,+27.079
2023,MotoGP,MAL,Race,MAL,A. Fernandez,GASGAS Factory Racing Tech3,,14.0,2.0,Finished,37,+28.940
2023,MotoGP,MAL,Race,MAL,P. Espargaro,GASGAS Factory Racing Tech3,,15.0,1.0,Finished,44,+29.849
2023,MotoGP,MAL,Race,MAL,I. Lecuona,LCR Honda CASTROL,,16.0,0.0,Finished,27,+50.960
2023,MotoGP,MAL,Race,MAL,A. Bautista,Aruba.it Racing,,17.0,0.0,Finished,19,+53.564
2023,MotoGP,MAL,Race,MAL,T. Nakagami,LCR Honda IDEMITSU,,18.0,0.0,Finished,30,+102.162
2023,MotoGP,MAL,Race,MAL,B. Binder,Red Bull KTM Factory Racing,,,0.0,DNF,33,11 laps
2023,MotoGP,MAL,Race,MAL,A. Espargaro,Aprilia Racing,,,0.0,DNF,41,8 laps
2023,MotoGP,MAL,Race,MAL,R. Fernandez,CryptoDATA RNF MotoGP Team,,,0.0,DNF,25,6 laps
2023,MotoGP,MAL,Race,MAL,M. Oliveira,CryptoDATA RNF MotoGP Team,,,0.0,DNF,88,5 laps
2023,MotoGP,MAL,Race,MAL,J. Mir,Repsol Honda Team,,,0.0,DNF,36,4 laps
2023,MotoGP,MAL,Sprint,MAL,A. Marquez,Gresini Racing MotoGP,,1.0,12.0,Finished,73,19:58.713
2023,MotoGP,MAL,Sprint,MAL,J. Martin,Prima Pramac Racing,,2.0,9.0,Finished,89,+1.589
2023,MotoGP,MAL,Sprint,MAL,F. Bagnaia,Ducati Lenovo Team,,3.0,7.0,Finished,1,+3.034
2023,MotoGP,MAL,Sprint,MAL,E. Bastianini,Ducati Lenovo Team,,4.0,6.0,Finished,23,+3.242
2023,MotoGP,MAL,Sprint,MAL,B. Binder,Red Bull KTM Factory Racing,,5.0,5.0,Finished,33,+3.310
2023,MotoGP,MAL,Sprint,MAL,J. Miller,Red Bull KTM Factory Racing,,6.0,4.0,Finished,43,+4.318
2023,MotoGP,MAL,Sprint,MAL,M. Bezzecchi,Mooney VR46 Racing Team,,7.0,3.0,Finished,72,+5.307
2023,MotoGP,MAL,Sprint,MAL,J. Zarco,Prima Pramac Racing,,8.0,2.0,Finished,5,+5.501
2023,MotoGP,MAL,Sprint,MAL,L. Marini,Mooney VR46 Racing Team,,9.0,1.0,Finished,10,+6.420
2023,MotoGP,MAL,Sprint,MAL,M. Viñales,Aprilia Racing,,10.0,0.0,Finished,12,+7.241
2023,MotoGP,MAL,Sprint,MAL,F. Morbidelli,Monster Energy Yamaha MotoGP,,11.0,0.0,Finished,21,+8.775
2023,MotoGP,MAL,Sprint,MAL,A. Espargaro,Aprilia Racing,,12.0,0.0,Finished,41,+9.995
2023,MotoGP,MAL,Sprint,MAL,F. Di Giannantonio,Gresini Racing MotoGP,,13.0,0.0,Finished,49,+10.067
2023,MotoGP,MAL,Sprint,MAL,A. Fernandez,GASGAS Factory Racing Tech3,,14.0,0.0,Finished,37,+10.643
2023,MotoGP,MAL,Sprint,MAL,P. Espargaro,GASGAS Factory Racing Tech3,,15.0,0.0,Finished,44,+11.005
2023,MotoGP,MAL,Sprint,MAL,F. Quartararo,Monster Energy Yamaha MotoGP,,16.0,0.0,Finished,20,+11.911
2023,MotoGP,MAL,Sprint,MAL,R. Fernandez,CryptoDATA RNF MotoGP Team,,17.0,0.0,Finished,25,+13.591
2023,MotoGP,MAL,Sprint,MAL,M. Oliveira,CryptoDATA RNF MotoGP Team,,18.0,0.0,Finished,88,+15.058
2023,MotoGP,MAL,Sprint,MAL,T. Nakagami,LCR Honda IDEMITSU,,19.0,0.0,Finished,30,+16.015
2023,MotoGP,MAL,Sprint,MAL,I. Lecuona,LCR Honda CASTROL,,20.0,0.0,Finished,27,+23.484
2023,MotoGP,MAL,Sprint,MAL,M. Marquez,Repsol Honda Team,,21.0,0.0,Finished,93,+24.930
2023,MotoGP,MAL,Sprint,MAL,A. Bautista,Aruba.it Racing,,22.0,0.0,Finished,19,+36.501
2023,MotoGP,MAL,Sprint,MAL,J. Mir,Repsol Honda Team,,23.0,0.0,Finished,36,+40.594
2023,MotoGP,NED,Race,NED,F. Bagnaia,Ducati Lenovo Team,,1.0,25.0,Finished,1,40:37.640
2023,MotoGP,NED,Race,NED,M. Bezzecchi,Mooney VR46 Racing Team,,2.0,20.0,Finished,72,+1.223
2023,MotoGP,NED,Race,NED,A. Espargaro,Aprilia Racing,,3.0,16.0,Finished,41,+1.925
2023,MotoGP,NED,Race,NED,B. Binder,Red Bull KTM Factory Racing,,4.0,13.0,Finished,33,+1.528
2023,MotoGP,NED,Race,NED,J. Martin,Prima Pramac Racing,,5.0,11.0,Finished,89,+1.934
2023,MotoGP,NED,Race,NED,A. Marquez,Gresini Racing MotoGP,,6.0,10.0,Finished,73,+12.437
2023,MotoGP,NED,Race,NED,L. Marini,Mooney VR46 Racing Team,,7.0,9.0,Finished,10,+14.174
2023,MotoGP,NED,Race,NED,T. Nakagami,LCR Honda IDEMITSU,,8.0,8.0,Finished,30,+14.616
2023,MotoGP,NED,Race,NED,F. Morbidelli,Monster Energy Yamaha MotoGP,,9.0,7.0,Finished,21,+29.335
2023,MotoGP,NED,Race,NED,A. Fernandez,GASGAS Factory Racing Tech3,,10.0,6.0,Finished,37,+33.736
2023,MotoGP,NED,Race,NED,L. Savadori,Aprilia Racing,,11.0,5.0,Finished,32,+35.084
2023,MotoGP,NED,Race,NED,R. Fernandez,CryptoDATA RNF MotoGP Team,,12.0,4.0,Finished,25,+39.622
2023,MotoGP,NED,Race,NED,S. Bradl,LCR Honda CASTROL,,13.0,3.0,Finished,6,+42.504
2023,MotoGP,NED,Race,NED,J. Folger,GASGAS Factory Racing Tech3,,14.0,2.0,Finished,94,+45.609
2023,MotoGP,NED,Race,NED,F. Di Giannantonio,Gresini Racing MotoGP,,,0.0,DNF,49,18 laps
2023,MotoGP,NED,Race,NED,I. Lecuona,Repsol Honda Team,,,0.0,DNF,27,14 laps
2023,MotoGP,NED,Race,NED,M. Oliveira,CryptoDATA RNF MotoGP Team,,,0.0,DNF,88,12 laps
2023,MotoGP,NED,Race,NED,E. Bastianini,Ducati Lenovo Team,,,0.0,DNF,23,6 laps
2023,MotoGP,NED,Race,NED,M. Viñales,Aprilia Racing,,,0.0,DNF,12,3 laps
2023,MotoGP,NED,Race,NED,J. Zarco,Prima Pramac Racing,,,0.0,DNF,5,2 laps
2023,MotoGP,NED,Race,NED,F. Quartararo,Monster Energy Yamaha MotoGP,,,0.0,DNF,20,2 laps
2023,MotoGP,NED,Race,NED,J. Miller,Red Bull KTM Factory Racing,,,0.0,DNF,43,1 laps
2023,MotoGP,NED,Sprint,NED,M. Bezzecchi,Mooney VR46 Racing Team,,1.0,12.0,Finished,72,20:09.174
2023,MotoGP,NED,Sprint,NED,F. Bagnaia,Ducati Lenovo Team,,2.0,9.0,Finished,1,+1.294
2023,MotoGP,NED,Sprint,NED,F. Quartararo,Monster Energy Yamaha MotoGP,,3.0,7.0,Finished,20,+1.872
2023,MotoGP,NED,Sprint,NED,A. Espargaro,Aprilia Racing,,4.0,6.0,Finished,41,+2.245
2023,MotoGP,NED,Sprint,NED,B. Binder,Red Bull KTM Factory Racing,,5.0,5.0,Finished,33,+4.582
2023,MotoGP,NED,Sprint,NED,J. Martin,Prima Pramac Racing,,6.0,4.0,Finished,89,+5.036
2023,MotoGP,NED,Sprint,NED,M. Viñales,Aprilia Racing,,7.0,3.0,Finished,12,+5.876
2023,MotoGP,NED,Sprint,NED,E. Bastianini,Ducati Lenovo Team,,8.0,2.0,Finished,23,+10.102
2023,MotoGP,NED,Sprint,NED,A. Marquez,Gresini Racing MotoGP,,9.0,1.0,Finished,73,+10.525
2023,MotoGP,NED,Sprint,NED,L. Marini,Mooney VR46 Racing Team,,10.0,0.0,Finished,10,+10.556
2023,MotoGP,NED,Sprint,NED,J. Miller,Red Bull KTM Factory Racing,,11.0,0.0,Finished,43,+11.191
2023,MotoGP,NED,Sprint,NED,T. Nakagami,LCR Honda IDEMITSU,,12.0,0.0,Finished,30,+11.473
2023,MotoGP,NED,Sprint,NED,J. Zarco,Prima Pramac Racing,,13.0,0.0,Finished,5,+15.439
2023,MotoGP,NED,Sprint,NED,A. Fernandez,GASGAS Factory Racing Tech3,,14.0,0.0,Finished,37,+17.754
2023,MotoGP,NED,Sprint,NED,F. Morbidelli,Monster Energy Yamaha MotoGP,,15.0,0.0,Finished,21,+19.508
2023,MotoGP,NED,Sprint,NED,L. Savadori,Aprilia Racing,,16.0,0.0,Finished,32,+19.664
2023,MotoGP,NED,Sprint,NED,M. Marquez,Repsol Honda Team,,17.0,0.0,Finished,93,+19.916
2023,MotoGP,NED,Sprint,NED,R. Fernandez,CryptoDATA RNF MotoGP Team,,18.0,0.0,Finished,25,+20.583
2023,MotoGP,NED,Sprint,NED,M. Oliveira,CryptoDATA RNF MotoGP Team,,19.0,0.0,Finished,88,+24.269
2023,MotoGP,NED,Sprint,NED,I. Lecuona,Repsol Honda Team,,20.0,0.0,Finished,27,+24.727
2023,MotoGP,NED,Sprint,NED,J. Folger,GASGAS Factory Racing Tech3,,21.0,0.0,Finished,94,+32.056
2023,MotoGP,NED,Sprint,NED,S. Bradl,LCR Honda CASTROL,,22.0,0.0,Finished,6,+35.372
2023,MotoGP,NED,Sprint,NED,F. Di Giannantonio,Gresini Racing MotoGP,,,0.0,DNF,49,3 laps
2023,MotoGP,POR,Race,POR,F. Bagnaia,Ducati Lenovo Team,,1.0,25.0,Finished,1,41:25.401
2023,MotoGP,POR,Race,POR,M. Viñales,Aprilia Racing,,2.0,20.0,Finished,12,+0.687
2023,MotoGP,POR,Race,POR,M. Bezzecchi,Mooney VR46 Racing Team,,3.0,16.0,Finished,72,+2.726
2023,MotoGP,POR,Race,POR,J. Zarco,Prima Pramac Racing,,4.0,13.0,Finished,5,+8.060
2023,MotoGP,POR,Race,POR,A. Marquez,Gresini Racing MotoGP,,5.0,11.0,Finished,73,+8.125
2023,MotoGP,POR,Race,POR,B. Binder,Red Bull KTM Factory Racing,,6.0,10.0,Finished,33,+8.247
2023,MotoGP,POR,Race,POR,J. Miller,Red Bull KTM Factory Racing,,7.0,9.0,Finished,43,+8.381
2023,MotoGP,POR,Race,POR,F. Quartararo,Monster Energy Yamaha MotoGP,,8.0,8.0,Finished,20,+8.543
2023,MotoGP,POR,Race,POR,A. Espargaro,Aprilia Racing,,9.0,7.0,Finished,41,+9.294
2023,MotoGP,POR,Race,POR,A. Rins,LCR Honda CASTROL,,10.0,6.0,Finished,42,+11.591
2023,MotoGP,POR,Race,POR,J. Mir,Repsol Honda Team,,11.0,5.0,Finished,36,+16.992
2023,MotoGP,POR,Race,POR,T. Nakagami,LCR Honda IDEMITSU,,12.0,4.0,Finished,30,+17.448
2023,MotoGP,POR,Race,POR,A. Fernandez,GASGAS Factory Racing Tech3,,13.0,3.0,Finished,37,+21.723
2023,MotoGP,POR,Race,POR,F. Morbidelli,Monster Energy Yamaha MotoGP,,14.0,2.0,Finished,21,+27.050
2023,MotoGP,POR,Race,POR,R. Fernandez,CryptoDATA RNF MotoGP Team,,,0.0,DNF,25,23 laps
2023,MotoGP,POR,Race,POR,L. Marini,Mooney VR46 Racing Team,,,0.0,DNF,10,21 laps
2023,MotoGP,POR,Race,POR,J. Martin,Prima Pramac Racing,,,0.0,DNF,89,19 laps
2023,MotoGP,POR,Race,POR,F. Di Giannantonio,Gresini Racing MotoGP,,,0.0,DNF,49,10 laps
2023,MotoGP,POR,Race,POR,M. Marquez,Repsol Honda Team,,,0.0,DNF,93,2 laps
2023,MotoGP,POR,Race,POR,M. Oliveira,CryptoDATA RNF MotoGP Team,,,0.0,DNF,88,2 laps
2023,MotoGP,POR,Sprint,POR,F. Bagnaia,Ducati Lenovo Team,,1.0,12.0,Finished,1,19:52.862
2023,MotoGP,POR,Sprint,POR,J. Martin,Prima Pramac Racing,,2.0,9.0,Finished,89,+0.307
2023,MotoGP,POR,Sprint,POR,M. Marquez,Repsol Honda Team,,3.0,7.0,Finished,93,+1.517
2023,MotoGP,POR,Sprint,POR,J. Miller,Red Bull KTM Factory Racing,,4.0,6.0,Finished,43,+1.603
2023,MotoGP,POR,Sprint,POR,M. Viñales,Aprilia Racing,,5.0,5.0,Finished,12,+1.854
2023,MotoGP,POR,Sprint,POR,A. Espargaro,Aprilia Racing,,6.0,4.0,Finished,41,+2.106
2023,MotoGP,POR,Sprint,POR,M. Oliveira,CryptoDATA RNF MotoGP Team,,7.0,3.0,Finished,88,+2.940
2023,MotoGP,POR,Sprint,POR,J. Zarco,Prima Pramac Racing,,8.0,2.0,Finished,5,+5.595
2023,MotoGP,POR,Sprint,POR,A. Marquez,Gresini Racing MotoGP,,9.0,1.0,Finished,73,+5.711
2023,MotoGP,POR,Sprint,POR,F. Quartararo,Monster Energy Yamaha MotoGP,,10.0,0.0,Finished,20,+5.924
2023,MotoGP,POR,Sprint,POR,R. Fernandez,CryptoDATA RNF MotoGP Team,,11.0,0.0,Finished,25,+8.160
2023,MotoGP,POR,Sprint,POR,B. Binder,Red Bull KTM Factory Racing,,12.0,0.0,Finished,33,+8.384
2023,MotoGP,POR,Sprint,POR,A. Rins,LCR Honda CASTROL,,13.0,0.0,Finished,42,+11.288
2023,MotoGP,POR,Sprint,POR,F. Morbidelli,Monster Energy Yamaha MotoGP,,14.0,0.0,Finished,21,+17.138
2023,MotoGP,POR,Sprint,POR,T. Nakagami,LCR Honda IDEMITSU,,15.0,0.0,Finished,30,+18.128
2023,MotoGP,POR,Sprint,POR,F. Di Giannantonio,Gresini Racing MotoGP,,16.0,0.0,Finished,49,+21.235
2023,MotoGP,POR,Sprint,POR,M. Bezzecchi,Mooney VR46 Racing Team,,,0.0,DNF,72,2 laps
2023,MotoGP,POR,Sprint,POR,L. Marini,Mooney VR46 Racing Team,,,0.0,DNF,10,1 laps
2023,MotoGP,POR,Sprint,POR,E. Bastianini,Ducati Lenovo Team,,,0.0,DNF,23,1 laps
2023,MotoGP,POR,Sprint,POR,J. Mir,Repsol Honda Team,,,0.0,DNF,36,
2023,MotoGP,POR,Sprint,POR,A. Fernandez,GASGAS Factory Racing Tech3,,,0.0,DNF,37,
2023,MotoGP,QAT,Race,QAT,F. Di Giannantonio,Gresini Racing MotoGP,,1.0,25.0,Finished,49,41:43.654
2023,MotoGP,QAT,Race,QAT,F. Bagnaia,Ducati Lenovo Team,,2.0,20.0,Finished,1,+2.734
2023,MotoGP,QAT,Race,QAT,L. Marini,Mooney VR46 Racing Team,,3.0,16.0,Finished,10,+4.408
2023,MotoGP,QAT,Race,QAT,M. Viñales,Aprilia Racing,,4.0,13.0,Finished,12,+4.488
2023,MotoGP,QAT,Race,QAT,B. Binder,Red Bull KTM Factory Racing,,5.0,11.0,Finished,33,+7.246
2023,MotoGP,QAT,Race,QAT,A. Marquez,Gresini Racing MotoGP,,6.0,10.0,Finished,73,+7.620
2023,MotoGP,QAT,Race,QAT,F. Quartararo,Monster Energy Yamaha MotoGP,,7.0,9.0,Finished,20,+7.828
2023,MotoGP,QAT,Race,QAT,E. Bastianini,Ducati Lenovo Team,,8.0,8.0,Finished,23,+8.239
2023,MotoGP,QAT,Race,QAT,J. Miller,Red Bull KTM Factory Racing,,9.0,7.0,Finished,43,+11.509
2023,MotoGP,QAT,Race,QAT,J. Martin,Prima Pramac Racing,,10.0,6.0,Finished,89,+14.819
2023,MotoGP,QAT,Race,QAT,M. Marquez,Repsol Honda Team,,11.0,5.0,Finished,93,+14.964
2023,MotoGP,QAT,Race,QAT,J. Zarco,Prima Pramac Racing,,12.0,4.0,Finished,5,+17.431
2023,MotoGP,QAT,Race,QAT,M. Bezzecchi,Mooney VR46 Racing Team,,13.0,3.0,Finished,72,+17.807
2023,MotoGP,QAT,Race,QAT,J. Mir,Repsol Honda Team,,14.0,2.0,Finished,36,+18.673
2023,MotoGP,QAT,Race,QAT,A. Fernandez,GASGAS Factory Racing Tech3,,15.0,1.0,Finished,37,+21.455
2023,MotoGP,QAT,Race,QAT,F. Morbidelli,Monster Energy Yamaha MotoGP,,16.0,0.0,Finished,21,+21.474
2023,MotoGP,QAT,Race,QAT,R. Fernandez,CryptoDATA RNF MotoGP Team,,17.0,0.0,Finished,25,+22.142
2023,MotoGP,QAT,Race,QAT,P. Espargaro,GASGAS Factory Racing Tech3,,18.0,0.0,Finished,44,+27.194
2023,MotoGP,QAT,Race,QAT,T. Nakagami,LCR Honda IDEMITSU,,19.0,0.0,Finished,30,+27.740
2023,MotoGP,QAT,Race,QAT,A. Espargaro,Aprilia Racing,,,0.0,DNF,41,6 laps
2023,MotoGP,QAT,Race,QAT,I. Lecuona,LCR Honda CASTROL,,,0.0,DNF,27,
2023,MotoGP,QAT,Sprint,QAT,J. Martin,Prima Pramac Racing,,1.0,12.0,Finished,89,20:52.634
2023,MotoGP,QAT,Sprint,QAT,F. Di Giannantonio,Gresini Racing MotoGP,,2.0,9.0,Finished,49,+0.391
2023,MotoGP,QAT,Sprint,QAT,L. Marini,Mooney VR46 Racing Team,,3.0,7.0,Finished,10,+2.875
2023,MotoGP,QAT,Sprint,QAT,A. Marquez,Gresini Racing MotoGP,,4.0,6.0,Finished,73,+3.370
2023,MotoGP,QAT,Sprint,QAT,F. Bagnaia,Ducati Lenovo Team,,5.0,5.0,Finished,1,+3.957
2023,MotoGP,QAT,Sprint,QAT,M. Viñales,Aprilia Racing,,6.0,4.0,Finished,12,+4.239
2023,MotoGP,QAT,Sprint,QAT,B. Binder,Red Bull KTM Factory Racing,,7.0,3.0,Finished,33,+5.761
2023,MotoGP,QAT,Sprint,QAT,F. Quartararo,Monster Energy Yamaha MotoGP,,8.0,2.0,Finished,20,+6.454
2023,MotoGP,QAT,Sprint,QAT,A. Fernandez,GASGAS Factory Racing Tech3,,9.0,1.0,Finished,37,+8.285
2023,MotoGP,QAT,Sprint,QAT,J. Zarco,Prima Pramac Racing,,10.0,0.0,Finished,5,+8.314
2023,MotoGP,QAT,Sprint,QAT,M. Marquez,Repsol Honda Team,,11.0,0.0,Finished,93,+9.596
2023,MotoGP,QAT,Sprint,QAT,J. Miller,Red Bull KTM Factory Racing,,12.0,0.0,Finished,43,+10.173
2023,MotoGP,QAT,Sprint,QAT,M. Bezzecchi,Mooney VR46 Racing Team,,13.0,0.0,Finished,72,+10.646
2023,MotoGP,QAT,Sprint,QAT,R. Fernandez,CryptoDATA RNF MotoGP Team,,14.0,0.0,Finished,25,+11.117
2023,MotoGP,QAT,Sprint,QAT,F. Morbidelli,Monster Energy Yamaha MotoGP,,15.0,0.0,Finished,21,+12.163
2023,MotoGP,QAT,Sprint,QAT,P. Espargaro,GASGAS Factory Racing Tech3,,16.0,0.0,Finished,44,+12.745
2023,MotoGP,QAT,Sprint,QAT,I. Lecuona,LCR Honda CASTROL,,17.0,0.0,Finished,27,+19.285
2023,MotoGP,QAT,Sprint,QAT,T. Nakagami,LCR Honda IDEMITSU,,18.0,0.0,Finished,30,+26.238
2023,MotoGP,QAT,Sprint,QAT,J. Mir,Repsol Honda Team,,19.0,0.0,Finished,36,+28.446
2023,MotoGP,QAT,Sprint,QAT,E. Bastianini,Ducati Lenovo Team,,20.0,0.0,Finished,23,+35.553
2023,MotoGP,QAT,Sprint,QAT,A. Espargaro,Aprilia Racing,,,0.0,DNF,41,1 laps
2023,MotoGP,QAT,Sprint,QAT,M. Oliveira,CryptoDATA RNF MotoGP Team,,,0.0,DNF,88,
2023,MotoGP,RSM,Race,RSM,J. Martin,Prima Pramac Racing,,1.0,25.0,Finished,89,41:33.421
2023,MotoGP,RSM,Race,RSM,M. Bezzecchi,Mooney VR46 Racing Team,,2.0,20.0,Finished,72,+1.350
2023,MotoGP,RSM,Race,RSM,F. Bagnaia,Ducati Lenovo Team,,3.0,16.0,Finished,1,+3.812
2023,MotoGP,RSM,Race,RSM,D. Pedrosa,Red Bull KTM Factory Racing,,4.0,13.0,Finished,26,+4.481
2023,MotoGP,RSM,Race,RSM,M. Viñales,Aprilia Racing,,5.0,11.0,Finished,12,+10.510
2023,MotoGP,RSM,Race,RSM,M. Oliveira,CryptoDATA RNF MotoGP Team,,6.0,10.0,Finished,88,+12.274
2023,MotoGP,RSM,Race,RSM,M. Marquez,Repsol Honda Team,,7.0,9.0,Finished,93,+13.576
2023,MotoGP,RSM,Race,RSM,R. Fernandez,CryptoDATA RNF MotoGP Team,,8.0,8.0,Finished,25,+14.091
2023,MotoGP,RSM,Race,RSM,L. Marini,Mooney VR46 Racing Team,,9.0,7.0,Finished,10,+14.982
2023,MotoGP,RSM,Race,RSM,J. Zarco,Prima Pramac Racing,,10.0,6.0,Finished,5,+15.484
2023,MotoGP,RSM,Race,RSM,A. Marquez,Gresini Racing MotoGP,,11.0,5.0,Finished,73,+15.702
2023,MotoGP,RSM,Race,RSM,A. Espargaro,Aprilia Racing,,12.0,4.0,Finished,41,+15.878
2023,MotoGP,RSM,Race,RSM,F. Quartararo,Monster Energy Yamaha MotoGP,,13.0,3.0,Finished,20,+15.898
2023,MotoGP,RSM,Race,RSM,B. Binder,Red Bull KTM Factory Racing,,14.0,2.0,Finished,33,+23.778
2023,MotoGP,RSM,Race,RSM,F. Morbidelli,Monster Energy Yamaha MotoGP,,15.0,1.0,Finished,21,+24.579
2023,MotoGP,RSM,Race,RSM,A. Fernandez,GASGAS Factory Racing Tech3,,16.0,0.0,Finished,37,+31.230
2023,MotoGP,RSM,Race,RSM,F. Di Giannantonio,Gresini Racing MotoGP,,17.0,0.0,Finished,49,+32.537
2023,MotoGP,RSM,Race,RSM,S. Bradl,HRC Team,,18.0,0.0,Finished,6,+35.330
2023,MotoGP,RSM,Race,RSM,T. Nakagami,LCR Honda IDEMITSU,,19.0,0.0,Finished,30,+43.601
2023,MotoGP,RSM,Race,RSM,P. Espargaro,GASGAS Factory Racing Tech3,,,0.0,DNF,44,15 laps
2023,MotoGP,RSM,Race,RSM,J. Mir,Repsol Honda Team,,,0.0,DNF,36,10 laps
2023,MotoGP,RSM,Race,RSM,M. Pirro,Aruba.it Racing,,,0.0,DNF,51,9 laps
2023,MotoGP,RSM,Race,RSM,J. Miller,Red Bull KTM Factory Racing,,,0.0,DNF,43,9 laps
2023,MotoGP,RSM,Sprint,RSM,J. Martin,Prima Pramac Racing,,1.0,12.0,Finished,89,19:58.785
2023,MotoGP,RSM,Sprint,RSM,M. Bezzecchi,Mooney VR46 Racing Team,,2.0,9.0,Finished,72,+1.445
2023,MotoGP,RSM,Sprint,RSM,F. Bagnaia,Ducati Lenovo Team,,3.0,7.0,Finished,1,+4.582
2023,MotoGP,RSM,Sprint,RSM,D. Pedrosa,Red Bull KTM Factory Racing,,4.0,6.0,Finished,26,+4.772
2023,MotoGP,RSM,Sprint,RSM,B. Binder,Red Bull KTM Factory Racing,,5.0,5.0,Finished,33,+4.931
2023,MotoGP,RSM,Sprint,RSM,M. Viñales,Aprilia Racing,,6.0,4.0,Finished,12,+6.062
2023,MotoGP,RSM,Sprint,RSM,L. Marini,Mooney VR46 Racing Team,,7.0,3.0,Finished,10,+6.519
2023,MotoGP,RSM,Sprint,RSM,A. Espargaro,Aprilia Racing,,8.0,2.0,Finished,41,+7.893
2023,MotoGP,RSM,Sprint,RSM,A. Marquez,Gresini Racing MotoGP,,9.0,1.0,Finished,73,+9.264
2023,MotoGP,RSM,Sprint,RSM,M. Marquez,Repsol Honda Team,,10.0,0.0,Finished,93,+11.318
2023,MotoGP,RSM,Sprint,RSM,R. Fernandez,CryptoDATA RNF MotoGP Team,,11.0,0.0,Finished,25,+13.365
2023,MotoGP,RSM,Sprint,RSM,M. Oliveira,CryptoDATA RNF MotoGP Team,,12.0,0.0,Finished,88,+13.788
2023,MotoGP,RSM,Sprint,RSM,F. Quartararo,Monster Energy Yamaha MotoGP,,13.0,0.0,Finished,20,+14.243
2023,MotoGP,RSM,Sprint,RSM,J. Zarco,Prima Pramac Racing,,14.0,0.0,Finished,5,+14.154
2023,MotoGP,RSM,Sprint,RSM,J. Miller,Red Bull KTM Factory Racing,,15.0,0.0,Finished,43,+17.421
2023,MotoGP,RSM,Sprint,RSM,P. Espargaro,GASGAS Factory Racing Tech3,,16.0,0.0,Finished,44,+17.451
2023,MotoGP,RSM,Sprint,RSM,F. Di Giannantonio,Gresini Racing MotoGP,,17.0,0.0,Finished,49,+18.133
2023,MotoGP,RSM,Sprint,RSM,F. Morbidelli,Monster Energy Yamaha MotoGP,,18.0,0.0,Finished,21,+19.749
2023,MotoGP,RSM,Sprint,RSM,A. Fernandez,GASGAS Factory Racing Tech3,,19.0,0.0,Finished,37,+20.403
2023,MotoGP,RSM,Sprint,RSM,M. Pirro,Aruba.it Racing,,20.0,0.0,Finished,51,+21.454
2023,MotoGP,RSM,Sprint,RSM,T. Nakagami,LCR Honda IDEMITSU,,21.0,0.0,Finished,30,+21.962
2023,MotoGP,RSM,Sprint,RSM,S. Bradl,HRC Team,,22.0,0.0,Finished,6,+23.672
2023,MotoGP,RSM,Sprint,RSM,J. Mir,Repsol Honda Team,,23.0,0.0,Finished,36,+36.100
2023,MotoGP,SPA,Race,SPA,F. Bagnaia,Ducati Lenovo Team,,1.0,25.0,Finished,1,39:29.085
2023,MotoGP,SPA,Race,SPA,B. Binder,Red Bull KTM Factory Racing,,2.0,20.0,Finished,33,+0.221
2023,MotoGP,SPA,Race,SPA,J. Miller,Red Bull KTM Factory Racing,,3.0,16.0,Finished,43,+1.119
2023,MotoGP,SPA,Race,SPA,J. Martin,Prima Pramac Racing,,4.0,13.0,Finished,89,+1.942
2023,MotoGP,SPA,Race,SPA,A. Espargaro,Aprilia Racing,,5.0,11.0,Finished,41,+4.760
2023,MotoGP,SPA,Race,SPA,L. Marini,Mooney VR46 Racing Team,,6.0,10.0,Finished,10,+6.329
2023,MotoGP,SPA,Race,SPA,D. Pedrosa,Red Bull KTM Factory Racing,,7.0,9.0,Finished,26,+6.371
2023,MotoGP,SPA,Race,SPA,A. Marquez,Gresini Racing MotoGP,,8.0,8.0,Finished,73,+14.952
2023,MotoGP,SPA,Race,SPA,T. Nakagami,LCR Honda IDEMITSU,,9.0,7.0,Finished,30,+15.692
2023,MotoGP,SPA,Race,SPA,F. Quartararo,Monster Energy Yamaha MotoGP,,10.0,6.0,Finished,20,+15.846
2023,MotoGP,SPA,Race,SPA,F. Morbidelli,Monster Energy Yamaha MotoGP,,11.0,5.0,Finished,21,+17.209
2023,MotoGP,SPA,Race,SPA,F. Di Giannantonio,Gresini Racing MotoGP,,12.0,4.0,Finished,49,+17.911
2023,MotoGP,SPA,Race,SPA,A. Fernandez,GASGAS Factory Racing Tech3,,13.0,3.0,Finished,37,+19.010
2023,MotoGP,SPA,Race,SPA,S. Bradl,HRC Team,,14.0,2.0,Finished,6,+27.294
2023,MotoGP,SPA,Race,SPA,R. Fernandez,CryptoDATA RNF MotoGP Team,,15.0,1.0,Finished,25,+36.371
2023,MotoGP,SPA,Race,SPA,I. Lecuona,Repsol Honda Team,,16.0,0.0,Finished,27,+36.753
2023,MotoGP,SPA,Race,SPA,J. Folger,GASGAS Factory Racing Tech3,,17.0,0.0,Finished,94,+47.146
2023,MotoGP,SPA,Race,SPA,M. Viñales,Aprilia Racing,,,0.0,DNF,12,23 laps
2023,MotoGP,SPA,Race,SPA,M. Bezzecchi,Mooney VR46 Racing Team,,,0.0,DNF,72,16 laps
2023,MotoGP,SPA,Race,SPA,J. Zarco,Prima Pramac Racing,,,0.0,DNF,5,16 laps
2023,MotoGP,SPA,Race,SPA,A. Rins,LCR Honda CASTROL,,,0.0,DNF,42,2 laps
2023,MotoGP,SPA,Race,SPA,J. Mir,Repsol Honda Team,,,0.0,DNF,36,1 laps
2023,MotoGP,SPA,Race,SPA,M. Oliveira,CryptoDATA RNF MotoGP Team,,,0.0,DNF,88,
2023,MotoGP,SPA,Sprint,SPA,B. Binder,Red Bull KTM Factory Racing,,1.0,12.0,Finished,33,18:07.055
2023,MotoGP,SPA,Sprint,SPA,F. Bagnaia,Ducati Lenovo Team,,2.0,9.0,Finished,1,+0.428
2023,MotoGP,SPA,Sprint,SPA,J. Miller,Red Bull KTM Factory Racing,,3.0,7.0,Finished,43,+0.680
2023,MotoGP,SPA,Sprint,SPA,J. Martin,Prima Pramac Racing,,4.0,6.0,Finished,89,+0.853
2023,MotoGP,SPA,Sprint,SPA,M. Oliveira,CryptoDATA RNF MotoGP Team,,5.0,5.0,Finished,88,+1.638
2023,MotoGP,SPA,Sprint,SPA,D. Pedrosa,Red Bull KTM Factory Racing,,6.0,4.0,Finished,26,+1.738
2023,MotoGP,SPA,Sprint,SPA,M. Viñales,Aprilia Racing,,7.0,3.0,Finished,12,+3.248
2023,MotoGP,SPA,Sprint,SPA,J. Zarco,Prima Pramac Racing,,8.0,2.0,Finished,5,+3.380
2023,MotoGP,SPA,Sprint,SPA,M. Bezzecchi,Mooney VR46 Racing Team,,9.0,1.0,Finished,72,+5.711
2023,MotoGP,SPA,Sprint,SPA,L. Marini,Mooney VR46 Racing Team,,10.0,0.0,Finished,10,+7.015
2023,MotoGP,SPA,Sprint,SPA,F. Di Giannantonio,Gresini Racing MotoGP,,11.0,0.0,Finished,49,+7.174
2023,MotoGP,SPA,Sprint,SPA,F. Quartararo,Monster Energy Yamaha MotoGP,,12.0,0.0,Finished,20,+7.467
2023,MotoGP,SPA,Sprint,SPA,A. Rins,LCR Honda CASTROL,,13.0,0.0,Finished,42,+9.867
2023,MotoGP,SPA,Sprint,SPA,R. Fernandez,CryptoDATA RNF MotoGP Team,,14.0,0.0,Finished,25,+11.550
2023,MotoGP,SPA,Sprint,SPA,S. Bradl,HRC Team,,15.0,0.0,Finished,6,+15.455
2023,MotoGP,SPA,Sprint,SPA,F. Morbidelli,Monster Energy Yamaha MotoGP,,16.0,0.0,Finished,21,+15.849
2023,MotoGP,SPA,Sprint,SPA,A. Fernandez,GASGAS Factory Racing Tech3,,17.0,0.0,Finished,37,+15.969
2023,MotoGP,SPA,Sprint,SPA,I. Lecuona,Repsol Honda Team,,18.0,0.0,Finished,27,+25.356
2023,MotoGP,SPA,Sprint,SPA,J. Folger,GASGAS Factory Racing Tech3,,19.0,0.0,Finished,94,+25.530
2023,MotoGP,SPA,Sprint,SPA,J. Mir,Repsol Honda Team,,,0.0,DNF,36,7 laps
2023,MotoGP,SPA,Sprint,SPA,A. Espargaro,Aprilia Racing,,,0.0,DNF,41,5 laps
2023,MotoGP,SPA,Sprint,SPA,T. Nakagami,LCR Honda IDEMITSU,,,0.0,DNF,30,3 laps
2023,MotoGP,SPA,Sprint,SPA,A. Marquez,Gresini Racing MotoGP,,,0.0,DNF,73,3 laps
2023,MotoGP,THA,Race,THA,J. Martin,Prima Pramac Racing,,1.0,25.0,Finished,89,39:40.045
2023,MotoGP,THA,Race,THA,F. Bagnaia,Ducati Lenovo Team,,2.0,20.0,Finished,1,+0.253
2023,MotoGP,THA,Race,THA,B. Binder,Red Bull KTM Factory Racing,,3.0,16.0,Finished,33,+0.114
2023,MotoGP,THA,Race,THA,M. Bezzecchi,Mooney VR46 Racing Team,,4.0,13.0,Finished,72,+2.005
2023,MotoGP,THA,Race,THA,F. Quartararo,Monster Energy Yamaha MotoGP,,5.0,11.0,Finished,20,+4.550
2023,MotoGP,THA,Race,THA,M. Marquez,Repsol Honda Team,,6.0,10.0,Finished,93,+5.362
2023,MotoGP,THA,Race,THA,L. Marini,Mooney VR46 Racing Team,,7.0,9.0,Finished,10,+6.778
2023,MotoGP,THA,Race,THA,A. Espargaro,Aprilia Racing,,8.0,8.0,Finished,41,+7.303
2023,MotoGP,THA,Race,THA,F. Di Giannantonio,Gresini Racing MotoGP,,9.0,7.0,Finished,49,+7.569
2023,MotoGP,THA,Race,THA,J. Zarco,Prima Pramac Racing,,10.0,6.0,Finished,5,+9.377
2023,MotoGP,THA,Race,THA,F. Morbidelli,Monster Energy Yamaha MotoGP,,11.0,5.0,Finished,21,+11.168
2023,MotoGP,THA,Race,THA,J. Mir,Repsol Honda Team,,12.0,4.0,Finished,36,+11.990
2023,MotoGP,THA,Race,THA,E. Bastianini,Ducati Lenovo Team,,13.0,3.0,Finished,23,+12.323
2023,MotoGP,THA,Race,THA,T. Nakagami,LCR Honda IDEMITSU,,14.0,2.0,Finished,30,+14.537
2023,MotoGP,THA,Race,THA,R. Fernandez,CryptoDATA RNF MotoGP Team,,15.0,1.0,Finished,25,+15.093
2023,MotoGP,THA,Race,THA,J. Miller,Red Bull KTM Factory Racing,,16.0,0.0,Finished,43,+17.640
2023,MotoGP,THA,Race,THA,A. Fernandez,GASGAS Factory Racing Tech3,,17.0,0.0,Finished,37,+21.307
2023,MotoGP,THA,Race,THA,P. Espargaro,GASGAS Factory Racing Tech3,,18.0,0.0,Finished,44,+21.435
2023,MotoGP,THA,Race,THA,M. Viñales,Aprilia Racing,,,0.0,DNF,12,23 laps
2023,MotoGP,THA,Race,THA,A. Marquez,Gresini Racing MotoGP,,,0.0,DNF,73,12 laps
2023,MotoGP,THA,Race,THA,M. Oliveira,CryptoDATA RNF MotoGP Team,,,0.0,DNF,88,6 laps
2023,MotoGP,THA,Sprint,THA,J. Martin,Prima Pramac Racing,,1.0,12.0,Finished,89,19:41.593
2023,MotoGP,THA,Sprint,THA,B. Binder,Red Bull KTM Factory Racing,,2.0,9.0,Finished,33,+0.933
2023,MotoGP,THA,Sprint,THA,L. Marini,Mooney VR46 Racing Team,,3.0,7.0,Finished,10,+1.841
2023,MotoGP,THA,Sprint,THA,M. Marquez,Repsol Honda Team,,4.0,6.0,Finished,93,+3.503
2023,MotoGP,THA,Sprint,THA,A. Espargaro,Aprilia Racing,,5.0,5.0,Finished,41,+3.581
2023,MotoGP,THA,Sprint,THA,M. Bezzecchi,Mooney VR46 Racing Team,,6.0,4.0,Finished,72,+4.029
2023,MotoGP,THA,Sprint,THA,F. Bagnaia,Ducati Lenovo Team,,7.0,3.0,Finished,1,+4.121
2023,MotoGP,THA,Sprint,THA,A. Marquez,Gresini Racing MotoGP,,8.0,2.0,Finished,73,+6.727
2023,MotoGP,THA,Sprint,THA,J. Zarco,Prima Pramac Racing,,9.0,1.0,Finished,5,+7.323
2023,MotoGP,THA,Sprint,THA,J. Miller,Red Bull KTM Factory Racing,,10.0,0.0,Finished,43,+9.240
2023,MotoGP,THA,Sprint,THA,F. Quartararo,Monster Energy Yamaha MotoGP,,11.0,0.0,Finished,20,+9.339
2023,MotoGP,THA,Sprint,THA,J. Mir,Repsol Honda Team,,12.0,0.0,Finished,36,+10.356
2023,MotoGP,THA,Sprint,THA,E. Bastianini,Ducati Lenovo Team,,13.0,0.0,Finished,23,+12.312
2023,MotoGP,THA,Sprint,THA,R. Fernandez,CryptoDATA RNF MotoGP Team,,14.0,0.0,Finished,25,+15.390
2023,MotoGP,THA,Sprint,THA,F. Morbidelli,Monster Energy Yamaha MotoGP,,15.0,0.0,Finished,21,+15.535
2023,MotoGP,THA,Sprint,THA,P. Espargaro,GASGAS Factory Racing Tech3,,16.0,0.0,Finished,44,+15.644
2023,MotoGP,THA,Sprint,THA,M. Oliveira,CryptoDATA RNF MotoGP Team,,17.0,0.0,Finished,88,+17.753
2023,MotoGP,THA,Sprint,THA,M. Viñales,Aprilia Racing,,18.0,0.0,Finished,12,+22.675
2023,MotoGP,THA,Sprint,THA,T. Nakagami,LCR Honda IDEMITSU,,19.0,0.0,Finished,30,+37.854
2023,MotoGP,THA,Sprint,THA,F. Di Giannantonio,Gresini Racing MotoGP,,,0.0,DNF,49,9 laps
2023,MotoGP,THA,Sprint,THA,A. Fernandez,GASGAS Factory Racing Tech3,,,0.0,DNF,37,5 laps
2023,MotoGP,VAL,Race,VAL,F. Bagnaia,Ducati Lenovo Team,,1.0,25.0,Finished,1,40:58.535
2023,MotoGP,VAL,Race,VAL,J. Zarco,Prima Pramac Racing,,2.0,20.0,Finished,5,+0.360
2023,MotoGP,VAL,Race,VAL,B. Binder,Red Bull KTM Factory Racing,,3.0,16.0,Finished,33,+2.347
2023,MotoGP,VAL,Race,VAL,F. Di Giannantonio,Gresini Racing MotoGP,,4.0,13.0,Finished,49,+3.176
2023,MotoGP,VAL,Race,VAL,R. Fernandez,CryptoDATA RNF MotoGP Team,,5.0,11.0,Finished,25,+4.636
2023,MotoGP,VAL,Race,VAL,A. Marquez,Gresini Racing MotoGP,,6.0,10.0,Finished,73,+4.708
2023,MotoGP,VAL,Race,VAL,F. Morbidelli,Monster Energy Yamaha MotoGP,,7.0,9.0,Finished,21,+4.736
2023,MotoGP,VAL,Race,VAL,A. Espargaro,Aprilia Racing,,8.0,8.0,Finished,41,+8.014
2023,MotoGP,VAL,Race,VAL,L. Marini,Mooney VR46 Racing Team,,9.0,7.0,Finished,10,+9.486
2023,MotoGP,VAL,Race,VAL,M. Viñales,Aprilia Racing,,10.0,6.0,Finished,12,+10.556
2023,MotoGP,VAL,Race,VAL,F. Quartararo,Monster Energy Yamaha MotoGP,,11.0,5.0,Finished,20,+12.001
2023,MotoGP,VAL,Race,VAL,T. Nakagami,LCR Honda IDEMITSU,,12.0,4.0,Finished,30,+21.695
2023,MotoGP,VAL,Race,VAL,L. Savadori,CryptoDATA RNF MotoGP Team,,13.0,3.0,Finished,32,+43.297
2023,MotoGP,VAL,Race,VAL,P. Espargaro,GASGAS Factory Racing Tech3,,14.0,2.0,Finished,44,+0.000
2023,MotoGP,VAL,Race,VAL,A. Rins,LCR Honda CASTROL,,,0.0,DNF,42,19 laps
2023,MotoGP,VAL,Race,VAL,J. Miller,Red Bull KTM Factory Racing,,,0.0,DNF,43,18 laps
2023,MotoGP,VAL,Race,VAL,A. Fernandez,GASGAS Factory Racing Tech3,,,0.0,DNF,37,9 laps
2023,MotoGP,VAL,Race,VAL,E. Bastianini,Ducati Lenovo Team,,,0.0,DNF,23,9 laps
2023,MotoGP,VAL,Race,VAL,J. Martin,Prima Pramac Racing,,,0.0,DNF,89,5 laps
2023,MotoGP,VAL,Race,VAL,M. Marquez,Repsol Honda Team,,,0.0,DNF,93,5 laps
2023,MotoGP,VAL,Race,VAL,M. Bezzecchi,Mooney VR46 Racing Team,,,0.0,DNF,72,
2023,MotoGP,VAL,Sprint,VAL,J. Martin,Prima Pramac Racing,,1.0,12.0,Finished,89,19:38.827
2023,MotoGP,VAL,Sprint,VAL,B. Binder,Red Bull KTM Factory Racing,,2.0,9.0,Finished,33,+0.190
2023,MotoGP,VAL,Sprint,VAL,M. Marquez,Repsol Honda Team,,3.0,7.0,Finished,93,+2.122
2023,MotoGP,VAL,Sprint,VAL,M. Viñales,Aprilia Racing,,4.0,6.0,Finished,12,+3.106
2023,MotoGP,VAL,Sprint,VAL,F. Bagnaia,Ducati Lenovo Team,,5.0,5.0,Finished,1,+4.253
2023,MotoGP,VAL,Sprint,VAL,F. Di Giannantonio,Gresini Racing MotoGP,,6.0,4.0,Finished,49,+4.400
2023,MotoGP,VAL,Sprint,VAL,M. Bezzecchi,Mooney VR46 Racing Team,,7.0,3.0,Finished,72,+4.502
2023,MotoGP,VAL,Sprint,VAL,A. Marquez,Gresini Racing MotoGP,,8.0,2.0,Finished,73,+5.578
2023,MotoGP,VAL,Sprint,VAL,J. Zarco,Prima Pramac Racing,,9.0,1.0,Finished,5,+5.910
2023,MotoGP,VAL,Sprint,VAL,A. Fernandez,GASGAS Factory Racing Tech3,,10.0,0.0,Finished,37,+6.095
2023,MotoGP,VAL,Sprint,VAL,R. Fernandez,CryptoDATA RNF MotoGP Team,,11.0,0.0,Finished,25,+7.674
2023,MotoGP,VAL,Sprint,VAL,J. Miller,Red Bull KTM Factory Racing,,12.0,0.0,Finished,43,+8.098
2023,MotoGP,VAL,Sprint,VAL,A. Espargaro,Aprilia Racing,,13.0,0.0,Finished,41,+9.513
2023,MotoGP,VAL,Sprint,VAL,P. Espargaro,GASGAS Factory Racing Tech3,,14.0,0.0,Finished,44,+12.453
2023,MotoGP,VAL,Sprint,VAL,E. Bastianini,Ducati Lenovo Team,,15.0,0.0,Finished,23,+12.599
2023,MotoGP,VAL,Sprint,VAL,T. Nakagami,LCR Honda IDEMITSU,,16.0,0.0,Finished,30,+13.787
2023,MotoGP,VAL,Sprint,VAL,L. Marini,Mooney VR46 Racing Team,,17.0,0.0,Finished,10,+13.887
2023,MotoGP,VAL,Sprint,VAL,F. Morbidelli,Monster Energy Yamaha MotoGP,,18.0,0.0,Finished,21,+14.943
2023,MotoGP,VAL,Sprint,VAL,A. Rins,LCR Honda CASTROL,,19.0,0.0,Finished,42,+20.378
2023,MotoGP,VAL,Sprint,VAL,L. Savadori,CryptoDATA RNF MotoGP Team,,20.0,0.0,Finished,32,+25.017
2023,MotoGP,VAL,Sprint,VAL,F. Quartararo,Monster Energy Yamaha MotoGP,,,0.0,DNF,20,4 laps
2024,MotoGP,AME,Race,AME,M. Viñales,Aprilia Racing,,1.0,25.0,Finished,12,41:09.503
2024,MotoGP,AME,Race,AME,P. Acosta,Red Bull GASGAS Tech3,,2.0,20.0,Finished,31,+1.728
2024,MotoGP,AME,Race,AME,E. Bastianini,Ducati Lenovo Team,,3.0,16.0,Finished,23,+2.703
2024,MotoGP,AME,Race,AME,J. Martin,Prima Pramac Racing,,4.0,13.0,Finished,89,+4.690
2024,MotoGP,AME,Race,AME,F. Bagnaia,Ducati Lenovo Team,,5.0,11.0,Finished,1,+7.392
2024,MotoGP,AME,Race,AME,F. Di Giannantonio,Pertamina Enduro VR46 Racing Team,,6.0,10.0,Finished,49,+9.980
2024,MotoGP,AME,Race,AME,A. Espargaro,Aprilia Racing,,7.0,9.0,Finished,41,+12.208
2024,MotoGP,AME,Race,AME,M. Bezzecchi,Pertamina Enduro VR46 Racing Team,,8.0,8.0,Finished,72,+13.343
2024,MotoGP,AME,Race,AME,B. Binder,Red Bull KTM Factory Racing,,9.0,7.0,Finished,33,+14.931
2024,MotoGP,AME,Race,AME,R. Fernandez,Trackhouse Racing,,10.0,6.0,Finished,25,+16.656
2024,MotoGP,AME,Race,AME,M. Oliveira,Trackhouse Racing,,11.0,5.0,Finished,88,+18.542
2024,MotoGP,AME,Race,AME,F. Quartararo,Monster Energy Yamaha MotoGP Team,,12.0,4.0,Finished,20,+22.899
2024,MotoGP,AME,Race,AME,J. Miller,Red Bull KTM Factory Racing,,13.0,3.0,Finished,43,+24.011
2024,MotoGP,AME,Race,AME,A. Fernandez,Red Bull GASGAS Tech3,,14.0,2.0,Finished,37,+27.652
2024,MotoGP,AME,Race,AME,A. Marquez,Gresini Racing MotoGP,,15.0,1.0,Finished,73,+32.855
2024,MotoGP,AME,Race,AME,L. Marini,Repsol Honda Team,,16.0,0.0,Finished,10,+33.529
2024,MotoGP,AME,Race,AME,A. Rins,Monster Energy Yamaha MotoGP Team,,,0.0,DNF,42,10 laps
2024,MotoGP,AME,Race,AME,M. Marquez,Gresini Racing MotoGP,,,0.0,DNF,93,10 laps
2024,MotoGP,AME,Race,AME,J. Mir,Repsol Honda Team,,,0.0,DNF,36,8 laps
2024,MotoGP,AME,Race,AME,F. Morbidelli,Prima Pramac Racing,,,0.0,DNF,21,7 laps
2024,MotoGP,AME,Race,AME,J. Zarco,CASTROL Honda LCR,,,0.0,DNF,5,6 laps
2024,MotoGP,AME,Race,AME,T. Nakagami,IDEMITSU Honda LCR,,,0.0,DNF,30,6 laps
2024,MotoGP,AME,Sprint,AME,M. Viñales,Aprilia Racing,,1.0,12.0,Finished,12,20:27.825
2024,MotoGP,AME,Sprint,AME,M. Marquez,Gresini Racing MotoGP,,2.0,9.0,Finished,93,+2.294
2024,MotoGP,AME,Sprint,AME,J. Martin,Prima Pramac Racing,,3.0,7.0,Finished,89,+4.399
2024,MotoGP,AME,Sprint,AME,P. Acosta,Red Bull GASGAS Tech3,,4.0,6.0,Finished,31,+6.480
2024,MotoGP,AME,Sprint,AME,A. Espargaro,Aprilia Racing,,5.0,5.0,Finished,41,+6.657
2024,MotoGP,AME,Sprint,AME,E. Bastianini,Ducati Lenovo Team,,6.0,4.0,Finished,23,+8.621
2024,MotoGP,AME,Sprint,AME,J. Miller,Red Bull KTM Factory Racing,,7.0,3.0,Finished,43,+9.237
2024,MotoGP,AME,Sprint,AME,F. Bagnaia,Ducati Lenovo Team,,8.0,2.0,Finished,1,+9.349
2024,MotoGP,AME,Sprint,AME,R. Fernandez,Trackhouse Racing,,9.0,1.0,Finished,25,+9.637
2024,MotoGP,AME,Sprint,AME,F. Morbidelli,Prima Pramac Racing,,10.0,0.0,Finished,21,+9.894
2024,MotoGP,AME,Sprint,AME,M. Oliveira,Trackhouse Racing,,11.0,0.0,Finished,88,+10.364
2024,MotoGP,AME,Sprint,AME,B. Binder,Red Bull KTM Factory Racing,,12.0,0.0,Finished,33,+10.724
2024,MotoGP,AME,Sprint,AME,M. Bezzecchi,Pertamina Enduro VR46 Racing Team,,13.0,0.0,Finished,72,+11.549
2024,MotoGP,AME,Sprint,AME,A. Marquez,Gresini Racing MotoGP,,14.0,0.0,Finished,73,+15.468
2024,MotoGP,AME,Sprint,AME,F. Quartararo,Monster Energy Yamaha MotoGP Team,,15.0,0.0,Finished,20,+15.574
2024,MotoGP,AME,Sprint,AME,A. Rins,Monster Energy Yamaha MotoGP Team,,16.0,0.0,Finished,42,+18.146
2024,MotoGP,AME,Sprint,AME,L. Marini,Repsol Honda Team,,17.0,0.0,Finished,10,+22.989
2024,MotoGP,AME,Sprint,AME,J. Zarco,CASTROL Honda LCR,,,0.0,DNF,5,6 laps
2024,MotoGP,AME,Sprint,AME,J. Mir,Repsol Honda Team,,,0.0,DNF,36,3 laps
2024,MotoGP,AME,Sprint,AME,T. Nakagami,IDEMITSU Honda LCR,,,0.0,DNF,30,
2024,MotoGP,AME,Sprint,AME,F. Di Giannantonio,Pertamina Enduro VR46 Racing Team,,,0.0,DNF,49,
2024,MotoGP,AME,Sprint,AME,A. Fernandez,Red Bull GASGAS Tech3,,,0.0,DNF,37,
2024,MotoGP,ARA,Race,ARA,M. Marquez,Gresini Racing MotoGP,,1.0,25.0,Finished,93,41:47.082
2024,MotoGP,ARA,Race,ARA,J. Martin,Prima Pramac Racing,,2.0,20.0,Finished,89,+4.789
2024,MotoGP,ARA,Race,ARA,P. Acosta,Red Bull GASGAS Tech3,,3.0,16.0,Finished,31,+14.904
2024,MotoGP,ARA,Race,ARA,B. Binder,Red Bull KTM Factory Racing,,4.0,13.0,Finished,33,+16.459
2024,MotoGP,ARA,Race,ARA,E. Bastianini,Ducati Lenovo Team,,5.0,11.0,Finished,23,+18.776
2024,MotoGP,ARA,Race,ARA,F. Morbidelli,Prima Pramac Racing,,6.0,10.0,Finished,21,+20.549
2024,MotoGP,ARA,Race,ARA,M. Bezzecchi,Pertamina Enduro VR46 Racing Team,,7.0,9.0,Finished,72,+24.759
2024,MotoGP,ARA,Race,ARA,F. Di Giannantonio,Pertamina Enduro VR46 Racing Team,,8.0,8.0,Finished,49,+37.159
2024,MotoGP,ARA,Race,ARA,A. Rins,Monster Energy Yamaha MotoGP Team,,9.0,7.0,Finished,42,+39.420
2024,MotoGP,ARA,Race,ARA,A. Espargaro,Aprilia Racing,,10.0,6.0,Finished,41,+40.602
2024,MotoGP,ARA,Race,ARA,T. Nakagami,IDEMITSU Honda LCR,,11.0,5.0,Finished,30,+41.782
2024,MotoGP,ARA,Race,ARA,A. Fernandez,Red Bull GASGAS Tech3,,12.0,4.0,Finished,37,+42.083
2024,MotoGP,ARA,Race,ARA,J. Zarco,CASTROL Honda LCR,,13.0,3.0,Finished,5,+43.264
2024,MotoGP,ARA,Race,ARA,J. Mir,Repsol Honda Team,,14.0,2.0,Finished,36,+49.735
2024,MotoGP,ARA,Race,ARA,J. Miller,Red Bull KTM Factory Racing,,15.0,1.0,Finished,43,+55.966
2024,MotoGP,ARA,Race,ARA,R. Fernandez,Trackhouse Racing,,16.0,0.0,Finished,25,+73.322
2024,MotoGP,ARA,Race,ARA,L. Marini,Repsol Honda Team,,17.0,0.0,Finished,10,+112.386
2024,MotoGP,ARA,Race,ARA,F. Bagnaia,Ducati Lenovo Team,,,0.0,DNF,1,17 laps
2024,MotoGP,ARA,Race,ARA,A. Marquez,Gresini Racing MotoGP,,,0.0,DNF,73,17 laps
2024,MotoGP,ARA,Race,ARA,M. Viñales,Aprilia Racing,,,0.0,DNF,12,10 laps
2024,MotoGP,ARA,Race,ARA,F. Quartararo,Monster Energy Yamaha MotoGP Team,,,0.0,DNF,20,5 laps
2024,MotoGP,ARA,Race,ARA,M. Oliveira,Trackhouse Racing,,,0.0,DNF,88,
2024,MotoGP,ARA,Sprint,ARA,M. Marquez,Gresini Racing MotoGP,,1.0,12.0,Finished,93,19:50.034
2024,MotoGP,ARA,Sprint,ARA,J. Martin,Prima Pramac Racing,,2.0,9.0,Finished,89,+2.961
2024,MotoGP,ARA,Sprint,ARA,P. Acosta,Red Bull GASGAS Tech3,,3.0,7.0,Finished,31,+6.694
2024,MotoGP,ARA,Sprint,ARA,A. Marquez,Gresini Racing MotoGP,,4.0,6.0,Finished,73,+9.950
2024,MotoGP,ARA,Sprint,ARA,M. Oliveira,Trackhouse Racing,,5.0,5.0,Finished,88,+11.749
2024,MotoGP,ARA,Sprint,ARA,B. Binder,Red Bull KTM Factory Racing,,6.0,4.0,Finished,33,+14.144
2024,MotoGP,ARA,Sprint,ARA,E. Bastianini,Ducati Lenovo Team,,7.0,3.0,Finished,23,+14.291
2024,MotoGP,ARA,Sprint,ARA,F. Quartararo,Monster Energy Yamaha MotoGP Team,,8.0,2.0,Finished,20,+18.836
2024,MotoGP,ARA,Sprint,ARA,F. Bagnaia,Ducati Lenovo Team,,9.0,1.0,Finished,1,+20.298
2024,MotoGP,ARA,Sprint,ARA,M. Bezzecchi,Pertamina Enduro VR46 Racing Team,,10.0,0.0,Finished,72,+20.448
2024,MotoGP,ARA,Sprint,ARA,R. Fernandez,Trackhouse Racing,,11.0,0.0,Finished,25,+20.678
2024,MotoGP,ARA,Sprint,ARA,A. Fernandez,Red Bull GASGAS Tech3,,12.0,0.0,Finished,37,+21.429
2024,MotoGP,ARA,Sprint,ARA,J. Miller,Red Bull KTM Factory Racing,,13.0,0.0,Finished,43,+22.110
2024,MotoGP,ARA,Sprint,ARA,T. Nakagami,IDEMITSU Honda LCR,,14.0,0.0,Finished,30,+22.440
2024,MotoGP,ARA,Sprint,ARA,F. Di Giannantonio,Pertamina Enduro VR46 Racing Team,,15.0,0.0,Finished,49,+23.468
2024,MotoGP,ARA,Sprint,ARA,L. Marini,Repsol Honda Team,,16.0,0.0,Finished,10,+26.822
2024,MotoGP,ARA,Sprint,ARA,A. Rins,Monster Energy Yamaha MotoGP Team,,17.0,0.0,Finished,42,+26.910
2024,MotoGP,ARA,Sprint,ARA,J. Mir,Repsol Honda Team,,18.0,0.0,Finished,36,+31.147
2024,MotoGP,ARA,Sprint,ARA,M. Viñales,Aprilia Racing,,19.0,0.0,Finished,12,+37.642
2024,MotoGP,ARA,Sprint,ARA,F. Morbidelli,Prima Pramac Racing,,,0.0,DNF,21,4 laps
2024,MotoGP,ARA,Sprint,ARA,J. Zarco,CASTROL Honda LCR,,,0.0,DNF,5,1 laps
2024,MotoGP,ARA,Sprint,ARA,A. Espargaro,Aprilia Racing,,,0.0,DNF,41,
2024,MotoGP,AUS,Race,AUS,M. Marquez,Gresini Racing MotoGP,,1.0,25.0,Finished,93,39:47.702
2024,MotoGP,AUS,Race,AUS,J. Martin,Prima Pramac Racing,,2.0,20.0,Finished,89,+0.997
2024,MotoGP,AUS,Race,AUS,F. Bagnaia,Ducati Lenovo Team,,3.0,16.0,Finished,1,+10.100
2024,MotoGP,AUS,Race,AUS,F. Di Giannantonio,Pertamina Enduro VR46 Racing Team,,4.0,13.0,Finished,49,+12.997
2024,MotoGP,AUS,Race,AUS,E. Bastianini,Ducati Lenovo Team,,5.0,11.0,Finished,23,+13.310
2024,MotoGP,AUS,Race,AUS,F. Morbidelli,Prima Pramac Racing,,6.0,10.0,Finished,21,+15.434
2024,MotoGP,AUS,Race,AUS,B. Binder,Red Bull KTM Factory Racing,,7.0,9.0,Finished,33,+15.450
2024,MotoGP,AUS,Race,AUS,M. Viñales,Aprilia Racing,,8.0,8.0,Finished,12,+16.636
2024,MotoGP,AUS,Race,AUS,F. Quartararo,Monster Energy Yamaha MotoGP Team,,9.0,7.0,Finished,20,+18.757
2024,MotoGP,AUS,Race,AUS,R. Fernandez,Trackhouse Racing,,10.0,6.0,Finished,25,+19.345
2024,MotoGP,AUS,Race,AUS,J. Miller,Red Bull KTM Factory Racing,,11.0,5.0,Finished,43,+19.932
2024,MotoGP,AUS,Race,AUS,J. Zarco,CASTROL Honda LCR,,12.0,4.0,Finished,5,+20.295
2024,MotoGP,AUS,Race,AUS,A. Rins,Monster Energy Yamaha MotoGP Team,,13.0,3.0,Finished,42,+22.210
2024,MotoGP,AUS,Race,AUS,L. Marini,Repsol Honda Team,,14.0,2.0,Finished,10,+24.239
2024,MotoGP,AUS,Race,AUS,A. Marquez,Gresini Racing MotoGP,,15.0,1.0,Finished,73,+24.591
2024,MotoGP,AUS,Race,AUS,A. Espargaro,Aprilia Racing,,16.0,0.0,Finished,41,+30.499
2024,MotoGP,AUS,Race,AUS,A. Fernandez,Red Bull GASGAS Tech3,,17.0,0.0,Finished,37,+30.533
2024,MotoGP,AUS,Race,AUS,T. Nakagami,IDEMITSU Honda LCR,,18.0,0.0,Finished,30,+30.765
2024,MotoGP,AUS,Race,AUS,M. Bezzecchi,Pertamina Enduro VR46 Racing Team,,19.0,0.0,Finished,72,+45.393
2024,MotoGP,AUS,Race,AUS,J. Mir,Repsol Honda Team,,,0.0,DNF,36,25 laps
2024,MotoGP,AUS,Race,AUS,L. Savadori,Trackhouse Racing,,,0.0,DNF,32,17 laps
2024,MotoGP,AUS,Sprint,AUS,J. Martin,Prima Pramac Racing,,1.0,12.0,Finished,89,19:13.301
2024,MotoGP,AUS,Sprint,AUS,M. Marquez,Gresini Racing MotoGP,,2.0,9.0,Finished,93,+1.520
2024,MotoGP,AUS,Sprint,AUS,E. Bastianini,Ducati Lenovo Team,,3.0,7.0,Finished,23,+4.368
2024,MotoGP,AUS,Sprint,AUS,F. Bagnaia,Ducati Lenovo Team,,4.0,6.0,Finished,1,+6.879
2024,MotoGP,AUS,Sprint,AUS,F. Morbidelli,Prima Pramac Racing,,5.0,5.0,Finished,21,+9.623
2024,MotoGP,AUS,Sprint,AUS,R. Fernandez,Trackhouse Racing,,6.0,4.0,Finished,25,+15.249
2024,MotoGP,AUS,Sprint,AUS,F. Di Giannantonio,Pertamina Enduro VR46 Racing Team,,7.0,3.0,Finished,49,+15.905
2024,MotoGP,AUS,Sprint,AUS,A. Espargaro,Aprilia Racing,,8.0,2.0,Finished,41,+19.280
2024,MotoGP,AUS,Sprint,AUS,A. Fernandez,Red Bull GASGAS Tech3,,9.0,1.0,Finished,37,+21.126
2024,MotoGP,AUS,Sprint,AUS,L. Marini,Repsol Honda Team,,10.0,0.0,Finished,10,+21.194
2024,MotoGP,AUS,Sprint,AUS,F. Quartararo,Monster Energy Yamaha MotoGP Team,,11.0,0.0,Finished,20,+21.379
2024,MotoGP,AUS,Sprint,AUS,A. Rins,Monster Energy Yamaha MotoGP Team,,12.0,0.0,Finished,42,+21.483
2024,MotoGP,AUS,Sprint,AUS,J. Mir,Repsol Honda Team,,13.0,0.0,Finished,36,+23.528
2024,MotoGP,AUS,Sprint,AUS,T. Nakagami,IDEMITSU Honda LCR,,14.0,0.0,Finished,30,+34.055
2024,MotoGP,AUS,Sprint,AUS,L. Savadori,Trackhouse Racing,,15.0,0.0,Finished,32,+38.324
2024,MotoGP,AUS,Sprint,AUS,B. Binder,Red Bull KTM Factory Racing,,,0.0,DNF,33,11 laps
2024,MotoGP,AUS,Sprint,AUS,M. Viñales,Aprilia Racing,,,0.0,DNF,12,11 laps
2024,MotoGP,AUS,Sprint,AUS,M. Bezzecchi,Pertamina Enduro VR46 Racing Team,,,0.0,DNF,72,11 laps
2024,MotoGP,AUS,Sprint,AUS,P. Acosta,Red Bull GASGAS Tech3,,,0.0,DNF,31,10 laps
2024,MotoGP,AUS,Sprint,AUS,J. Miller,Red Bull KTM Factory Racing,,,0.0,DNF,43,7 laps
2024,MotoGP,AUS,Sprint,AUS,A. Marquez,Gresini Racing MotoGP,,,0.0,DNF,73,5 laps
2024,MotoGP,AUS,Sprint,AUS,J. Zarco,CASTROL Honda LCR,,,0.0,DNF,5,4 laps
2024,MotoGP,AUT,Race,AUT,F. Bagnaia,Ducati Lenovo Team,,1.0,25.0,Finished,1,42:11.173
2024,MotoGP,AUT,Race,AUT,J. Martin,Prima Pramac Racing,,2.0,20.0,Finished,89,+3.232
2024,MotoGP,AUT,Race,AUT,E. Bastianini,Ducati Lenovo Team,,3.0,16.0,Finished,23,+7.357
2024,MotoGP,AUT,Race,AUT,M. Marquez,Gresini Racing MotoGP,,4.0,13.0,Finished,93,+13.836
2024,MotoGP,AUT,Race,AUT,B. Binder,Red Bull KTM Factory Racing,,5.0,11.0,Finished,33,+18.620
2024,MotoGP,AUT,Race,AUT,M. Bezzecchi,Pertamina Enduro VR46 Racing Team,,6.0,10.0,Finished,72,+21.206
2024,MotoGP,AUT,Race,AUT,M. Viñales,Aprilia Racing,,7.0,9.0,Finished,12,+24.322
2024,MotoGP,AUT,Race,AUT,F. Morbidelli,Prima Pramac Racing,,8.0,8.0,Finished,21,+27.677
2024,MotoGP,AUT,Race,AUT,A. Espargaro,Aprilia Racing,,9.0,7.0,Finished,41,+28.829
2024,MotoGP,AUT,Race,AUT,A. Marquez,Gresini Racing MotoGP,,10.0,6.0,Finished,73,+30.268
2024,MotoGP,AUT,Race,AUT,P. Espargaro,Red Bull KTM Factory Racing,,11.0,5.0,Finished,44,+30.526
2024,MotoGP,AUT,Race,AUT,M. Oliveira,Trackhouse Racing,,12.0,4.0,Finished,88,+30.702
2024,MotoGP,AUT,Race,AUT,P. Acosta,Red Bull GASGAS Tech3,,13.0,3.0,Finished,31,+33.736
2024,MotoGP,AUT,Race,AUT,T. Nakagami,IDEMITSU Honda LCR,,14.0,2.0,Finished,30,+36.310
2024,MotoGP,AUT,Race,AUT,A. Fernandez,Red Bull GASGAS Tech3,,15.0,1.0,Finished,37,+36.522
2024,MotoGP,AUT,Race,AUT,A. Rins,Monster Energy Yamaha MotoGP Team,,16.0,0.0,Finished,42,+37.571
2024,MotoGP,AUT,Race,AUT,J. Mir,Repsol Honda Team,,17.0,0.0,Finished,36,+40.432
2024,MotoGP,AUT,Race,AUT,F. Quartararo,Monster Energy Yamaha MotoGP Team,,18.0,0.0,Finished,20,+43.788
2024,MotoGP,AUT,Race,AUT,J. Miller,Red Bull KTM Factory Racing,,19.0,0.0,Finished,43,+44.134
2024,MotoGP,AUT,Race,AUT,L. Savadori,Aprilia Racing,,20.0,0.0,Finished,32,+44.576
2024,MotoGP,AUT,Race,AUT,J. Zarco,CASTROL Honda LCR,,21.0,0.0,Finished,5,+54.126
2024,MotoGP,AUT,Race,AUT,S. Bradl,HRC Test Team,,22.0,0.0,Finished,6,+54.923
2024,MotoGP,AUT,Race,AUT,R. Fernandez,Trackhouse Racing,,,0.0,DNF,25,27 laps
2024,MotoGP,AUT,Race,AUT,L. Marini,Repsol Honda Team,,,0.0,DNF,10,5 laps
2024,MotoGP,AUT,Sprint,AUT,F. Bagnaia,Ducati Lenovo Team,,1.0,12.0,Finished,1,20:59.768
2024,MotoGP,AUT,Sprint,AUT,J. Martin,Prima Pramac Racing,,2.0,9.0,Finished,89,+4.673
2024,MotoGP,AUT,Sprint,AUT,A. Espargaro,Aprilia Racing,,3.0,7.0,Finished,41,+7.584
2024,MotoGP,AUT,Sprint,AUT,E. Bastianini,Ducati Lenovo Team,,4.0,6.0,Finished,23,+9.685
2024,MotoGP,AUT,Sprint,AUT,J. Miller,Red Bull KTM Factory Racing,,5.0,5.0,Finished,43,+10.421
2024,MotoGP,AUT,Sprint,AUT,F. Morbidelli,Prima Pramac Racing,,6.0,4.0,Finished,21,+10.523
2024,MotoGP,AUT,Sprint,AUT,B. Binder,Red Bull KTM Factory Racing,,7.0,3.0,Finished,33,+10.941
2024,MotoGP,AUT,Sprint,AUT,M. Bezzecchi,Pertamina Enduro VR46 Racing Team,,8.0,2.0,Finished,72,+11.932
2024,MotoGP,AUT,Sprint,AUT,P. Espargaro,Red Bull KTM Factory Racing,,9.0,1.0,Finished,44,+15.101
2024,MotoGP,AUT,Sprint,AUT,P. Acosta,Red Bull GASGAS Tech3,,10.0,0.0,Finished,31,+16.611
2024,MotoGP,AUT,Sprint,AUT,M. Viñales,Aprilia Racing,,11.0,0.0,Finished,12,+16.759
2024,MotoGP,AUT,Sprint,AUT,F. Quartararo,Monster Energy Yamaha MotoGP Team,,12.0,0.0,Finished,20,+17.943
2024,MotoGP,AUT,Sprint,AUT,M. Oliveira,Trackhouse Racing,,13.0,0.0,Finished,88,+18.304
2024,MotoGP,AUT,Sprint,AUT,R. Fernandez,Trackhouse Racing,,14.0,0.0,Finished,25,+19.185
2024,MotoGP,AUT,Sprint,AUT,J. Zarco,CASTROL Honda LCR,,15.0,0.0,Finished,5,+21.330
2024,MotoGP,AUT,Sprint,AUT,T. Nakagami,IDEMITSU Honda LCR,,16.0,0.0,Finished,30,+22.940
2024,MotoGP,AUT,Sprint,AUT,L. Marini,Repsol Honda Team,,17.0,0.0,Finished,10,+25.830
2024,MotoGP,AUT,Sprint,AUT,L. Savadori,Aprilia Racing,,18.0,0.0,Finished,32,+26.622
2024,MotoGP,AUT,Sprint,AUT,J. Mir,Repsol Honda Team,,19.0,0.0,Finished,36,+27.458
2024,MotoGP,AUT,Sprint,AUT,A. Marquez,Gresini Racing MotoGP,,20.0,0.0,Finished,73,+37.870
2024,MotoGP,AUT,Sprint,AUT,A. Fernandez,Red Bull GASGAS Tech3,,,0.0,DNF,37,11 laps
2024,MotoGP,AUT,Sprint,AUT,M. Marquez,Gresini Racing MotoGP,,,0.0,DNF,93,10 laps
2024,MotoGP,AUT,Sprint,AUT,A. Rins,Monster Energy Yamaha MotoGP Team,,,0.0,DNF,42,10 laps
2024,MotoGP,AUT,Sprint,AUT,S. Bradl,HRC Test Team,,,0.0,DNF,6,5 laps
2024,MotoGP,CAT,Race,CAT,F. Bagnaia,Ducati Lenovo Team,,1.0,25.0,Finished,1,40:11.726
2024,MotoGP,CAT,Race,CAT,J. Martin,Prima Pramac Racing,,2.0,20.0,Finished,89,+1.740
2024,MotoGP,CAT,Race,CAT,M. Marquez,Gresini Racing MotoGP,,3.0,16.0,Finished,93,+10.491
2024,MotoGP,CAT,Race,CAT,A. Espargaro,Aprilia Racing,,4.0,13.0,Finished,41,+10.543
2024,MotoGP,CAT,Race,CAT,F. Di Giannantonio,Pertamina Enduro VR46 Racing Team,,5.0,11.0,Finished,49,+15.441
2024,MotoGP,CAT,Race,CAT,R. Fernandez,Trackhouse Racing,,6.0,10.0,Finished,25,+15.916
2024,MotoGP,CAT,Race,CAT,A. Marquez,Gresini Racing MotoGP,,7.0,9.0,Finished,73,+16.882
2024,MotoGP,CAT,Race,CAT,B. Binder,Red Bull KTM Factory Racing,,8.0,8.0,Finished,33,+18.578
2024,MotoGP,CAT,Race,CAT,F. Quartararo,Monster Energy Yamaha MotoGP Team,,9.0,7.0,Finished,20,+20.477
2024,MotoGP,CAT,Race,CAT,M. Oliveira,Trackhouse Racing,,10.0,6.0,Finished,88,+20.889
2024,MotoGP,CAT,Race,CAT,M. Bezzecchi,Pertamina Enduro VR46 Racing Team,,11.0,5.0,Finished,72,+21.023
2024,MotoGP,CAT,Race,CAT,M. Viñales,Aprilia Racing,,12.0,4.0,Finished,12,+22.137
2024,MotoGP,CAT,Race,CAT,P. Acosta,Red Bull GASGAS Tech3,,13.0,3.0,Finished,31,+31.967
2024,MotoGP,CAT,Race,CAT,T. Nakagami,IDEMITSU Honda LCR,,14.0,2.0,Finished,30,+32.987
2024,MotoGP,CAT,Race,CAT,J. Mir,Repsol Honda Team,,15.0,1.0,Finished,36,+33.132
2024,MotoGP,CAT,Race,CAT,J. Zarco,CASTROL Honda LCR,,16.0,0.0,Finished,5,+34.554
2024,MotoGP,CAT,Race,CAT,L. Marini,Repsol Honda Team,,17.0,0.0,Finished,10,+36.689
2024,MotoGP,CAT,Race,CAT,E. Bastianini,Ducati Lenovo Team,,18.0,0.0,Finished,23,+50.615
2024,MotoGP,CAT,Race,CAT,S. Bradl,HRC Test Team,,19.0,0.0,Finished,6,+55.295
2024,MotoGP,CAT,Race,CAT,A. Rins,Monster Energy Yamaha MotoGP Team,,20.0,0.0,Finished,42,+63.428
2024,MotoGP,CAT,Race,CAT,F. Morbidelli,Prima Pramac Racing,,,0.0,DNF,21,17 laps
2024,MotoGP,CAT,Race,CAT,A. Fernandez,Red Bull GASGAS Tech3,,,0.0,DNF,37,5 laps
2024,MotoGP,CAT,Race,CAT,J. Miller,Red Bull KTM Factory Racing,,,0.0,DNF,43,2 laps
2024,MotoGP,CAT,Sprint,CAT,A. Espargaro,Aprilia Racing,,1.0,12.0,Finished,41,20:01.478
2024,MotoGP,CAT,Sprint,CAT,M. Marquez,Gresini Racing MotoGP,,2.0,9.0,Finished,93,+0.892
2024,MotoGP,CAT,Sprint,CAT,P. Acosta,Red Bull GASGAS Tech3,,3.0,7.0,Finished,31,+1.169
2024,MotoGP,CAT,Sprint,CAT,J. Martin,Prima Pramac Racing,,4.0,6.0,Finished,89,+2.147
2024,MotoGP,CAT,Sprint,CAT,E. Bastianini,Ducati Lenovo Team,,5.0,5.0,Finished,23,+2.980
2024,MotoGP,CAT,Sprint,CAT,F. Di Giannantonio,Pertamina Enduro VR46 Racing Team,,6.0,4.0,Finished,49,+4.623
2024,MotoGP,CAT,Sprint,CAT,J. Miller,Red Bull KTM Factory Racing,,7.0,3.0,Finished,43,+8.084
2024,MotoGP,CAT,Sprint,CAT,M. Viñales,Aprilia Racing,,8.0,2.0,Finished,12,+8.245
2024,MotoGP,CAT,Sprint,CAT,M. Bezzecchi,Pertamina Enduro VR46 Racing Team,,9.0,1.0,Finished,72,+8.643
2024,MotoGP,CAT,Sprint,CAT,F. Quartararo,Monster Energy Yamaha MotoGP Team,,10.0,0.0,Finished,20,+9.241
2024,MotoGP,CAT,Sprint,CAT,F. Morbidelli,Prima Pramac Racing,,11.0,0.0,Finished,21,+9.537
2024,MotoGP,CAT,Sprint,CAT,A. Rins,Monster Energy Yamaha MotoGP Team,,12.0,0.0,Finished,42,+13.045
2024,MotoGP,CAT,Sprint,CAT,T. Nakagami,IDEMITSU Honda LCR,,13.0,0.0,Finished,30,+13.199
2024,MotoGP,CAT,Sprint,CAT,A. Marquez,Gresini Racing MotoGP,,14.0,0.0,Finished,73,+13.378
2024,MotoGP,CAT,Sprint,CAT,J. Mir,Repsol Honda Team,,15.0,0.0,Finished,36,+16.438
2024,MotoGP,CAT,Sprint,CAT,L. Marini,Repsol Honda Team,,16.0,0.0,Finished,10,+18.000
2024,MotoGP,CAT,Sprint,CAT,A. Fernandez,Red Bull GASGAS Tech3,,17.0,0.0,Finished,37,+25.262
2024,MotoGP,CAT,Sprint,CAT,S. Bradl,HRC Test Team,,18.0,0.0,Finished,6,+33.751
2024,MotoGP,CAT,Sprint,CAT,F. Bagnaia,Ducati Lenovo Team,,,0.0,DNF,1,11 laps
2024,MotoGP,CAT,Sprint,CAT,M. Oliveira,Trackhouse Racing,,,0.0,DNF,88,9 laps
2024,MotoGP,CAT,Sprint,CAT,J. Zarco,CASTROL Honda LCR,,,0.0,DNF,5,7 laps
2024,MotoGP,CAT,Sprint,CAT,B. Binder,Red Bull KTM Factory Racing,,,0.0,DNF,33,6 laps
2024,MotoGP,CAT,Sprint,CAT,R. Fernandez,Trackhouse Racing,,,0.0,DNF,25,4 laps
2024,MotoGP,EMI,Race,EMI,E. Bastianini,Ducati Lenovo Team,,1.0,25.0,Finished,23,41:14.653
2024,MotoGP,EMI,Race,EMI,J. Martin,Prima Pramac Racing,,2.0,20.0,Finished,89,+5.002
2024,MotoGP,EMI,Race,EMI,M. Marquez,Gresini Racing MotoGP,,3.0,16.0,Finished,93,+7.848
2024,MotoGP,EMI,Race,EMI,M. Bezzecchi,Pertamina Enduro VR46 Racing Team,,4.0,13.0,Finished,72,+9.200
2024,MotoGP,EMI,Race,EMI,F. Morbidelli,Prima Pramac Racing,,5.0,11.0,Finished,21,+13.601
2024,MotoGP,EMI,Race,EMI,M. Viñales,Aprilia Racing,,6.0,10.0,Finished,12,+15.484
2024,MotoGP,EMI,Race,EMI,F. Quartararo,Monster Energy Yamaha MotoGP Team,,7.0,9.0,Finished,20,+20.922
2024,MotoGP,EMI,Race,EMI,A. Espargaro,Aprilia Racing,,8.0,8.0,Finished,41,+22.795
2024,MotoGP,EMI,Race,EMI,A. Marquez,Gresini Racing MotoGP,,9.0,7.0,Finished,73,+27.704
2024,MotoGP,EMI,Race,EMI,M. Oliveira,Trackhouse Racing,,10.0,6.0,Finished,88,+31.891
2024,MotoGP,EMI,Race,EMI,J. Mir,Repsol Honda Team,,11.0,5.0,Finished,36,+33.062
2024,MotoGP,EMI,Race,EMI,L. Marini,Repsol Honda Team,,12.0,4.0,Finished,10,+35.411
2024,MotoGP,EMI,Race,EMI,R. Fernandez,Trackhouse Racing,,13.0,3.0,Finished,25,+36.335
2024,MotoGP,EMI,Race,EMI,F. Di Giannantonio,Pertamina Enduro VR46 Racing Team,,14.0,2.0,Finished,49,+37.395
2024,MotoGP,EMI,Race,EMI,J. Zarco,CASTROL Honda LCR,,15.0,1.0,Finished,5,+38.909
2024,MotoGP,EMI,Race,EMI,J. Miller,Red Bull KTM Factory Racing,,16.0,0.0,Finished,43,+40.454
2024,MotoGP,EMI,Race,EMI,T. Nakagami,IDEMITSU Honda LCR,,17.0,0.0,Finished,30,+46.394
2024,MotoGP,EMI,Race,EMI,A. Fernandez,Red Bull GASGAS Tech3,,18.0,0.0,Finished,37,+47.755
2024,MotoGP,EMI,Race,EMI,B. Binder,Red Bull KTM Factory Racing,,19.0,0.0,Finished,33,+85.918
2024,MotoGP,EMI,Race,EMI,F. Bagnaia,Ducati Lenovo Team,,,0.0,DNF,1,20 laps
2024,MotoGP,EMI,Race,EMI,P. Acosta,Red Bull GASGAS Tech3,,,0.0,DNF,31,8 laps
2024,MotoGP,EMI,Sprint,EMI,F. Bagnaia,Ducati Lenovo Team,,1.0,12.0,Finished,1,19:50.237
2024,MotoGP,EMI,Sprint,EMI,J. Martin,Prima Pramac Racing,,2.0,9.0,Finished,89,+0.285
2024,MotoGP,EMI,Sprint,EMI,E. Bastianini,Ducati Lenovo Team,,3.0,7.0,Finished,23,+1.319
2024,MotoGP,EMI,Sprint,EMI,M. Marquez,Gresini Racing MotoGP,,4.0,6.0,Finished,93,+5.386
2024,MotoGP,EMI,Sprint,EMI,P. Acosta,Red Bull GASGAS Tech3,,5.0,5.0,Finished,31,+6.580
2024,MotoGP,EMI,Sprint,EMI,B. Binder,Red Bull KTM Factory Racing,,6.0,4.0,Finished,33,+8.143
2024,MotoGP,EMI,Sprint,EMI,F. Quartararo,Monster Energy Yamaha MotoGP Team,,7.0,3.0,Finished,20,+8.405
2024,MotoGP,EMI,Sprint,EMI,M. Bezzecchi,Pertamina Enduro VR46 Racing Team,,8.0,2.0,Finished,72,+8.965
2024,MotoGP,EMI,Sprint,EMI,F. Morbidelli,Prima Pramac Racing,,9.0,1.0,Finished,21,+9.271
2024,MotoGP,EMI,Sprint,EMI,M. Viñales,Aprilia Racing,,10.0,0.0,Finished,12,+9.538
2024,MotoGP,EMI,Sprint,EMI,M. Oliveira,Trackhouse Racing,,11.0,0.0,Finished,88,+11.542
2024,MotoGP,EMI,Sprint,EMI,A. Espargaro,Aprilia Racing,,12.0,0.0,Finished,41,+12.049
2024,MotoGP,EMI,Sprint,EMI,A. Marquez,Gresini Racing MotoGP,,13.0,0.0,Finished,73,+16.566
2024,MotoGP,EMI,Sprint,EMI,J. Miller,Red Bull KTM Factory Racing,,14.0,0.0,Finished,43,+19.411
2024,MotoGP,EMI,Sprint,EMI,L. Marini,Repsol Honda Team,,15.0,0.0,Finished,10,+20.101
2024,MotoGP,EMI,Sprint,EMI,J. Zarco,CASTROL Honda LCR,,16.0,0.0,Finished,5,+20.598
2024,MotoGP,EMI,Sprint,EMI,R. Fernandez,Trackhouse Racing,,17.0,0.0,Finished,25,+20.742
2024,MotoGP,EMI,Sprint,EMI,F. Di Giannantonio,Pertamina Enduro VR46 Racing Team,,18.0,0.0,Finished,49,+22.819
2024,MotoGP,EMI,Sprint,EMI,T. Nakagami,IDEMITSU Honda LCR,,19.0,0.0,Finished,30,+25.394
2024,MotoGP,EMI,Sprint,EMI,A. Fernandez,Red Bull GASGAS Tech3,,20.0,0.0,Finished,37,+25.431
2024,MotoGP,EMI,Sprint,EMI,J. Mir,Repsol Honda Team,,21.0,0.0,Finished,36,+27.208
2024,MotoGP,FRA,Race,FRA,J. Martin,Prima Pramac Racing,,1.0,25.0,Finished,89,41:23.709
2024,MotoGP,FRA,Race,FRA,M. Marquez,Gresini Racing MotoGP,,2.0,20.0,Finished,93,+0.446
2024,MotoGP,FRA,Race,FRA,F. Bagnaia,Ducati Lenovo Team,,3.0,16.0,Finished,1,+0.585
2024,MotoGP,FRA,Race,FRA,E. Bastianini,Ducati Lenovo Team,,4.0,13.0,Finished,23,+2.206
2024,MotoGP,FRA,Race,FRA,M. Viñales,Aprilia Racing,,5.0,11.0,Finished,12,+4.053
2024,MotoGP,FRA,Race,FRA,F. Di Giannantonio,Pertamina Enduro VR46 Racing Team,,6.0,10.0,Finished,49,+9.480
2024,MotoGP,FRA,Race,FRA,F. Morbidelli,Prima Pramac Racing,,7.0,9.0,Finished,21,+9.868
2024,MotoGP,FRA,Race,FRA,B. Binder,Red Bull KTM Factory Racing,,8.0,8.0,Finished,33,+10.353
2024,MotoGP,FRA,Race,FRA,A. Espargaro,Aprilia Racing,,9.0,7.0,Finished,41,+11.392
2024,MotoGP,FRA,Race,FRA,A. Marquez,Gresini Racing MotoGP,,10.0,6.0,Finished,73,+13.442
2024,MotoGP,FRA,Race,FRA,R. Fernandez,Trackhouse Racing,,11.0,5.0,Finished,25,+24.201
2024,MotoGP,FRA,Race,FRA,J. Zarco,CASTROL Honda LCR,,12.0,4.0,Finished,5,+26.809
2024,MotoGP,FRA,Race,FRA,A. Fernandez,Red Bull GASGAS Tech3,,13.0,3.0,Finished,37,+27.426
2024,MotoGP,FRA,Race,FRA,T. Nakagami,IDEMITSU Honda LCR,,14.0,2.0,Finished,30,+30.026
2024,MotoGP,FRA,Race,FRA,A. Rins,Monster Energy Yamaha MotoGP Team,,15.0,1.0,Finished,42,+30.936
2024,MotoGP,FRA,Race,FRA,L. Marini,Repsol Honda Team,,16.0,0.0,Finished,10,+40.000
2024,MotoGP,FRA,Race,FRA,M. Oliveira,Trackhouse Racing,,,0.0,DNF,88,16 laps
2024,MotoGP,FRA,Race,FRA,J. Miller,Red Bull KTM Factory Racing,,,0.0,DNF,43,16 laps
2024,MotoGP,FRA,Race,FRA,F. Quartararo,Monster Energy Yamaha MotoGP Team,,,0.0,DNF,20,16 laps
2024,MotoGP,FRA,Race,FRA,J. Mir,Repsol Honda Team,,,0.0,DNF,36,14 laps
2024,MotoGP,FRA,Race,FRA,M. Bezzecchi,Pertamina Enduro VR46 Racing Team,,,0.0,DNF,72,3 laps
2024,MotoGP,FRA,Race,FRA,P. Acosta,Red Bull GASGAS Tech3,,,0.0,DNF,31,2 laps
2024,MotoGP,FRA,Sprint,FRA,J. Martin,Prima Pramac Racing,,1.0,12.0,Finished,89,19:49.694
2024,MotoGP,FRA,Sprint,FRA,M. Marquez,Gresini Racing MotoGP,,2.0,9.0,Finished,93,+2.280
2024,MotoGP,FRA,Sprint,FRA,M. Viñales,Aprilia Racing,,3.0,7.0,Finished,12,+4.174
2024,MotoGP,FRA,Sprint,FRA,E. Bastianini,Ducati Lenovo Team,,4.0,6.0,Finished,23,+4.798
2024,MotoGP,FRA,Sprint,FRA,A. Espargaro,Aprilia Racing,,5.0,5.0,Finished,41,+7.698
2024,MotoGP,FRA,Sprint,FRA,P. Acosta,Red Bull GASGAS Tech3,,6.0,4.0,Finished,31,+9.185
2024,MotoGP,FRA,Sprint,FRA,F. Di Giannantonio,Pertamina Enduro VR46 Racing Team,,7.0,3.0,Finished,49,+11.190
2024,MotoGP,FRA,Sprint,FRA,J. Miller,Red Bull KTM Factory Racing,,8.0,2.0,Finished,43,+11.516
2024,MotoGP,FRA,Sprint,FRA,R. Fernandez,Trackhouse Racing,,9.0,1.0,Finished,25,+12.257
2024,MotoGP,FRA,Sprint,FRA,F. Quartararo,Monster Energy Yamaha MotoGP Team,,10.0,0.0,Finished,20,+12.699
2024,MotoGP,FRA,Sprint,FRA,M. Oliveira,Trackhouse Racing,,11.0,0.0,Finished,88,+13.492
2024,MotoGP,FRA,Sprint,FRA,F. Morbidelli,Prima Pramac Racing,,12.0,0.0,Finished,21,+15.578
2024,MotoGP,FRA,Sprint,FRA,J. Zarco,CASTROL Honda LCR,,13.0,0.0,Finished,5,+16.439
2024,MotoGP,FRA,Sprint,FRA,A. Marquez,Gresini Racing MotoGP,,14.0,0.0,Finished,73,+16.816
2024,MotoGP,FRA,Sprint,FRA,B. Binder,Red Bull KTM Factory Racing,,15.0,0.0,Finished,33,+16.969
2024,MotoGP,FRA,Sprint,FRA,T. Nakagami,IDEMITSU Honda LCR,,16.0,0.0,Finished,30,+19.123
2024,MotoGP,FRA,Sprint,FRA,A. Fernandez,Red Bull GASGAS Tech3,,17.0,0.0,Finished,37,+23.618
2024,MotoGP,FRA,Sprint,FRA,L. Marini,Repsol Honda Team,,18.0,0.0,Finished,10,+27.854
2024,MotoGP,FRA,Sprint,FRA,M. Bezzecchi,Pertamina Enduro VR46 Racing Team,,,0.0,DNF,72,9 laps
2024,MotoGP,FRA,Sprint,FRA,A. Rins,Monster Energy Yamaha MotoGP Team,,,0.0,DNF,42,6 laps
2024,MotoGP,FRA,Sprint,FRA,J. Mir,Repsol Honda Team,,,0.0,DNF,36,4 laps
2024,MotoGP,FRA,Sprint,FRA,F. Bagnaia,Ducati Lenovo Team,,,0.0,DNF,1,3 laps
2024,MotoGP,GBR,Race,GBR,E. Bastianini,Ducati Lenovo Team,,1.0,25.0,Finished,23,39:51.879
2024,MotoGP,GBR,Race,GBR,J. Martin,Prima Pramac Racing,,2.0,20.0,Finished,89,+1.931
2024,MotoGP,GBR,Race,GBR,F. Bagnaia,Ducati Lenovo Team,,3.0,16.0,Finished,1,+5.866
2024,MotoGP,GBR,Race,GBR,M. Marquez,Gresini Racing MotoGP,,4.0,13.0,Finished,93,+6.906
2024,MotoGP,GBR,Race,GBR,F. Di Giannantonio,Pertamina Enduro VR46 Racing Team,,5.0,11.0,Finished,49,+7.736
2024,MotoGP,GBR,Race,GBR,A. Espargaro,Aprilia Racing,,6.0,10.0,Finished,41,+9.514
2024,MotoGP,GBR,Race,GBR,A. Marquez,Gresini Racing MotoGP,,7.0,9.0,Finished,73,+9.741
2024,MotoGP,GBR,Race,GBR,M. Bezzecchi,Pertamina Enduro VR46 Racing Team,,8.0,8.0,Finished,72,+14.016
2024,MotoGP,GBR,Race,GBR,P. Acosta,Red Bull GASGAS Tech3,,9.0,7.0,Finished,31,+16.386
2024,MotoGP,GBR,Race,GBR,F. Morbidelli,Prima Pramac Racing,,10.0,6.0,Finished,21,+23.609
2024,MotoGP,GBR,Race,GBR,F. Quartararo,Monster Energy Yamaha MotoGP Team,,11.0,5.0,Finished,20,+24.202
2024,MotoGP,GBR,Race,GBR,J. Miller,Red Bull KTM Factory Racing,,12.0,4.0,Finished,43,+25.767
2024,MotoGP,GBR,Race,GBR,M. Viñales,Aprilia Racing,,13.0,3.0,Finished,12,+26.751
2024,MotoGP,GBR,Race,GBR,J. Zarco,CASTROL Honda LCR,,14.0,2.0,Finished,5,+26.953
2024,MotoGP,GBR,Race,GBR,T. Nakagami,IDEMITSU Honda LCR,,15.0,1.0,Finished,30,+37.278
2024,MotoGP,GBR,Race,GBR,A. Fernandez,Red Bull GASGAS Tech3,,16.0,0.0,Finished,37,+37.605
2024,MotoGP,GBR,Race,GBR,L. Marini,Repsol Honda Team,,17.0,0.0,Finished,10,+47.507
2024,MotoGP,GBR,Race,GBR,R. Gardner,Monster Energy Yamaha MotoGP Team,,18.0,0.0,Finished,87,+59.137
2024,MotoGP,GBR,Race,GBR,J. Mir,Repsol Honda Team,,,0.0,DNF,36,11 laps
2024,MotoGP,GBR,Race,GBR,M. Oliveira,Trackhouse Racing,,,0.0,DNF,88,
2024,MotoGP,GBR,Race,GBR,B. Binder,Red Bull KTM Factory Racing,,,0.0,DNF,33,
2024,MotoGP,GBR,Race,GBR,R. Fernandez,Trackhouse Racing,,,0.0,DNF,25,
2024,MotoGP,GBR,Sprint,GBR,E. Bastianini,Ducati Lenovo Team,,1.0,12.0,Finished,23,19:49.929
2024,MotoGP,GBR,Sprint,GBR,J. Martin,Prima Pramac Racing,,2.0,9.0,Finished,89,+1.094
2024,MotoGP,GBR,Sprint,GBR,A. Espargaro,Aprilia Racing,,3.0,7.0,Finished,41,+2.023
2024,MotoGP,GBR,Sprint,GBR,B. Binder,Red Bull KTM Factory Racing,,4.0,6.0,Finished,33,+8.644
2024,MotoGP,GBR,Sprint,GBR,P. Acosta,Red Bull GASGAS Tech3,,5.0,5.0,Finished,31,+8.777
2024,MotoGP,GBR,Sprint,GBR,A. Marquez,Gresini Racing MotoGP,,6.0,4.0,Finished,73,+9.043
2024,MotoGP,GBR,Sprint,GBR,J. Miller,Red Bull KTM Factory Racing,,7.0,3.0,Finished,43,+11.504
2024,MotoGP,GBR,Sprint,GBR,M. Viñales,Aprilia Racing,,8.0,2.0,Finished,12,+11.689
2024,MotoGP,GBR,Sprint,GBR,F. Di Giannantonio,Pertamina Enduro VR46 Racing Team,,9.0,1.0,Finished,49,+11.828
2024,MotoGP,GBR,Sprint,GBR,M. Oliveira,Trackhouse Racing,,10.0,0.0,Finished,88,+13.328
2024,MotoGP,GBR,Sprint,GBR,F. Quartararo,Monster Energy Yamaha MotoGP Team,,11.0,0.0,Finished,20,+15.373
2024,MotoGP,GBR,Sprint,GBR,R. Fernandez,Trackhouse Racing,,12.0,0.0,Finished,25,+18.234
2024,MotoGP,GBR,Sprint,GBR,A. Fernandez,Red Bull GASGAS Tech3,,13.0,0.0,Finished,37,+18.326
2024,MotoGP,GBR,Sprint,GBR,J. Zarco,CASTROL Honda LCR,,14.0,0.0,Finished,5,+18.492
2024,MotoGP,GBR,Sprint,GBR,L. Marini,Repsol Honda Team,,15.0,0.0,Finished,10,+19.050
2024,MotoGP,GBR,Sprint,GBR,J. Mir,Repsol Honda Team,,16.0,0.0,Finished,36,+19.674
2024,MotoGP,GBR,Sprint,GBR,T. Nakagami,IDEMITSU Honda LCR,,17.0,0.0,Finished,30,+29.302
2024,MotoGP,GBR,Sprint,GBR,R. Gardner,Monster Energy Yamaha MotoGP Team,,18.0,0.0,Finished,87,+31.070
2024,MotoGP,GBR,Sprint,GBR,M. Marquez,Gresini Racing MotoGP,,,0.0,DNF,93,9 laps
2024,MotoGP,GBR,Sprint,GBR,F. Bagnaia,Ducati Lenovo Team,,,0.0,DNF,1,4 laps
2024,MotoGP,GBR,Sprint,GBR,M. Bezzecchi,Pertamina Enduro VR46 Racing Team,,,0.0,DNF,72,
2024,MotoGP,GBR,Sprint,GBR,F. Morbidelli,Prima Pramac Racing,,,0.0,DNF,21,
2024,MotoGP,GER,Race,GER,F. Bagnaia,Ducati Lenovo Team,,1.0,25.0,Finished,1,40:40.063
2024,MotoGP,GER,Race,GER,M. Marquez,Gresini Racing MotoGP,,2.0,20.0,Finished,93,+3.804
2024,MotoGP,GER,Race,GER,A. Marquez,Gresini Racing MotoGP,,3.0,16.0,Finished,73,+4.334
2024,MotoGP,GER,Race,GER,E. Bastianini,Ducati Lenovo Team,,4.0,13.0,Finished,23,+5.317
2024,MotoGP,GER,Race,GER,F. Morbidelli,Prima Pramac Racing,,5.0,11.0,Finished,21,+5.557
2024,MotoGP,GER,Race,GER,M. Oliveira,Trackhouse Racing,,6.0,10.0,Finished,88,+10.481
2024,MotoGP,GER,Race,GER,P. Acosta,Red Bull GASGAS Tech3,,7.0,9.0,Finished,31,+14.746
2024,MotoGP,GER,Race,GER,M. Bezzecchi,Pertamina Enduro VR46 Racing Team,,8.0,8.0,Finished,72,+14.930
2024,MotoGP,GER,Race,GER,B. Binder,Red Bull KTM Factory Racing,,9.0,7.0,Finished,33,+15.084
2024,MotoGP,GER,Race,GER,R. Fernandez,Trackhouse Racing,,10.0,6.0,Finished,25,+16.384
2024,MotoGP,GER,Race,GER,F. Quartararo,Monster Energy Yamaha MotoGP Team,,11.0,5.0,Finished,20,+17.235
2024,MotoGP,GER,Race,GER,M. Viñales,Aprilia Racing,,12.0,4.0,Finished,12,+18.865
2024,MotoGP,GER,Race,GER,J. Miller,Red Bull KTM Factory Racing,,13.0,3.0,Finished,43,+25.425
2024,MotoGP,GER,Race,GER,T. Nakagami,IDEMITSU Honda LCR,,14.0,2.0,Finished,30,+25.817
2024,MotoGP,GER,Race,GER,L. Marini,Repsol Honda Team,,15.0,1.0,Finished,10,+25.854
2024,MotoGP,GER,Race,GER,A. Fernandez,Red Bull GASGAS Tech3,,16.0,0.0,Finished,37,+41.495
2024,MotoGP,GER,Race,GER,J. Zarco,CASTROL Honda LCR,,17.0,0.0,Finished,5,+41.952
2024,MotoGP,GER,Race,GER,J. Mir,Repsol Honda Team,,18.0,0.0,Finished,36,+43.145
2024,MotoGP,GER,Race,GER,R. Gardner,Monster Energy Yamaha MotoGP Team,,19.0,0.0,Finished,87,+50.115
2024,MotoGP,GER,Race,GER,S. Bradl,HRC Test Team,,20.0,0.0,Finished,6,+59.047
2024,MotoGP,GER,Race,GER,J. Martin,Prima Pramac Racing,,,0.0,DNF,89,28 laps
2024,MotoGP,GER,Race,GER,F. Di Giannantonio,Pertamina Enduro VR46 Racing Team,,,0.0,DNF,49,9 laps
2024,MotoGP,GER,Sprint,GER,J. Martin,Prima Pramac Racing,,1.0,12.0,Finished,89,20:18.904
2024,MotoGP,GER,Sprint,GER,M. Oliveira,Trackhouse Racing,,2.0,9.0,Finished,88,+0.676
2024,MotoGP,GER,Sprint,GER,F. Bagnaia,Ducati Lenovo Team,,3.0,7.0,Finished,1,+1.311
2024,MotoGP,GER,Sprint,GER,E. Bastianini,Ducati Lenovo Team,,4.0,6.0,Finished,23,+1.458
2024,MotoGP,GER,Sprint,GER,F. Morbidelli,Prima Pramac Racing,,5.0,5.0,Finished,21,+5.600
2024,MotoGP,GER,Sprint,GER,M. Marquez,Gresini Racing MotoGP,,6.0,4.0,Finished,93,+6.281
2024,MotoGP,GER,Sprint,GER,M. Viñales,Aprilia Racing,,7.0,3.0,Finished,12,+6.284
2024,MotoGP,GER,Sprint,GER,B. Binder,Red Bull KTM Factory Racing,,8.0,2.0,Finished,33,+9.061
2024,MotoGP,GER,Sprint,GER,A. Marquez,Gresini Racing MotoGP,,9.0,1.0,Finished,73,+9.201
2024,MotoGP,GER,Sprint,GER,M. Bezzecchi,Pertamina Enduro VR46 Racing Team,,10.0,0.0,Finished,72,+10.800
2024,MotoGP,GER,Sprint,GER,J. Miller,Red Bull KTM Factory Racing,,11.0,0.0,Finished,43,+13.815
2024,MotoGP,GER,Sprint,GER,F. Di Giannantonio,Pertamina Enduro VR46 Racing Team,,12.0,0.0,Finished,49,+13.960
2024,MotoGP,GER,Sprint,GER,F. Quartararo,Monster Energy Yamaha MotoGP Team,,13.0,0.0,Finished,20,+14.432
2024,MotoGP,GER,Sprint,GER,R. Fernandez,Trackhouse Racing,,14.0,0.0,Finished,25,+15.329
2024,MotoGP,GER,Sprint,GER,L. Marini,Repsol Honda Team,,15.0,0.0,Finished,10,+15.430
2024,MotoGP,GER,Sprint,GER,A. Fernandez,Red Bull GASGAS Tech3,,16.0,0.0,Finished,37,+15.493
2024,MotoGP,GER,Sprint,GER,J. Zarco,CASTROL Honda LCR,,17.0,0.0,Finished,5,+16.205
2024,MotoGP,GER,Sprint,GER,T. Nakagami,IDEMITSU Honda LCR,,18.0,0.0,Finished,30,+20.321
2024,MotoGP,GER,Sprint,GER,S. Bradl,HRC Test Team,,19.0,0.0,Finished,6,+23.733
2024,MotoGP,GER,Sprint,GER,R. Gardner,Monster Energy Yamaha MotoGP Team,,20.0,0.0,Finished,87,+26.366
2024,MotoGP,GER,Sprint,GER,J. Mir,Repsol Honda Team,,21.0,0.0,Finished,36,+26.668
2024,MotoGP,GER,Sprint,GER,P. Acosta,Red Bull GASGAS Tech3,,22.0,0.0,Finished,31,+26.715
2024,MotoGP,INA,Race,INA,J. Martin,Prima Pramac Racing,,1.0,25.0,Finished,89,41:04.389
2024,MotoGP,INA,Race,INA,P. Acosta,Red Bull GASGAS Tech3,,2.0,20.0,Finished,31,+1.404
2024,MotoGP,INA,Race,INA,F. Bagnaia,Ducati Lenovo Team,,3.0,16.0,Finished,1,+5.595
2024,MotoGP,INA,Race,INA,F. Morbidelli,Prima Pramac Racing,,4.0,13.0,Finished,21,+6.507
2024,MotoGP,INA,Race,INA,M. Bezzecchi,Pertamina Enduro VR46 Racing Team,,5.0,11.0,Finished,72,+6.772
2024,MotoGP,INA,Race,INA,M. Viñales,Aprilia Racing,,6.0,10.0,Finished,12,+11.330
2024,MotoGP,INA,Race,INA,F. Quartararo,Monster Energy Yamaha MotoGP Team,,7.0,9.0,Finished,20,+13.203
2024,MotoGP,INA,Race,INA,B. Binder,Red Bull KTM Factory Racing,,8.0,8.0,Finished,33,+14.862
2024,MotoGP,INA,Race,INA,J. Zarco,CASTROL Honda LCR,,9.0,7.0,Finished,5,+15.151
2024,MotoGP,INA,Race,INA,R. Fernandez,Trackhouse Racing,,10.0,6.0,Finished,25,+21.079
2024,MotoGP,INA,Race,INA,A. Rins,Monster Energy Yamaha MotoGP Team,,11.0,5.0,Finished,42,+33.633
2024,MotoGP,INA,Race,INA,T. Nakagami,IDEMITSU Honda LCR,,12.0,4.0,Finished,30,+43.696
2024,MotoGP,INA,Race,INA,E. Bastianini,Ducati Lenovo Team,,,0.0,DNF,23,20 laps
2024,MotoGP,INA,Race,INA,A. Fernandez,Red Bull GASGAS Tech3,,,0.0,DNF,37,19 laps
2024,MotoGP,INA,Race,INA,J. Mir,Repsol Honda Team,,,0.0,DNF,36,12 laps
2024,MotoGP,INA,Race,INA,M. Marquez,Gresini Racing MotoGP,,,0.0,DNF,93,11 laps
2024,MotoGP,INA,Race,INA,F. Di Giannantonio,Pertamina Enduro VR46 Racing Team,,,0.0,DNF,49,8 laps
2024,MotoGP,INA,Race,INA,A. Espargaro,Aprilia Racing,,,0.0,DNF,41,
2024,MotoGP,INA,Race,INA,L. Marini,Repsol Honda Team,,,0.0,DNF,10,
2024,MotoGP,INA,Race,INA,A. Marquez,Gresini Racing MotoGP,,,0.0,DNF,73,
2024,MotoGP,INA,Race,INA,J. Miller,Red Bull KTM Factory Racing,,,0.0,DNF,43,
2024,MotoGP,INA,Sprint,INA,F. Bagnaia,Ducati Lenovo Team,,1.0,12.0,Finished,1,19:41.354
2024,MotoGP,INA,Sprint,INA,E. Bastianini,Ducati Lenovo Team,,2.0,9.0,Finished,23,+0.107
2024,MotoGP,INA,Sprint,INA,M. Marquez,Gresini Racing MotoGP,,3.0,7.0,Finished,93,+1.701
2024,MotoGP,INA,Sprint,INA,M. Bezzecchi,Pertamina Enduro VR46 Racing Team,,4.0,6.0,Finished,72,+3.072
2024,MotoGP,INA,Sprint,INA,F. Morbidelli,Prima Pramac Racing,,5.0,5.0,Finished,21,+5.967
2024,MotoGP,INA,Sprint,INA,P. Acosta,Red Bull GASGAS Tech3,,6.0,4.0,Finished,31,+6.210
2024,MotoGP,INA,Sprint,INA,M. Viñales,Aprilia Racing,,7.0,3.0,Finished,12,+6.664
2024,MotoGP,INA,Sprint,INA,J. Zarco,CASTROL Honda LCR,,8.0,2.0,Finished,5,+6.938
2024,MotoGP,INA,Sprint,INA,F. Di Giannantonio,Pertamina Enduro VR46 Racing Team,,9.0,1.0,Finished,49,+7.706
2024,MotoGP,INA,Sprint,INA,J. Martin,Prima Pramac Racing,,10.0,0.0,Finished,89,+9.104
2024,MotoGP,INA,Sprint,INA,J. Miller,Red Bull KTM Factory Racing,,11.0,0.0,Finished,43,+9.618
2024,MotoGP,INA,Sprint,INA,F. Quartararo,Monster Energy Yamaha MotoGP Team,,12.0,0.0,Finished,20,+9.843
2024,MotoGP,INA,Sprint,INA,B. Binder,Red Bull KTM Factory Racing,,13.0,0.0,Finished,33,+11.118
2024,MotoGP,INA,Sprint,INA,A. Marquez,Gresini Racing MotoGP,,14.0,0.0,Finished,73,+12.418
2024,MotoGP,INA,Sprint,INA,A. Rins,Monster Energy Yamaha MotoGP Team,,15.0,0.0,Finished,42,+12.579
2024,MotoGP,INA,Sprint,INA,A. Espargaro,Aprilia Racing,,16.0,0.0,Finished,41,+12.952
2024,MotoGP,INA,Sprint,INA,T. Nakagami,IDEMITSU Honda LCR,,17.0,0.0,Finished,30,+13.351
2024,MotoGP,INA,Sprint,INA,L. Marini,Repsol Honda Team,,18.0,0.0,Finished,10,+15.496
2024,MotoGP,INA,Sprint,INA,R. Fernandez,Trackhouse Racing,,19.0,0.0,Finished,25,+29.895
2024,MotoGP,INA,Sprint,INA,A. Fernandez,Red Bull GASGAS Tech3,,,0.0,DNF,37,11 laps
2024,MotoGP,INA,Sprint,INA,J. Mir,Repsol Honda Team,,,0.0,DNF,36,1 laps
2024,MotoGP,ITA,Race,ITA,F. Bagnaia,Ducati Lenovo Team,,1.0,25.0,Finished,1,40:51.385
2024,MotoGP,ITA,Race,ITA,E. Bastianini,Ducati Lenovo Team,,2.0,20.0,Finished,23,+0.799
2024,MotoGP,ITA,Race,ITA,J. Martin,Prima Pramac Racing,,3.0,16.0,Finished,89,+0.924
2024,MotoGP,ITA,Race,ITA,M. Marquez,Gresini Racing MotoGP,,4.0,13.0,Finished,93,+2.064
2024,MotoGP,ITA,Race,ITA,P. Acosta,Red Bull GASGAS Tech3,,5.0,11.0,Finished,31,+7.501
2024,MotoGP,ITA,Race,ITA,F. Morbidelli,Prima Pramac Racing,,6.0,10.0,Finished,21,+9.890
2024,MotoGP,ITA,Race,ITA,F. Di Giannantonio,Pertamina Enduro VR46 Racing Team,,7.0,9.0,Finished,49,+10.076
2024,MotoGP,ITA,Race,ITA,M. Viñales,Aprilia Racing,,8.0,8.0,Finished,12,+11.683
2024,MotoGP,ITA,Race,ITA,A. Marquez,Gresini Racing MotoGP,,9.0,7.0,Finished,73,+13.535
2024,MotoGP,ITA,Race,ITA,B. Binder,Red Bull KTM Factory Racing,,10.0,6.0,Finished,33,+15.901
2024,MotoGP,ITA,Race,ITA,A. Espargaro,Aprilia Racing,,11.0,5.0,Finished,41,+19.182
2024,MotoGP,ITA,Race,ITA,R. Fernandez,Trackhouse Racing,,12.0,4.0,Finished,25,+20.307
2024,MotoGP,ITA,Race,ITA,M. Bezzecchi,Pertamina Enduro VR46 Racing Team,,13.0,3.0,Finished,72,+20.346
2024,MotoGP,ITA,Race,ITA,M. Oliveira,Trackhouse Racing,,14.0,2.0,Finished,88,+23.292
2024,MotoGP,ITA,Race,ITA,A. Rins,Monster Energy Yamaha MotoGP Team,,15.0,1.0,Finished,42,+23.613
2024,MotoGP,ITA,Race,ITA,J. Miller,Red Bull KTM Factory Racing,,16.0,0.0,Finished,43,+28.417
2024,MotoGP,ITA,Race,ITA,P. Espargaro,Red Bull KTM Factory Racing,,17.0,0.0,Finished,44,+28.778
2024,MotoGP,ITA,Race,ITA,F. Quartararo,Monster Energy Yamaha MotoGP Team,,18.0,0.0,Finished,20,+30.622
2024,MotoGP,ITA,Race,ITA,J. Zarco,CASTROL Honda LCR,,19.0,0.0,Finished,5,+31.457
2024,MotoGP,ITA,Race,ITA,L. Marini,Repsol Honda Team,,20.0,0.0,Finished,10,+32.310
2024,MotoGP,ITA,Race,ITA,L. Savadori,Aprilia Racing,,21.0,0.0,Finished,32,+46.724
2024,MotoGP,ITA,Race,ITA,T. Nakagami,IDEMITSU Honda LCR,,,0.0,DNF,30,9 laps
2024,MotoGP,ITA,Race,ITA,J. Mir,Repsol Honda Team,,,0.0,DNF,36,6 laps
2024,MotoGP,ITA,Race,ITA,A. Fernandez,Red Bull GASGAS Tech3,,,0.0,DNF,37,4 laps
2024,MotoGP,ITA,Sprint,ITA,F. Bagnaia,Ducati Lenovo Team,,1.0,12.0,Finished,1,19:30.251
2024,MotoGP,ITA,Sprint,ITA,M. Marquez,Gresini Racing MotoGP,,2.0,9.0,Finished,93,+1.469
2024,MotoGP,ITA,Sprint,ITA,P. Acosta,Red Bull GASGAS Tech3,,3.0,7.0,Finished,31,+4.147
2024,MotoGP,ITA,Sprint,ITA,F. Morbidelli,Prima Pramac Racing,,4.0,6.0,Finished,21,+5.421
2024,MotoGP,ITA,Sprint,ITA,M. Viñales,Aprilia Racing,,5.0,5.0,Finished,12,+7.693
2024,MotoGP,ITA,Sprint,ITA,B. Binder,Red Bull KTM Factory Racing,,6.0,4.0,Finished,33,+8.271
2024,MotoGP,ITA,Sprint,ITA,F. Di Giannantonio,Pertamina Enduro VR46 Racing Team,,7.0,3.0,Finished,49,+8.571
2024,MotoGP,ITA,Sprint,ITA,A. Marquez,Gresini Racing MotoGP,,8.0,2.0,Finished,73,+8.846
2024,MotoGP,ITA,Sprint,ITA,A. Espargaro,Aprilia Racing,,9.0,1.0,Finished,41,+8.984
2024,MotoGP,ITA,Sprint,ITA,R. Fernandez,Trackhouse Racing,,10.0,0.0,Finished,25,+10.085
2024,MotoGP,ITA,Sprint,ITA,M. Bezzecchi,Pertamina Enduro VR46 Racing Team,,11.0,0.0,Finished,72,+10.199
2024,MotoGP,ITA,Sprint,ITA,J. Miller,Red Bull KTM Factory Racing,,12.0,0.0,Finished,43,+13.988
2024,MotoGP,ITA,Sprint,ITA,A. Rins,Monster Energy Yamaha MotoGP Team,,13.0,0.0,Finished,42,+14.137
2024,MotoGP,ITA,Sprint,ITA,P. Espargaro,Red Bull KTM Factory Racing,,14.0,0.0,Finished,44,+18.259
2024,MotoGP,ITA,Sprint,ITA,J. Zarco,CASTROL Honda LCR,,15.0,0.0,Finished,5,+18.309
2024,MotoGP,ITA,Sprint,ITA,T. Nakagami,IDEMITSU Honda LCR,,16.0,0.0,Finished,30,+19.374
2024,MotoGP,ITA,Sprint,ITA,A. Fernandez,Red Bull GASGAS Tech3,,17.0,0.0,Finished,37,+23.060
2024,MotoGP,ITA,Sprint,ITA,L. Savadori,Aprilia Racing,,18.0,0.0,Finished,32,+24.596
2024,MotoGP,ITA,Sprint,ITA,L. Marini,Repsol Honda Team,,19.0,0.0,Finished,10,+25.587
2024,MotoGP,ITA,Sprint,ITA,J. Martin,Prima Pramac Racing,,,0.0,DNF,89,7 laps
2024,MotoGP,ITA,Sprint,ITA,J. Mir,Repsol Honda Team,,,0.0,DNF,36,4 laps
2024,MotoGP,ITA,Sprint,ITA,E. Bastianini,Ducati Lenovo Team,,,0.0,DNF,23,2 laps
2024,MotoGP,ITA,Sprint,ITA,M. Oliveira,Trackhouse Racing,,,0.0,DNF,88,1 laps
2024,MotoGP,ITA,Sprint,ITA,F. Quartararo,Monster Energy Yamaha MotoGP Team,,,0.0,DNF,20,1 laps
2024,MotoGP,JPN,Race,JPN,F. Bagnaia,Ducati Lenovo Team,,1.0,25.0,Finished,1,42:09.790
2024,MotoGP,JPN,Race,JPN,J. Martin,Prima Pramac Racing,,2.0,20.0,Finished,89,+1.189
2024,MotoGP,JPN,Race,JPN,M. Marquez,Gresini Racing MotoGP,,3.0,16.0,Finished,93,+3.822
2024,MotoGP,JPN,Race,JPN,E. Bastianini,Ducati Lenovo Team,,4.0,13.0,Finished,23,+4.358
2024,MotoGP,JPN,Race,JPN,F. Morbidelli,Prima Pramac Racing,,5.0,11.0,Finished,21,+17.940
2024,MotoGP,JPN,Race,JPN,B. Binder,Red Bull KTM Factory Racing,,6.0,10.0,Finished,33,+18.502
2024,MotoGP,JPN,Race,JPN,M. Bezzecchi,Pertamina Enduro VR46 Racing Team,,7.0,9.0,Finished,72,+19.371
2024,MotoGP,JPN,Race,JPN,F. Di Giannantonio,Pertamina Enduro VR46 Racing Team,,8.0,8.0,Finished,49,+20.199
2024,MotoGP,JPN,Race,JPN,A. Espargaro,Aprilia Racing,,9.0,7.0,Finished,41,+30.442
2024,MotoGP,JPN,Race,JPN,J. Miller,Red Bull KTM Factory Racing,,10.0,6.0,Finished,43,+31.184
2024,MotoGP,JPN,Race,JPN,J. Zarco,CASTROL Honda LCR,,11.0,5.0,Finished,5,+31.567
2024,MotoGP,JPN,Race,JPN,F. Quartararo,Monster Energy Yamaha MotoGP Team,,12.0,4.0,Finished,20,+32.299
2024,MotoGP,JPN,Race,JPN,T. Nakagami,IDEMITSU Honda LCR,,13.0,3.0,Finished,30,+33.003
2024,MotoGP,JPN,Race,JPN,L. Marini,Repsol Honda Team,,14.0,2.0,Finished,10,+35.974
2024,MotoGP,JPN,Race,JPN,R. Fernandez,Trackhouse Racing,,15.0,1.0,Finished,25,+39.321
2024,MotoGP,JPN,Race,JPN,A. Rins,Monster Energy Yamaha MotoGP Team,,16.0,0.0,Finished,42,+40.839
2024,MotoGP,JPN,Race,JPN,R. Gardner,Yamaha Factory Racing Team,,17.0,0.0,Finished,87,+59.547
2024,MotoGP,JPN,Race,JPN,P. Acosta,Red Bull GASGAS Tech3,,,0.0,DNF,31,12 laps
2024,MotoGP,JPN,Race,JPN,M. Viñales,Aprilia Racing,,,0.0,DNF,12,11 laps
2024,MotoGP,JPN,Race,JPN,A. Fernandez,Red Bull GASGAS Tech3,,,0.0,DNF,37,6 laps
2024,MotoGP,JPN,Race,JPN,L. Savadori,Trackhouse Racing,,,0.0,DNF,32,1 laps
2024,MotoGP,JPN,Race,JPN,J. Mir,Repsol Honda Team,,,0.0,DNF,36,
2024,MotoGP,JPN,Race,JPN,A. Marquez,Gresini Racing MotoGP,,,0.0,DNF,73,
2024,MotoGP,JPN,Sprint,JPN,F. Bagnaia,Ducati Lenovo Team,,1.0,12.0,Finished,1,21:01.074
2024,MotoGP,JPN,Sprint,JPN,E. Bastianini,Ducati Lenovo Team,,2.0,9.0,Finished,23,+0.181
2024,MotoGP,JPN,Sprint,JPN,M. Marquez,Gresini Racing MotoGP,,3.0,7.0,Finished,93,+0.349
2024,MotoGP,JPN,Sprint,JPN,J. Martin,Prima Pramac Racing,,4.0,6.0,Finished,89,+2.498
2024,MotoGP,JPN,Sprint,JPN,F. Morbidelli,Prima Pramac Racing,,5.0,5.0,Finished,21,+4.326
2024,MotoGP,JPN,Sprint,JPN,F. Di Giannantonio,Pertamina Enduro VR46 Racing Team,,6.0,4.0,Finished,49,+4.446
2024,MotoGP,JPN,Sprint,JPN,A. Marquez,Gresini Racing MotoGP,,7.0,3.0,Finished,73,+11.444
2024,MotoGP,JPN,Sprint,JPN,J. Miller,Red Bull KTM Factory Racing,,8.0,2.0,Finished,43,+11.875
2024,MotoGP,JPN,Sprint,JPN,M. Viñales,Aprilia Racing,,9.0,1.0,Finished,12,+11.947
2024,MotoGP,JPN,Sprint,JPN,M. Bezzecchi,Pertamina Enduro VR46 Racing Team,,10.0,0.0,Finished,72,+12.299
2024,MotoGP,JPN,Sprint,JPN,R. Fernandez,Trackhouse Racing,,11.0,0.0,Finished,25,+14.559
2024,MotoGP,JPN,Sprint,JPN,F. Quartararo,Monster Energy Yamaha MotoGP Team,,12.0,0.0,Finished,20,+14.645
2024,MotoGP,JPN,Sprint,JPN,L. Marini,Repsol Honda Team,,13.0,0.0,Finished,10,+15.886
2024,MotoGP,JPN,Sprint,JPN,J. Zarco,CASTROL Honda LCR,,14.0,0.0,Finished,5,+16.170
2024,MotoGP,JPN,Sprint,JPN,A. Fernandez,Red Bull GASGAS Tech3,,15.0,0.0,Finished,37,+20.522
2024,MotoGP,JPN,Sprint,JPN,A. Rins,Monster Energy Yamaha MotoGP Team,,16.0,0.0,Finished,42,+24.415
2024,MotoGP,JPN,Sprint,JPN,L. Savadori,Trackhouse Racing,,17.0,0.0,Finished,32,+25.482
2024,MotoGP,JPN,Sprint,JPN,R. Gardner,Yamaha Factory Racing Team,,18.0,0.0,Finished,87,+32.620
2024,MotoGP,JPN,Sprint,JPN,J. Mir,Repsol Honda Team,,,0.0,DNF,36,11 laps
2024,MotoGP,JPN,Sprint,JPN,A. Espargaro,Aprilia Racing,,,0.0,DNF,41,9 laps
2024,MotoGP,JPN,Sprint,JPN,P. Acosta,Red Bull GASGAS Tech3,,,0.0,DNF,31,8 laps
2024,MotoGP,JPN,Sprint,JPN,T. Nakagami,IDEMITSU Honda LCR,,,0.0,DNF,30,4 laps
2024,MotoGP,JPN,Sprint,JPN,B. Binder,Red Bull KTM Factory Racing,,,0.0,DNF,33,2 laps
2024,MotoGP,MAL,Race,MAL,F. Bagnaia,Ducati Lenovo Team,,1.0,25.0,Finished,1,38:04.563
2024,MotoGP,MAL,Race,MAL,J. Martin,Prima Pramac Racing,,2.0,20.0,Finished,89,+3.141
2024,MotoGP,MAL,Race,MAL,E. Bastianini,Ducati Lenovo Team,,3.0,16.0,Finished,23,+10.484
2024,MotoGP,MAL,Race,MAL,A. Marquez,Gresini Racing MotoGP,,4.0,13.0,Finished,73,+12.230
2024,MotoGP,MAL,Race,MAL,P. Acosta,Red Bull GASGAS Tech3,,5.0,11.0,Finished,31,+13.699
2024,MotoGP,MAL,Race,MAL,F. Quartararo,Monster Energy Yamaha MotoGP Team,,6.0,10.0,Finished,20,+16.245
2024,MotoGP,MAL,Race,MAL,M. Viñales,Aprilia Racing,,7.0,9.0,Finished,12,+19.447
2024,MotoGP,MAL,Race,MAL,A. Rins,Monster Energy Yamaha MotoGP Team,,8.0,8.0,Finished,42,+20.611
2024,MotoGP,MAL,Race,MAL,M. Bezzecchi,Pertamina Enduro VR46 Racing Team,,9.0,7.0,Finished,72,+21.994
2024,MotoGP,MAL,Race,MAL,A. Fernandez,Red Bull GASGAS Tech3,,10.0,6.0,Finished,37,+22.174
2024,MotoGP,MAL,Race,MAL,J. Zarco,CASTROL Honda LCR,,11.0,5.0,Finished,5,+25.625
2024,MotoGP,MAL,Race,MAL,M. Marquez,Gresini Racing MotoGP,,12.0,4.0,Finished,93,+27.276
2024,MotoGP,MAL,Race,MAL,A. Espargaro,Aprilia Racing,,13.0,3.0,Finished,41,+27.604
2024,MotoGP,MAL,Race,MAL,F. Morbidelli,Prima Pramac Racing,,14.0,2.0,Finished,21,+27.949
2024,MotoGP,MAL,Race,MAL,L. Marini,Repsol Honda Team,,15.0,1.0,Finished,10,+28.838
2024,MotoGP,MAL,Race,MAL,R. Fernandez,Trackhouse Racing,,16.0,0.0,Finished,25,+38.847
2024,MotoGP,MAL,Race,MAL,A. Iannone,Pertamina Enduro VR46 Racing Team,,17.0,0.0,Finished,29,+47.599
2024,MotoGP,MAL,Race,MAL,L. Savadori,Trackhouse Racing,,18.0,0.0,Finished,32,+48.956
2024,MotoGP,MAL,Race,MAL,T. Nakagami,IDEMITSU Honda LCR,,,0.0,DNF,30,14 laps
2024,MotoGP,MAL,Race,MAL,J. Mir,Repsol Honda Team,,,0.0,DNF,36,5 laps
2024,MotoGP,MAL,Race,MAL,B. Binder,Red Bull KTM Factory Racing,,,0.0,DNF,33,
2024,MotoGP,MAL,Race,MAL,J. Miller,Red Bull KTM Factory Racing,,,0.0,DNF,43,
2024,MotoGP,MAL,Sprint,MAL,J. Martin,Prima Pramac Racing,,1.0,12.0,Finished,89,19:49.230
2024,MotoGP,MAL,Sprint,MAL,M. Marquez,Gresini Racing MotoGP,,2.0,9.0,Finished,93,+0.913
2024,MotoGP,MAL,Sprint,MAL,E. Bastianini,Ducati Lenovo Team,,3.0,7.0,Finished,23,+2.010
2024,MotoGP,MAL,Sprint,MAL,A. Marquez,Gresini Racing MotoGP,,4.0,6.0,Finished,73,+6.575
2024,MotoGP,MAL,Sprint,MAL,F. Quartararo,Monster Energy Yamaha MotoGP Team,,5.0,5.0,Finished,20,+7.917
2024,MotoGP,MAL,Sprint,MAL,F. Morbidelli,Prima Pramac Racing,,6.0,4.0,Finished,21,+8.957
2024,MotoGP,MAL,Sprint,MAL,B. Binder,Red Bull KTM Factory Racing,,7.0,3.0,Finished,33,+11.015
2024,MotoGP,MAL,Sprint,MAL,J. Miller,Red Bull KTM Factory Racing,,8.0,2.0,Finished,43,+11.834
2024,MotoGP,MAL,Sprint,MAL,P. Acosta,Red Bull GASGAS Tech3,,9.0,1.0,Finished,31,+12.091
2024,MotoGP,MAL,Sprint,MAL,M. Bezzecchi,Pertamina Enduro VR46 Racing Team,,10.0,0.0,Finished,72,+12.840
2024,MotoGP,MAL,Sprint,MAL,A. Rins,Monster Energy Yamaha MotoGP Team,,11.0,0.0,Finished,42,+14.901
2024,MotoGP,MAL,Sprint,MAL,A. Espargaro,Aprilia Racing,,12.0,0.0,Finished,41,+15.224
2024,MotoGP,MAL,Sprint,MAL,A. Fernandez,Red Bull GASGAS Tech3,,13.0,0.0,Finished,37,+17.115
2024,MotoGP,MAL,Sprint,MAL,M. Viñales,Aprilia Racing,,14.0,0.0,Finished,12,+18.603
2024,MotoGP,MAL,Sprint,MAL,L. Marini,Repsol Honda Team,,15.0,0.0,Finished,10,+19.090
2024,MotoGP,MAL,Sprint,MAL,J. Mir,Repsol Honda Team,,16.0,0.0,Finished,36,+20.204
2024,MotoGP,MAL,Sprint,MAL,T. Nakagami,IDEMITSU Honda LCR,,17.0,0.0,Finished,30,+21.711
2024,MotoGP,MAL,Sprint,MAL,R. Fernandez,Trackhouse Racing,,18.0,0.0,Finished,25,+23.814
2024,MotoGP,MAL,Sprint,MAL,A. Iannone,Pertamina Enduro VR46 Racing Team,,19.0,0.0,Finished,29,+25.898
2024,MotoGP,MAL,Sprint,MAL,L. Savadori,Trackhouse Racing,,20.0,0.0,Finished,32,+29.778
2024,MotoGP,MAL,Sprint,MAL,J. Zarco,CASTROL Honda LCR,,,0.0,DNF,5,7 laps
2024,MotoGP,MAL,Sprint,MAL,F. Bagnaia,Ducati Lenovo Team,,,0.0,DNF,1,2 laps
2024,MotoGP,NED,Race,NED,F. Bagnaia,Ducati Lenovo Team,,1.0,25.0,Finished,1,40:07.214
2024,MotoGP,NED,Race,NED,J. Martin,Prima Pramac Racing,,2.0,20.0,Finished,89,+3.676
2024,MotoGP,NED,Race,NED,E. Bastianini,Ducati Lenovo Team,,3.0,16.0,Finished,23,+7.073
2024,MotoGP,NED,Race,NED,F. Di Giannantonio,Pertamina Enduro VR46 Racing Team,,4.0,13.0,Finished,49,+8.299
2024,MotoGP,NED,Race,NED,M. Viñales,Aprilia Racing,,5.0,11.0,Finished,12,+8.258
2024,MotoGP,NED,Race,NED,B. Binder,Red Bull KTM Factory Racing,,6.0,10.0,Finished,33,+16.005
2024,MotoGP,NED,Race,NED,A. Marquez,Gresini Racing MotoGP,,7.0,9.0,Finished,73,+21.095
2024,MotoGP,NED,Race,NED,R. Fernandez,Trackhouse Racing,,8.0,8.0,Finished,25,+22.368
2024,MotoGP,NED,Race,NED,F. Morbidelli,Prima Pramac Racing,,9.0,7.0,Finished,21,+23.413
2024,MotoGP,NED,Race,NED,M. Marquez,Gresini Racing MotoGP,,10.0,6.0,Finished,93,+23.868
2024,MotoGP,NED,Race,NED,J. Miller,Red Bull KTM Factory Racing,,11.0,5.0,Finished,43,+24.004
2024,MotoGP,NED,Race,NED,F. Quartararo,Monster Energy Yamaha MotoGP Team,,12.0,4.0,Finished,20,+24.057
2024,MotoGP,NED,Race,NED,J. Zarco,CASTROL Honda LCR,,13.0,3.0,Finished,5,+42.767
2024,MotoGP,NED,Race,NED,A. Fernandez,Red Bull GASGAS Tech3,,14.0,2.0,Finished,37,+42.871
2024,MotoGP,NED,Race,NED,M. Oliveira,Trackhouse Racing,,15.0,1.0,Finished,88,+44.429
2024,MotoGP,NED,Race,NED,T. Nakagami,IDEMITSU Honda LCR,,16.0,0.0,Finished,30,+46.246
2024,MotoGP,NED,Race,NED,L. Marini,Repsol Honda Team,,17.0,0.0,Finished,10,+70.937
2024,MotoGP,NED,Race,NED,P. Acosta,Red Bull GASGAS Tech3,,,0.0,DNF,31,25 laps
2024,MotoGP,NED,Race,NED,J. Mir,Repsol Honda Team,,,0.0,DNF,36,6 laps
2024,MotoGP,NED,Race,NED,M. Bezzecchi,Pertamina Enduro VR46 Racing Team,,,0.0,DNF,72,5 laps
2024,MotoGP,NED,Race,NED,A. Rins,Monster Energy Yamaha MotoGP Team,,,0.0,DNF,42,
2024,MotoGP,NED,Sprint,NED,F. Bagnaia,Ducati Lenovo Team,,1.0,12.0,Finished,1,19:58.090
2024,MotoGP,NED,Sprint,NED,J. Martin,Prima Pramac Racing,,2.0,9.0,Finished,89,+2.355
2024,MotoGP,NED,Sprint,NED,M. Viñales,Aprilia Racing,,3.0,7.0,Finished,12,+4.103
2024,MotoGP,NED,Sprint,NED,E. Bastianini,Ducati Lenovo Team,,4.0,6.0,Finished,23,+6.377
2024,MotoGP,NED,Sprint,NED,F. Di Giannantonio,Pertamina Enduro VR46 Racing Team,,5.0,5.0,Finished,49,+8.869
2024,MotoGP,NED,Sprint,NED,B. Binder,Red Bull KTM Factory Racing,,6.0,4.0,Finished,33,+9.727
2024,MotoGP,NED,Sprint,NED,F. Quartararo,Monster Energy Yamaha MotoGP Team,,7.0,3.0,Finished,20,+10.828
2024,MotoGP,NED,Sprint,NED,A. Marquez,Gresini Racing MotoGP,,8.0,2.0,Finished,73,+13.196
2024,MotoGP,NED,Sprint,NED,F. Morbidelli,Prima Pramac Racing,,9.0,1.0,Finished,21,+13.560
2024,MotoGP,NED,Sprint,NED,P. Acosta,Red Bull GASGAS Tech3,,10.0,0.0,Finished,31,+15.972
2024,MotoGP,NED,Sprint,NED,M. Bezzecchi,Pertamina Enduro VR46 Racing Team,,11.0,0.0,Finished,72,+16.036
2024,MotoGP,NED,Sprint,NED,M. Oliveira,Trackhouse Racing,,12.0,0.0,Finished,88,+16.082
2024,MotoGP,NED,Sprint,NED,J. Miller,Red Bull KTM Factory Racing,,13.0,0.0,Finished,43,+18.739
2024,MotoGP,NED,Sprint,NED,J. Mir,Repsol Honda Team,,14.0,0.0,Finished,36,+21.791
2024,MotoGP,NED,Sprint,NED,A. Fernandez,Red Bull GASGAS Tech3,,15.0,0.0,Finished,37,+22.450
2024,MotoGP,NED,Sprint,NED,J. Zarco,CASTROL Honda LCR,,16.0,0.0,Finished,5,+23.690
2024,MotoGP,NED,Sprint,NED,R. Fernandez,Trackhouse Racing,,17.0,0.0,Finished,25,+24.430
2024,MotoGP,NED,Sprint,NED,T. Nakagami,IDEMITSU Honda LCR,,18.0,0.0,Finished,30,+29.568
2024,MotoGP,NED,Sprint,NED,A. Rins,Monster Energy Yamaha MotoGP Team,,19.0,0.0,Finished,42,+83.553
2024,MotoGP,NED,Sprint,NED,A. Espargaro,Aprilia Racing,,,0.0,DNF,41,12 laps
2024,MotoGP,NED,Sprint,NED,L. Marini,Repsol Honda Team,,,0.0,DNF,10,4 laps
2024,MotoGP,NED,Sprint,NED,L. Savadori,Aprilia Racing,,,0.0,DNF,32,4 laps
2024,MotoGP,NED,Sprint,NED,M. Marquez,Gresini Racing MotoGP,,,0.0,DNF,93,1 laps
2024,MotoGP,POR,Race,POR,J. Martin,Prima Pramac Racing,,1.0,25.0,Finished,89,41:18.138
2024,MotoGP,POR,Race,POR,E. Bastianini,Ducati Lenovo Team,,2.0,20.0,Finished,23,+0.882
2024,MotoGP,POR,Race,POR,P. Acosta,Red Bull GASGAS Tech3,,3.0,16.0,Finished,31,+5.362
2024,MotoGP,POR,Race,POR,B. Binder,Red Bull KTM Factory Racing,,4.0,13.0,Finished,33,+11.129
2024,MotoGP,POR,Race,POR,J. Miller,Red Bull KTM Factory Racing,,5.0,11.0,Finished,43,+16.437
2024,MotoGP,POR,Race,POR,M. Bezzecchi,Pertamina Enduro VR46 Racing Team,,6.0,10.0,Finished,72,+19.403
2024,MotoGP,POR,Race,POR,F. Quartararo,Monster Energy Yamaha MotoGP Team,,7.0,9.0,Finished,20,+20.130
2024,MotoGP,POR,Race,POR,A. Espargaro,Aprilia Racing,,8.0,8.0,Finished,41,+21.549
2024,MotoGP,POR,Race,POR,M. Oliveira,Trackhouse Racing,,9.0,7.0,Finished,88,+23.929
2024,MotoGP,POR,Race,POR,F. Di Giannantonio,Pertamina Enduro VR46 Racing Team,,10.0,6.0,Finished,49,+28.195
2024,MotoGP,POR,Race,POR,A. Fernandez,Red Bull GASGAS Tech3,,11.0,5.0,Finished,37,+28.244
2024,MotoGP,POR,Race,POR,J. Mir,Repsol Honda Team,,12.0,4.0,Finished,36,+29.271
2024,MotoGP,POR,Race,POR,A. Rins,Monster Energy Yamaha MotoGP Team,,13.0,3.0,Finished,42,+31.334
2024,MotoGP,POR,Race,POR,T. Nakagami,IDEMITSU Honda LCR,,14.0,2.0,Finished,30,+34.932
2024,MotoGP,POR,Race,POR,J. Zarco,CASTROL Honda LCR,,15.0,1.0,Finished,5,+38.267
2024,MotoGP,POR,Race,POR,M. Marquez,Gresini Racing MotoGP,,16.0,0.0,Finished,93,+40.174
2024,MotoGP,POR,Race,POR,L. Marini,Repsol Honda Team,,17.0,0.0,Finished,10,+40.775
2024,MotoGP,POR,Race,POR,F. Morbidelli,Prima Pramac Racing,,18.0,0.0,Finished,21,+52.362
2024,MotoGP,POR,Race,POR,M. Viñales,Aprilia Racing,,,0.0,DNF,12,24 laps
2024,MotoGP,POR,Race,POR,F. Bagnaia,Ducati Lenovo Team,,,0.0,DNF,1,23 laps
2024,MotoGP,POR,Race,POR,A. Marquez,Gresini Racing MotoGP,,,0.0,DNF,73,17 laps
2024,MotoGP,POR,Race,POR,R. Fernandez,Trackhouse Racing,,,0.0,DNF,25,3 laps
2024,MotoGP,POR,Sprint,POR,M. Viñales,Aprilia Racing,,1.0,12.0,Finished,12,19:49.636
2024,MotoGP,POR,Sprint,POR,M. Marquez,Gresini Racing MotoGP,,2.0,9.0,Finished,93,+1.039
2024,MotoGP,POR,Sprint,POR,J. Martin,Prima Pramac Racing,,3.0,7.0,Finished,89,+1.122
2024,MotoGP,POR,Sprint,POR,F. Bagnaia,Ducati Lenovo Team,,4.0,6.0,Finished,1,+4.155
2024,MotoGP,POR,Sprint,POR,J. Miller,Red Bull KTM Factory Racing,,5.0,5.0,Finished,43,+4.329
2024,MotoGP,POR,Sprint,POR,E. Bastianini,Ducati Lenovo Team,,6.0,4.0,Finished,23,+4.384
2024,MotoGP,POR,Sprint,POR,P. Acosta,Red Bull GASGAS Tech3,,7.0,3.0,Finished,31,+5.088
2024,MotoGP,POR,Sprint,POR,A. Espargaro,Aprilia Racing,,8.0,2.0,Finished,41,+6.161
2024,MotoGP,POR,Sprint,POR,F. Quartararo,Monster Energy Yamaha MotoGP Team,,9.0,1.0,Finished,20,+7.501
2024,MotoGP,POR,Sprint,POR,R. Fernandez,Trackhouse Racing,,10.0,0.0,Finished,25,+8.484
2024,MotoGP,POR,Sprint,POR,M. Bezzecchi,Pertamina Enduro VR46 Racing Team,,11.0,0.0,Finished,72,+9.529
2024,MotoGP,POR,Sprint,POR,M. Oliveira,Trackhouse Racing,,12.0,0.0,Finished,88,+10.519
2024,MotoGP,POR,Sprint,POR,A. Marquez,Gresini Racing MotoGP,,13.0,0.0,Finished,73,+11.458
2024,MotoGP,POR,Sprint,POR,J. Mir,Repsol Honda Team,,14.0,0.0,Finished,36,+14.035
2024,MotoGP,POR,Sprint,POR,A. Fernandez,Red Bull GASGAS Tech3,,15.0,0.0,Finished,37,+14.853
2024,MotoGP,POR,Sprint,POR,F. Morbidelli,Prima Pramac Racing,,16.0,0.0,Finished,21,+16.049
2024,MotoGP,POR,Sprint,POR,T. Nakagami,IDEMITSU Honda LCR,,17.0,0.0,Finished,30,+16.398
2024,MotoGP,POR,Sprint,POR,L. Marini,Repsol Honda Team,,18.0,0.0,Finished,10,+24.907
2024,MotoGP,POR,Sprint,POR,J. Zarco,CASTROL Honda LCR,,,0.0,DNF,5,5 laps
2024,MotoGP,POR,Sprint,POR,F. Di Giannantonio,Pertamina Enduro VR46 Racing Team,,,0.0,DNF,49,3 laps
2024,MotoGP,POR,Sprint,POR,B. Binder,Red Bull KTM Factory Racing,,,0.0,DNF,33,3 laps
2024,MotoGP,POR,Sprint,POR,A. Rins,Monster Energy Yamaha MotoGP Team,,,0.0,DNF,42,2 laps
2024,MotoGP,QAT,Race,QAT,F. Bagnaia,Ducati Lenovo Team,,1.0,25.0,Finished,1,39:34.869
2024,MotoGP,QAT,Race,QAT,B. Binder,Red Bull KTM Factory Racing,,2.0,20.0,Finished,33,+1.329
2024,MotoGP,QAT,Race,QAT,J. Martin,Prima Pramac Racing,,3.0,16.0,Finished,89,+1.933
2024,MotoGP,QAT,Race,QAT,M. Marquez,Gresini Racing MotoGP,,4.0,13.0,Finished,93,+3.429
2024,MotoGP,QAT,Race,QAT,E. Bastianini,Ducati Lenovo Team,,5.0,11.0,Finished,23,+5.153
2024,MotoGP,QAT,Race,QAT,A. Marquez,Gresini Racing MotoGP,,6.0,10.0,Finished,73,+6.791
2024,MotoGP,QAT,Race,QAT,F. Di Giannantonio,Pertamina Enduro VR46 Racing Team,,7.0,9.0,Finished,49,+9.161
2024,MotoGP,QAT,Race,QAT,A. Espargaro,Aprilia Racing,,8.0,8.0,Finished,41,+11.242
2024,MotoGP,QAT,Race,QAT,P. Acosta,Red Bull GASGAS Tech3,,9.0,7.0,Finished,31,+11.595
2024,MotoGP,QAT,Race,QAT,M. Viñales,Aprilia Racing,,10.0,6.0,Finished,12,+13.197
2024,MotoGP,QAT,Race,QAT,F. Quartararo,Monster Energy Yamaha MotoGP Team,,11.0,5.0,Finished,20,+17.701
2024,MotoGP,QAT,Race,QAT,J. Zarco,CASTROL Honda LCR,,12.0,4.0,Finished,5,+18.075
2024,MotoGP,QAT,Race,QAT,J. Mir,Repsol Honda Team,,13.0,3.0,Finished,36,+18.437
2024,MotoGP,QAT,Race,QAT,M. Bezzecchi,Pertamina Enduro VR46 Racing Team,,14.0,2.0,Finished,72,+19.194
2024,MotoGP,QAT,Race,QAT,M. Oliveira,Trackhouse Racing,,15.0,1.0,Finished,88,+20.717
2024,MotoGP,QAT,Race,QAT,A. Rins,Monster Energy Yamaha MotoGP Team,,16.0,0.0,Finished,42,+24.093
2024,MotoGP,QAT,Race,QAT,A. Fernandez,Red Bull GASGAS Tech3,,17.0,0.0,Finished,37,+24.106
2024,MotoGP,QAT,Race,QAT,F. Morbidelli,Prima Pramac Racing,,18.0,0.0,Finished,21,+24.641
2024,MotoGP,QAT,Race,QAT,T. Nakagami,IDEMITSU Honda LCR,,19.0,0.0,Finished,30,+25.556
2024,MotoGP,QAT,Race,QAT,L. Marini,Repsol Honda Team,,20.0,0.0,Finished,10,+42.422
2024,MotoGP,QAT,Race,QAT,J. Miller,Red Bull KTM Factory Racing,,21.0,0.0,Finished,43,+42.761
2024,MotoGP,QAT,Race,QAT,R. Fernandez,Trackhouse Racing,,,0.0,DNF,25,17 laps
2024,MotoGP,QAT,Sprint,QAT,J. Martin,Prima Pramac Racing,,1.0,12.0,Finished,89,20:41.287
2024,MotoGP,QAT,Sprint,QAT,B. Binder,Red Bull KTM Factory Racing,,2.0,9.0,Finished,33,+0.548
2024,MotoGP,QAT,Sprint,QAT,A. Espargaro,Aprilia Racing,,3.0,7.0,Finished,41,+0.729
2024,MotoGP,QAT,Sprint,QAT,F. Bagnaia,Ducati Lenovo Team,,4.0,6.0,Finished,1,+1.625
2024,MotoGP,QAT,Sprint,QAT,M. Marquez,Gresini Racing MotoGP,,5.0,5.0,Finished,93,+1.872
2024,MotoGP,QAT,Sprint,QAT,E. Bastianini,Ducati Lenovo Team,,6.0,4.0,Finished,23,+2.322
2024,MotoGP,QAT,Sprint,QAT,A. Marquez,Gresini Racing MotoGP,,7.0,3.0,Finished,73,+3.154
2024,MotoGP,QAT,Sprint,QAT,P. Acosta,Red Bull GASGAS Tech3,,8.0,2.0,Finished,31,+4.431
2024,MotoGP,QAT,Sprint,QAT,M. Viñales,Aprilia Racing,,9.0,1.0,Finished,12,+6.738
2024,MotoGP,QAT,Sprint,QAT,J. Miller,Red Bull KTM Factory Racing,,10.0,0.0,Finished,43,+12.670
2024,MotoGP,QAT,Sprint,QAT,M. Bezzecchi,Pertamina Enduro VR46 MotoGP Team,,11.0,0.0,Finished,72,+12.835
2024,MotoGP,QAT,Sprint,QAT,F. Quartararo,Monster Energy Yamaha MotoGP Team,,12.0,0.0,Finished,20,+12.863
2024,MotoGP,QAT,Sprint,QAT,M. Oliveira,Trackhouse Racing,,13.0,0.0,Finished,88,+13.095
2024,MotoGP,QAT,Sprint,QAT,R. Fernandez,Trackhouse Racing,,14.0,0.0,Finished,25,+13.795
2024,MotoGP,QAT,Sprint,QAT,J. Mir,Repsol Honda Team,,15.0,0.0,Finished,36,+14.096
2024,MotoGP,QAT,Sprint,QAT,J. Zarco,CASTROL Honda LCR,,16.0,0.0,Finished,5,+14.840
2024,MotoGP,QAT,Sprint,QAT,A. Rins,Monster Energy Yamaha MotoGP Team,,17.0,0.0,Finished,42,+15.629
2024,MotoGP,QAT,Sprint,QAT,A. Fernandez,Red Bull GASGAS Tech3,,18.0,0.0,Finished,37,+17.711
2024,MotoGP,QAT,Sprint,QAT,T. Nakagami,IDEMITSU Honda LCR,,19.0,0.0,Finished,30,+22.733
2024,MotoGP,QAT,Sprint,QAT,F. Morbidelli,Prima Pramac Racing,,20.0,0.0,Finished,21,+23.267
2024,MotoGP,QAT,Sprint,QAT,L. Marini,Repsol Honda Team,,21.0,0.0,Finished,10,+25.553
2024,MotoGP,QAT,Sprint,QAT,F. Di Giannantonio,Pertamina Enduro VR46 MotoGP Team,,,0.0,DNF,49,2 laps
2024,MotoGP,RSM,Race,RSM,M. Marquez,Gresini Racing MotoGP,,1.0,25.0,Finished,93,41:52.083
2024,MotoGP,RSM,Race,RSM,F. Bagnaia,Ducati Lenovo Team,,2.0,20.0,Finished,1,+3.102
2024,MotoGP,RSM,Race,RSM,E. Bastianini,Ducati Lenovo Team,,3.0,16.0,Finished,23,+5.428
2024,MotoGP,RSM,Race,RSM,B. Binder,Red Bull KTM Factory Racing,,4.0,13.0,Finished,33,+14.185
2024,MotoGP,RSM,Race,RSM,M. Bezzecchi,Pertamina Enduro VR46 Racing Team,,5.0,11.0,Finished,72,+16.725
2024,MotoGP,RSM,Race,RSM,A. Marquez,Gresini Racing MotoGP,,6.0,10.0,Finished,73,+17.582
2024,MotoGP,RSM,Race,RSM,F. Quartararo,Monster Energy Yamaha MotoGP Team,,7.0,9.0,Finished,20,+17.642
2024,MotoGP,RSM,Race,RSM,J. Miller,Red Bull KTM Factory Racing,,8.0,8.0,Finished,43,+19.327
2024,MotoGP,RSM,Race,RSM,F. Di Giannantonio,Pertamina Enduro VR46 Racing Team,,9.0,7.0,Finished,49,+27.946
2024,MotoGP,RSM,Race,RSM,P. Espargaro,Red Bull KTM Factory Racing,,10.0,6.0,Finished,44,+38.781
2024,MotoGP,RSM,Race,RSM,M. Oliveira,Trackhouse Racing,,11.0,5.0,Finished,88,+46.386
2024,MotoGP,RSM,Race,RSM,J. Zarco,CASTROL Honda LCR,,12.0,4.0,Finished,5,+62.637
2024,MotoGP,RSM,Race,RSM,T. Nakagami,IDEMITSU Honda LCR,,13.0,3.0,Finished,30,+70.717
2024,MotoGP,RSM,Race,RSM,S. Bradl,HRC Test Team,,14.0,2.0,Finished,6,+77.547
2024,MotoGP,RSM,Race,RSM,J. Martin,Prima Pramac Racing,,15.0,1.0,Finished,89,+0.000
2024,MotoGP,RSM,Race,RSM,M. Viñales,Aprilia Racing,,16.0,0.0,Finished,12,+0.000
2024,MotoGP,RSM,Race,RSM,P. Acosta,Red Bull GASGAS Tech3,,17.0,0.0,Finished,31,+0.000
2024,MotoGP,RSM,Race,RSM,R. Fernandez,Trackhouse Racing,,18.0,0.0,Finished,25,+0.000
2024,MotoGP,RSM,Race,RSM,A. Rins,Monster Energy Yamaha MotoGP Team,,19.0,0.0,Finished,42,+0.000
2024,MotoGP,RSM,Race,RSM,A. Espargaro,Aprilia Racing,,,0.0,DNF,41,14 laps
2024,MotoGP,RSM,Race,RSM,A. Fernandez,Red Bull GASGAS Tech3,,,0.0,DNF,37,6 laps
2024,MotoGP,RSM,Race,RSM,F. Morbidelli,Prima Pramac Racing,,,0.0,DNF,21,6 laps
2024,MotoGP,RSM,Sprint,RSM,J. Martin,Prima Pramac Racing,,1.0,12.0,Finished,89,19:56.502
2024,MotoGP,RSM,Sprint,RSM,F. Bagnaia,Ducati Lenovo Team,,2.0,9.0,Finished,1,+1.495
2024,MotoGP,RSM,Sprint,RSM,F. Morbidelli,Prima Pramac Racing,,3.0,7.0,Finished,21,+1.832
2024,MotoGP,RSM,Sprint,RSM,E. Bastianini,Ducati Lenovo Team,,4.0,6.0,Finished,23,+2.041
2024,MotoGP,RSM,Sprint,RSM,M. Marquez,Gresini Racing MotoGP,,5.0,5.0,Finished,93,+6.469
2024,MotoGP,RSM,Sprint,RSM,P. Acosta,Red Bull GASGAS Tech3,,6.0,4.0,Finished,31,+6.796
2024,MotoGP,RSM,Sprint,RSM,B. Binder,Red Bull KTM Factory Racing,,7.0,3.0,Finished,33,+9.979
2024,MotoGP,RSM,Sprint,RSM,J. Miller,Red Bull KTM Factory Racing,,8.0,2.0,Finished,43,+10.726
2024,MotoGP,RSM,Sprint,RSM,F. Quartararo,Monster Energy Yamaha MotoGP Team,,9.0,1.0,Finished,20,+11.015
2024,MotoGP,RSM,Sprint,RSM,A. Marquez,Gresini Racing MotoGP,,10.0,0.0,Finished,73,+11.352
2024,MotoGP,RSM,Sprint,RSM,M. Viñales,Aprilia Racing,,11.0,0.0,Finished,12,+11.658
2024,MotoGP,RSM,Sprint,RSM,A. Espargaro,Aprilia Racing,,12.0,0.0,Finished,41,+12.083
2024,MotoGP,RSM,Sprint,RSM,J. Zarco,CASTROL Honda LCR,,13.0,0.0,Finished,5,+21.119
2024,MotoGP,RSM,Sprint,RSM,P. Espargaro,Red Bull KTM Factory Racing,,14.0,0.0,Finished,44,+21.542
2024,MotoGP,RSM,Sprint,RSM,M. Oliveira,Trackhouse Racing,,15.0,0.0,Finished,88,+21.995
2024,MotoGP,RSM,Sprint,RSM,A. Fernandez,Red Bull GASGAS Tech3,,16.0,0.0,Finished,37,+23.442
2024,MotoGP,RSM,Sprint,RSM,R. Fernandez,Trackhouse Racing,,17.0,0.0,Finished,25,+24.280
2024,MotoGP,RSM,Sprint,RSM,L. Marini,Repsol Honda Team,,18.0,0.0,Finished,10,+24.747
2024,MotoGP,RSM,Sprint,RSM,A. Rins,Monster Energy Yamaha MotoGP Team,,19.0,0.0,Finished,42,+24.873
2024,MotoGP,RSM,Sprint,RSM,T. Nakagami,IDEMITSU Honda LCR,,20.0,0.0,Finished,30,+25.154
2024,MotoGP,RSM,Sprint,RSM,F. Di Giannantonio,Pertamina Enduro VR46 Racing Team,,,0.0,DNF,49,6 laps
2024,MotoGP,RSM,Sprint,RSM,M. Bezzecchi,Pertamina Enduro VR46 Racing Team,,,0.0,DNF,72,4 laps
2024,MotoGP,RSM,Sprint,RSM,S. Bradl,HRC Test Team,,,0.0,DNF,6,2 laps
2024,MotoGP,SLD,Race,SLD,F. Bagnaia,Ducati Lenovo Team,,1.0,25.0,Finished,1,40:24.740
2024,MotoGP,SLD,Race,SLD,M. Marquez,Gresini Racing MotoGP,,2.0,20.0,Finished,93,+1.474
2024,MotoGP,SLD,Race,SLD,J. Martin,Prima Pramac Racing,,3.0,16.0,Finished,89,+3.810
2024,MotoGP,SLD,Race,SLD,A. Marquez,Gresini Racing MotoGP,,4.0,13.0,Finished,73,+5.322
2024,MotoGP,SLD,Race,SLD,A. Espargaro,Aprilia Racing,,5.0,11.0,Finished,41,+5.753
2024,MotoGP,SLD,Race,SLD,B. Binder,Red Bull KTM Factory Racing,,6.0,10.0,Finished,33,+7.081
2024,MotoGP,SLD,Race,SLD,E. Bastianini,Ducati Lenovo Team,,7.0,9.0,Finished,23,+7.393
2024,MotoGP,SLD,Race,SLD,F. Morbidelli,Prima Pramac Racing,,8.0,8.0,Finished,21,+8.709
2024,MotoGP,SLD,Race,SLD,M. Bezzecchi,Pertamina Enduro VR46 Racing Team,,9.0,7.0,Finished,72,+10.484
2024,MotoGP,SLD,Race,SLD,P. Acosta,Red Bull GASGAS Tech3,,10.0,6.0,Finished,31,+10.618
2024,MotoGP,SLD,Race,SLD,F. Quartararo,Monster Energy Yamaha MotoGP Team,,11.0,5.0,Finished,20,+10.756
2024,MotoGP,SLD,Race,SLD,M. Oliveira,Trackhouse Racing,,12.0,4.0,Finished,88,+13.464
2024,MotoGP,SLD,Race,SLD,J. Miller,Red Bull KTM Factory Racing,,13.0,3.0,Finished,43,+14.560
2024,MotoGP,SLD,Race,SLD,J. Zarco,CASTROL Honda LCR,,14.0,2.0,Finished,5,+19.469
2024,MotoGP,SLD,Race,SLD,M. Viñales,Aprilia Racing,,15.0,1.0,Finished,12,+22.195
2024,MotoGP,SLD,Race,SLD,L. Marini,Repsol Honda Team,,16.0,0.0,Finished,10,+23.890
2024,MotoGP,SLD,Race,SLD,T. Nakagami,IDEMITSU Honda LCR,,17.0,0.0,Finished,30,+23.960
2024,MotoGP,SLD,Race,SLD,R. Fernandez,Trackhouse Racing,,18.0,0.0,Finished,25,+29.001
2024,MotoGP,SLD,Race,SLD,A. Fernandez,Red Bull GASGAS Tech3,,19.0,0.0,Finished,37,+29.145
2024,MotoGP,SLD,Race,SLD,M. Pirro,Pertamina Enduro VR46 Racing Team,,20.0,0.0,Finished,51,+37.295
2024,MotoGP,SLD,Race,SLD,A. Rins,Monster Energy Yamaha MotoGP Team,,21.0,0.0,Finished,42,+39.138
2024,MotoGP,SLD,Race,SLD,S. Bradl,HRC Test Team,,22.0,0.0,Finished,6,+47.654
2024,MotoGP,SLD,Race,SLD,J. Mir,Repsol Honda Team,,,0.0,DNF,36,6 laps
2024,MotoGP,SLD,Sprint,SLD,F. Bagnaia,Ducati Lenovo Team,,1.0,12.0,Finished,1,20:03.173
2024,MotoGP,SLD,Sprint,SLD,E. Bastianini,Ducati Lenovo Team,,2.0,9.0,Finished,23,+0.942
2024,MotoGP,SLD,Sprint,SLD,J. Martin,Prima Pramac Racing,,3.0,7.0,Finished,89,+1.270
2024,MotoGP,SLD,Sprint,SLD,A. Espargaro,Aprilia Racing,,4.0,6.0,Finished,41,+1.857
2024,MotoGP,SLD,Sprint,SLD,A. Marquez,Gresini Racing MotoGP,,5.0,5.0,Finished,73,+1.942
2024,MotoGP,SLD,Sprint,SLD,F. Morbidelli,Prima Pramac Racing,,6.0,4.0,Finished,21,+5.263
2024,MotoGP,SLD,Sprint,SLD,M. Marquez,Gresini Racing MotoGP,,7.0,3.0,Finished,93,+5.303
2024,MotoGP,SLD,Sprint,SLD,M. Bezzecchi,Pertamina Enduro VR46 Racing Team,,8.0,2.0,Finished,72,+5.507
2024,MotoGP,SLD,Sprint,SLD,B. Binder,Red Bull KTM Factory Racing,,9.0,1.0,Finished,33,+5.573
2024,MotoGP,SLD,Sprint,SLD,F. Quartararo,Monster Energy Yamaha MotoGP Team,,10.0,0.0,Finished,20,+5.937
2024,MotoGP,SLD,Sprint,SLD,J. Zarco,CASTROL Honda LCR,,11.0,0.0,Finished,5,+7.413
2024,MotoGP,SLD,Sprint,SLD,M. Viñales,Aprilia Racing,,12.0,0.0,Finished,12,+8.344
2024,MotoGP,SLD,Sprint,SLD,J. Mir,Repsol Honda Team,,13.0,0.0,Finished,36,+9.387
2024,MotoGP,SLD,Sprint,SLD,R. Fernandez,Trackhouse Racing,,14.0,0.0,Finished,25,+9.652
2024,MotoGP,SLD,Sprint,SLD,L. Marini,Repsol Honda Team,,15.0,0.0,Finished,10,+11.838
2024,MotoGP,SLD,Sprint,SLD,A. Rins,Monster Energy Yamaha MotoGP Team,,16.0,0.0,Finished,42,+13.217
2024,MotoGP,SLD,Sprint,SLD,T. Nakagami,IDEMITSU Honda LCR,,17.0,0.0,Finished,30,+17.017
2024,MotoGP,SLD,Sprint,SLD,M. Oliveira,Trackhouse Racing,,18.0,0.0,Finished,88,+17.746
2024,MotoGP,SLD,Sprint,SLD,J. Miller,Red Bull KTM Factory Racing,,19.0,0.0,Finished,43,+18.533
2024,MotoGP,SLD,Sprint,SLD,A. Fernandez,Red Bull GASGAS Tech3,,20.0,0.0,Finished,37,+20.153
2024,MotoGP,SLD,Sprint,SLD,M. Pirro,Pertamina Enduro VR46 Racing Team,,21.0,0.0,Finished,51,+20.547
2024,MotoGP,SLD,Sprint,SLD,S. Bradl,HRC Test Team,,22.0,0.0,Finished,6,+24.604
2024,MotoGP,SLD,Sprint,SLD,P. Acosta,Red Bull GASGAS Tech3,,,0.0,DNF,31,1 laps
2024,MotoGP,SPA,Race,SPA,F. Bagnaia,Ducati Lenovo Team,,1.0,25.0,Finished,1,40:58.053
2024,MotoGP,SPA,Race,SPA,M. Marquez,Gresini Racing MotoGP,,2.0,20.0,Finished,93,+0.372
2024,MotoGP,SPA,Race,SPA,M. Bezzecchi,Pertamina Enduro VR46 Racing Team,,3.0,16.0,Finished,72,+3.903
2024,MotoGP,SPA,Race,SPA,A. Marquez,Gresini Racing MotoGP,,4.0,13.0,Finished,73,+7.205
2024,MotoGP,SPA,Race,SPA,E. Bastianini,Ducati Lenovo Team,,5.0,11.0,Finished,23,+7.253
2024,MotoGP,SPA,Race,SPA,B. Binder,Red Bull KTM Factory Racing,,6.0,10.0,Finished,33,+7.801
2024,MotoGP,SPA,Race,SPA,F. Di Giannantonio,Pertamina Enduro VR46 Racing Team,,7.0,9.0,Finished,49,+10.063
2024,MotoGP,SPA,Race,SPA,M. Oliveira,Trackhouse Racing,,8.0,8.0,Finished,88,+10.979
2024,MotoGP,SPA,Race,SPA,M. Viñales,Aprilia Racing,,9.0,7.0,Finished,12,+11.217
2024,MotoGP,SPA,Race,SPA,P. Acosta,Red Bull GASGAS Tech3,,10.0,6.0,Finished,31,+20.762
2024,MotoGP,SPA,Race,SPA,R. Fernandez,Trackhouse Racing,,11.0,5.0,Finished,25,+23.508
2024,MotoGP,SPA,Race,SPA,J. Mir,Repsol Honda Team,,12.0,4.0,Finished,36,+23.584
2024,MotoGP,SPA,Race,SPA,A. Rins,Monster Energy Yamaha MotoGP Team,,13.0,3.0,Finished,42,+28.452
2024,MotoGP,SPA,Race,SPA,T. Nakagami,IDEMITSU Honda LCR,,14.0,2.0,Finished,30,+29.049
2024,MotoGP,SPA,Race,SPA,F. Quartararo,Monster Energy Yamaha MotoGP Team,,15.0,1.0,Finished,20,+32.015
2024,MotoGP,SPA,Race,SPA,S. Bradl,HRC Test Team,,16.0,0.0,Finished,6,+41.433
2024,MotoGP,SPA,Race,SPA,L. Marini,Repsol Honda Team,,17.0,0.0,Finished,10,+43.323
2024,MotoGP,SPA,Race,SPA,A. Fernandez,Red Bull GASGAS Tech3,,,0.0,DNF,37,19 laps
2024,MotoGP,SPA,Race,SPA,F. Morbidelli,Prima Pramac Racing,,,0.0,DNF,21,17 laps
2024,MotoGP,SPA,Race,SPA,J. Miller,Red Bull KTM Factory Racing,,,0.0,DNF,43,17 laps
2024,MotoGP,SPA,Race,SPA,L. Savadori,Aprilia Racing,,,0.0,DNF,32,11 laps
2024,MotoGP,SPA,Race,SPA,J. Martin,Prima Pramac Racing,,,0.0,DNF,89,10 laps
2024,MotoGP,SPA,Race,SPA,A. Espargaro,Aprilia Racing,,,0.0,DNF,41,9 laps
2024,MotoGP,SPA,Race,SPA,J. Zarco,CASTROL Honda LCR,,,0.0,DNF,5,9 laps
2024,MotoGP,SPA,Race,SPA,D. Pedrosa,Red Bull KTM Factory Racing,,,0.0,DNF,26,3 laps
2024,MotoGP,SPA,Sprint,SPA,J. Martin,Prima Pramac Racing,,1.0,12.0,Finished,89,19:52.682
2024,MotoGP,SPA,Sprint,SPA,P. Acosta,Red Bull GASGAS Tech3,,2.0,9.0,Finished,31,+2.970
2024,MotoGP,SPA,Sprint,SPA,D. Pedrosa,Red Bull KTM Factory Racing,,3.0,7.0,Finished,26,+7.102
2024,MotoGP,SPA,Sprint,SPA,F. Morbidelli,Prima Pramac Racing,,4.0,6.0,Finished,21,+8.481
2024,MotoGP,SPA,Sprint,SPA,F. Quartararo,Monster Energy Yamaha MotoGP Team,,5.0,5.0,Finished,20,+15.052
2024,MotoGP,SPA,Sprint,SPA,M. Marquez,Gresini Racing MotoGP,,6.0,4.0,Finished,93,+18.131
2024,MotoGP,SPA,Sprint,SPA,A. Fernandez,Red Bull GASGAS Tech3,,7.0,3.0,Finished,37,+18.278
2024,MotoGP,SPA,Sprint,SPA,M. Oliveira,Trackhouse Racing,,8.0,2.0,Finished,88,+18.418
2024,MotoGP,SPA,Sprint,SPA,J. Mir,Repsol Honda Team,,9.0,1.0,Finished,36,+18.553
2024,MotoGP,SPA,Sprint,SPA,T. Nakagami,IDEMITSU Honda LCR,,10.0,0.0,Finished,30,+21.136
2024,MotoGP,SPA,Sprint,SPA,J. Zarco,CASTROL Honda LCR,,11.0,0.0,Finished,5,+21.948
2024,MotoGP,SPA,Sprint,SPA,R. Fernandez,Trackhouse Racing,,12.0,0.0,Finished,25,+23.882
2024,MotoGP,SPA,Sprint,SPA,F. Di Giannantonio,Pertamina Enduro VR46 Racing Team,,13.0,0.0,Finished,49,+31.478
2024,MotoGP,SPA,Sprint,SPA,J. Miller,Red Bull KTM Factory Racing,,14.0,0.0,Finished,43,+45.901
2024,MotoGP,SPA,Sprint,SPA,A. Rins,Monster Energy Yamaha MotoGP Team,,15.0,0.0,Finished,42,+70.288
2024,MotoGP,SPA,Sprint,SPA,L. Savadori,Aprilia Racing,,16.0,0.0,Finished,32,+82.979
2024,MotoGP,SPA,Sprint,SPA,S. Bradl,HRC Test Team,,,0.0,DNF,6,11 laps
2024,MotoGP,SPA,Sprint,SPA,L. Marini,Repsol Honda Team,,,0.0,DNF,10,11 laps
2024,MotoGP,SPA,Sprint,SPA,M. Viñales,Aprilia Racing,,,0.0,DNF,12,9 laps
2024,MotoGP,SPA,Sprint,SPA,M. Bezzecchi,Pertamina Enduro VR46 Racing Team,,,0.0,DNF,72,8 laps
2024,MotoGP,SPA,Sprint,SPA,E. Bastianini,Ducati Lenovo Team,,,0.0,DNF,23,8 laps
2024,MotoGP,SPA,Sprint,SPA,B. Binder,Red Bull KTM Factory Racing,,,0.0,DNF,33,8 laps
2024,MotoGP,SPA,Sprint,SPA,A. Marquez,Gresini Racing MotoGP,,,0.0,DNF,73,8 laps
2024,MotoGP,SPA,Sprint,SPA,F. Bagnaia,Ducati Lenovo Team,,,0.0,DNF,1,2 laps
2024,MotoGP,SPA,Sprint,SPA,A. Espargaro,Aprilia Racing,,,0.0,DNF,41,
2024,MotoGP,THA,Race,THA,F. Bagnaia,Ducati Lenovo Team,,1.0,25.0,Finished,1,43:38.108
2024,MotoGP,THA,Race,THA,J. Martin,Prima Pramac Racing,,2.0,20.0,Finished,89,+2.905
2024,MotoGP,THA,Race,THA,P. Acosta,Red Bull GASGAS Tech3,,3.0,16.0,Finished,31,+3.800
2024,MotoGP,THA,Race,THA,F. Di Giannantonio,Pertamina Enduro VR46 Racing Team,,4.0,13.0,Finished,49,+4.636
2024,MotoGP,THA,Race,THA,J. Miller,Red Bull KTM Factory Racing,,5.0,11.0,Finished,43,+5.532
2024,MotoGP,THA,Race,THA,B. Binder,Red Bull KTM Factory Racing,,6.0,10.0,Finished,33,+5.898
2024,MotoGP,THA,Race,THA,M. Viñales,Aprilia Racing,,7.0,9.0,Finished,12,+8.498
2024,MotoGP,THA,Race,THA,J. Zarco,CASTROL Honda LCR,,8.0,8.0,Finished,5,+17.672
2024,MotoGP,THA,Race,THA,A. Espargaro,Aprilia Racing,,9.0,7.0,Finished,41,+18.588
2024,MotoGP,THA,Race,THA,A. Marquez,Gresini Racing MotoGP,,10.0,6.0,Finished,73,+21.163
2024,MotoGP,THA,Race,THA,M. Marquez,Gresini Racing MotoGP,,11.0,5.0,Finished,93,+22.251
2024,MotoGP,THA,Race,THA,L. Marini,Repsol Honda Team,,12.0,4.0,Finished,10,+22.859
2024,MotoGP,THA,Race,THA,T. Nakagami,IDEMITSU Honda LCR,,13.0,3.0,Finished,30,+24.531
2024,MotoGP,THA,Race,THA,E. Bastianini,Ducati Lenovo Team,,14.0,2.0,Finished,23,+27.090
2024,MotoGP,THA,Race,THA,J. Mir,Repsol Honda Team,,15.0,1.0,Finished,36,+30.870
2024,MotoGP,THA,Race,THA,F. Quartararo,Monster Energy Yamaha MotoGP Team,,16.0,0.0,Finished,20,+50.021
2024,MotoGP,THA,Race,THA,A. Fernandez,Red Bull GASGAS Tech3,,,0.0,DNF,37,23 laps
2024,MotoGP,THA,Race,THA,A. Rins,Monster Energy Yamaha MotoGP Team,,,0.0,DNF,42,22 laps
2024,MotoGP,THA,Race,THA,L. Savadori,Trackhouse Racing,,,0.0,DNF,32,16 laps
2024,MotoGP,THA,Race,THA,F. Morbidelli,Prima Pramac Racing,,,0.0,DNF,21,7 laps
2024,MotoGP,THA,Race,THA,R. Fernandez,Trackhouse Racing,,,0.0,DNF,25,6 laps
2024,MotoGP,THA,Race,THA,M. Bezzecchi,Pertamina Enduro VR46 Racing Team,,,0.0,DNF,72,3 laps
2024,MotoGP,THA,Sprint,THA,E. Bastianini,Ducati Lenovo Team,,1.0,12.0,Finished,23,19:31.131
2024,MotoGP,THA,Sprint,THA,J. Martin,Prima Pramac Racing,,2.0,9.0,Finished,89,+1.357
2024,MotoGP,THA,Sprint,THA,F. Bagnaia,Ducati Lenovo Team,,3.0,7.0,Finished,1,+2.372
2024,MotoGP,THA,Sprint,THA,M. Marquez,Gresini Racing MotoGP,,4.0,6.0,Finished,93,+5.402
2024,MotoGP,THA,Sprint,THA,A. Marquez,Gresini Racing MotoGP,,5.0,5.0,Finished,73,+10.140
2024,MotoGP,THA,Sprint,THA,F. Morbidelli,Prima Pramac Racing,,6.0,4.0,Finished,21,+11.087
2024,MotoGP,THA,Sprint,THA,M. Bezzecchi,Pertamina Enduro VR46 Racing Team,,7.0,3.0,Finished,72,+11.538
2024,MotoGP,THA,Sprint,THA,F. Di Giannantonio,Pertamina Enduro VR46 Racing Team,,8.0,2.0,Finished,49,+11.680
2024,MotoGP,THA,Sprint,THA,B. Binder,Red Bull KTM Factory Racing,,9.0,1.0,Finished,33,+13.692
2024,MotoGP,THA,Sprint,THA,F. Quartararo,Monster Energy Yamaha MotoGP Team,,10.0,0.0,Finished,20,+14.483
2024,MotoGP,THA,Sprint,THA,J. Miller,Red Bull KTM Factory Racing,,11.0,0.0,Finished,43,+18.397
2024,MotoGP,THA,Sprint,THA,J. Zarco,CASTROL Honda LCR,,12.0,0.0,Finished,5,+18.544
2024,MotoGP,THA,Sprint,THA,J. Mir,Repsol Honda Team,,13.0,0.0,Finished,36,+19.265
2024,MotoGP,THA,Sprint,THA,R. Fernandez,Trackhouse Racing,,14.0,0.0,Finished,25,+19.688
2024,MotoGP,THA,Sprint,THA,A. Espargaro,Aprilia Racing,,15.0,0.0,Finished,41,+19.988
2024,MotoGP,THA,Sprint,THA,A. Fernandez,Red Bull GASGAS Tech3,,16.0,0.0,Finished,37,+21.298
2024,MotoGP,THA,Sprint,THA,A. Rins,Monster Energy Yamaha MotoGP Team,,17.0,0.0,Finished,42,+21.413
2024,MotoGP,THA,Sprint,THA,T. Nakagami,IDEMITSU Honda LCR,,18.0,0.0,Finished,30,+23.400
2024,MotoGP,THA,Sprint,THA,L. Marini,Repsol Honda Team,,19.0,0.0,Finished,10,+23.979
2024,MotoGP,THA,Sprint,THA,M. Viñales,Aprilia Racing,,20.0,0.0,Finished,12,+29.474
2024,MotoGP,THA,Sprint,THA,L. Savadori,Trackhouse Racing,,21.0,0.0,Finished,32,+39.389
2024,MotoGP,THA,Sprint,THA,P. Acosta,Red Bull GASGAS Tech3,,,0.0,DNF,31,10 laps
2025,MotoGP,AME,Race,AME,F. Bagnaia,Ducati Lenovo Team,,1.0,25.0,Finished,63,39:00.191
2025,MotoGP,AME,Race,AME,A. Marquez,BK8 Gresini Racing MotoGP,,2.0,20.0,Finished,73,+2.089
2025,MotoGP,AME,Race,AME,F. Di Giannantonio,Pertamina Enduro VR46 Racing Team,,3.0,16.0,Finished,49,+3.594
2025,MotoGP,AME,Race,AME,F. Morbidelli,Pertamina Enduro VR46 Racing Team,,4.0,13.0,Finished,21,+10.732
2025,MotoGP,AME,Race,AME,J. Miller,Prima Pramac Yamaha MotoGP,,5.0,11.0,Finished,43,+11.857
2025,MotoGP,AME,Race,AME,M. Bezzecchi,Aprilia Racing,,6.0,10.0,Finished,72,+12.238
2025,MotoGP,AME,Race,AME,E. Bastianini,Red Bull KTM Tech3,,7.0,9.0,Finished,23,+12.815
2025,MotoGP,AME,Race,AME,L. Marini,Honda HRC Castrol,,8.0,8.0,Finished,10,+15.646
2025,MotoGP,AME,Race,AME,A. Ogura,Trackhouse MotoGP Team,,9.0,7.0,Finished,79,+16.344
2025,MotoGP,AME,Race,AME,F. Quartararo,Monster Energy Yamaha MotoGP Team,,10.0,6.0,Finished,20,+18.255
2025,MotoGP,AME,Race,AME,A. Rins,Monster Energy Yamaha MotoGP Team,,11.0,5.0,Finished,42,+24.256
2025,MotoGP,AME,Race,AME,R. Fernandez,Trackhouse MotoGP Team,,12.0,4.0,Finished,25,+27.938
2025,MotoGP,AME,Race,AME,A. Fernandez,Prima Pramac Yamaha MotoGP,,13.0,3.0,Finished,7,+35.740
2025,MotoGP,AME,Race,AME,M. Viñales,Red Bull KTM Tech3,,14.0,2.0,Finished,12,+42.724
2025,MotoGP,AME,Race,AME,L. Savadori,Aprilia Racing,,15.0,1.0,Finished,32,+46.397
2025,MotoGP,AME,Race,AME,S. Chantra,IDEMITSU Honda LCR,,16.0,0.0,Finished,35,+63.601
2025,MotoGP,AME,Race,AME,J. Zarco,CASTROL Honda LCR,,17.0,0.0,Finished,5,+0.000
2025,MotoGP,AME,Race,AME,F. Aldeguer,BK8 Gresini Racing MotoGP,,,0.0,DNF,54,16 laps
2025,MotoGP,AME,Race,AME,M. Marquez,Ducati Lenovo Team,,,0.0,DNF,93,12 laps
2025,MotoGP,AME,Race,AME,B. Binder,Red Bull KTM Factory Racing,,,0.0,DNF,33,12 laps
2025,MotoGP,AME,Race,AME,J. Mir,Honda HRC Castrol,,,0.0,DNF,36,11 laps
2025,MotoGP,AME,Race,AME,P. Acosta,Red Bull KTM Factory Racing,,,0.0,DNF,37,10 laps
2025,MotoGP,AME,Sprint,AME,M. Marquez,Ducati Lenovo Team,,1.0,12.0,Finished,93,20:29.509
2025,MotoGP,AME,Sprint,AME,A. Marquez,BK8 Gresini Racing MotoGP,,2.0,9.0,Finished,73,+0.795
2025,MotoGP,AME,Sprint,AME,F. Bagnaia,Ducati Lenovo Team,,3.0,7.0,Finished,63,+1.918
2025,MotoGP,AME,Sprint,AME,F. Di Giannantonio,Pertamina Enduro VR46 Racing Team,,4.0,6.0,Finished,49,+8.536
2025,MotoGP,AME,Sprint,AME,F. Morbidelli,Pertamina Enduro VR46 Racing Team,,5.0,5.0,Finished,21,+9.685
2025,MotoGP,AME,Sprint,AME,F. Quartararo,Monster Energy Yamaha MotoGP Team,,6.0,4.0,Finished,20,+10.676
2025,MotoGP,AME,Sprint,AME,P. Acosta,Red Bull KTM Factory Racing,,7.0,3.0,Finished,37,+12.049
2025,MotoGP,AME,Sprint,AME,L. Marini,Honda HRC Castrol,,8.0,2.0,Finished,10,+13.588
2025,MotoGP,AME,Sprint,AME,A. Ogura,Trackhouse MotoGP Team,,9.0,1.0,Finished,79,+13.752
2025,MotoGP,AME,Sprint,AME,M. Bezzecchi,Aprilia Racing,,10.0,0.0,Finished,72,+14.584
2025,MotoGP,AME,Sprint,AME,F. Aldeguer,BK8 Gresini Racing MotoGP,,11.0,0.0,Finished,54,+14.754
2025,MotoGP,AME,Sprint,AME,B. Binder,Red Bull KTM Factory Racing,,12.0,0.0,Finished,33,+14.908
2025,MotoGP,AME,Sprint,AME,E. Bastianini,Red Bull KTM Tech3,,13.0,0.0,Finished,23,+16.009
2025,MotoGP,AME,Sprint,AME,J. Miller,Prima Pramac Yamaha MotoGP,,14.0,0.0,Finished,43,+16.182
2025,MotoGP,AME,Sprint,AME,A. Rins,Monster Energy Yamaha MotoGP Team,,15.0,0.0,Finished,42,+18.181
2025,MotoGP,AME,Sprint,AME,J. Zarco,CASTROL Honda LCR,,16.0,0.0,Finished,5,+18.625
2025,MotoGP,AME,Sprint,AME,R. Fernandez,Trackhouse MotoGP Team,,17.0,0.0,Finished,25,+21.666
2025,MotoGP,AME,Sprint,AME,A. Fernandez,Prima Pramac Yamaha MotoGP,,18.0,0.0,Finished,7,+29.061
2025,MotoGP,AME,Sprint,AME,S. Chantra,IDEMITSU Honda LCR,,19.0,0.0,Finished,35,+33.622
2025,MotoGP,AME,Sprint,AME,L. Savadori,Aprilia Racing,,20.0,0.0,Finished,32,+37.989
2025,MotoGP,AME,Sprint,AME,M. Viñales,Red Bull KTM Tech3,,,0.0,DNF,12,7 laps
2025,MotoGP,AME,Sprint,AME,J. Mir,Honda HRC Castrol,,,0.0,DNF,36,5 laps
2025,MotoGP,ARA,Race,ARA,M. Marquez,Ducati Lenovo Team,,1.0,25.0,Finished,93,41:11.195
2025,MotoGP,ARA,Race,ARA,M. Marquez,Ducati Lenovo Team,,1.0,25.0,Finished,93,41:11.195
2025,MotoGP,ARA,Race,ARA,A. Marquez,BK8 Gresini Racing MotoGP,,2.0,20.0,Finished,73,+1.107
2025,MotoGP,ARA,Race,ARA,A. Marquez,BK8 Gresini Racing MotoGP,,2.0,20.0,Finished,73,+1.107
2025,MotoGP,ARA,Race,ARA,F. Bagnaia,Ducati Lenovo Team,,3.0,16.0,Finished,63,+2.029
2025,MotoGP,ARA,Race,ARA,F. Bagnaia,Ducati Lenovo Team,,3.0,16.0,Finished,63,+2.029
2025,MotoGP,ARA,Race,ARA,P. Acosta,Red Bull KTM Factory Racing,,4.0,13.0,Finished,37,+7.657
2025,MotoGP,ARA,Race,ARA,P. Acosta,Red Bull KTM Factory Racing,,4.0,13.0,Finished,37,+7.657
2025,MotoGP,ARA,Race,ARA,F. Morbidelli,Pertamina Enduro VR46 Racing Team,,5.0,11.0,Finished,21,+10.363
2025,MotoGP,ARA,Race,ARA,F. Morbidelli,Pertamina Enduro VR46 Racing Team,,5.0,11.0,Finished,21,+10.363
2025,MotoGP,ARA,Race,ARA,F. Aldeguer,BK8 Gresini Racing MotoGP,,6.0,10.0,Finished,54,+11.889
2025,MotoGP,ARA,Race,ARA,F. Aldeguer,BK8 Gresini Racing MotoGP,,6.0,10.0,Finished,54,+11.889
2025,MotoGP,ARA,Race,ARA,J. Mir,Honda HRC Castrol,,7.0,9.0,Finished,36,+14.938
2025,MotoGP,ARA,Race,ARA,J. Mir,Honda HRC Castrol,,7.0,9.0,Finished,36,+14.938
2025,MotoGP,ARA,Race,ARA,M. Bezzecchi,Aprilia Racing,,8.0,8.0,Finished,72,+16.022
2025,MotoGP,ARA,Race,ARA,M. Bezzecchi,Aprilia Racing,,8.0,8.0,Finished,72,+16.022
2025,MotoGP,ARA,Race,ARA,F. Di Giannantonio,Pertamina Enduro VR46 Racing Team,,9.0,7.0,Finished,49,+18.321
2025,MotoGP,ARA,Race,ARA,F. Di Giannantonio,Pertamina Enduro VR46 Racing Team,,9.0,7.0,Finished,49,+18.321
2025,MotoGP,ARA,Race,ARA,R. Fernandez,Trackhouse MotoGP Team,,10.0,6.0,Finished,25,+19.190
2025,MotoGP,ARA,Race,ARA,R. Fernandez,Trackhouse MotoGP Team,,10.0,6.0,Finished,25,+19.190
2025,MotoGP,ARA,Race,ARA,A. Rins,Monster Energy Yamaha MotoGP Team,,11.0,5.0,Finished,42,+19.646
2025,MotoGP,ARA,Race,ARA,A. Rins,Monster Energy Yamaha MotoGP Team,,11.0,5.0,Finished,42,+19.646
2025,MotoGP,ARA,Race,ARA,E. Bastianini,Red Bull KTM Tech3,,12.0,4.0,Finished,23,+24.624
2025,MotoGP,ARA,Race,ARA,E. Bastianini,Red Bull KTM Tech3,,12.0,4.0,Finished,23,+24.624
2025,MotoGP,ARA,Race,ARA,A. Fernandez,Yamaha Factory Racing,,13.0,3.0,Finished,7,+25.986
2025,MotoGP,ARA,Race,ARA,A. Fernandez,Yamaha Factory Racing,,13.0,3.0,Finished,7,+25.986
2025,MotoGP,ARA,Race,ARA,J. Miller,Prima Pramac Yamaha MotoGP,,14.0,2.0,Finished,43,+26.761
2025,MotoGP,ARA,Race,ARA,J. Miller,Prima Pramac Yamaha MotoGP,,14.0,2.0,Finished,43,+26.761
2025,MotoGP,ARA,Race,ARA,M. Oliveira,Prima Pramac Yamaha MotoGP,,15.0,1.0,Finished,88,+27.122
2025,MotoGP,ARA,Race,ARA,M. Oliveira,Prima Pramac Yamaha MotoGP,,15.0,1.0,Finished,88,+27.122
2025,MotoGP,ARA,Race,ARA,S. Chantra,IDEMITSU Honda LCR,,16.0,0.0,Finished,35,+37.117
2025,MotoGP,ARA,Race,ARA,S. Chantra,IDEMITSU Honda LCR,,16.0,0.0,Finished,35,+37.117
2025,MotoGP,ARA,Race,ARA,L. Savadori,Aprilia Racing,,17.0,0.0,Finished,32,+43.588
2025,MotoGP,ARA,Race,ARA,L. Savadori,Aprilia Racing,,17.0,0.0,Finished,32,+43.588
2025,MotoGP,ARA,Race,ARA,M. Viñales,Red Bull KTM Tech3,,18.0,0.0,Finished,12,+86.319
2025,MotoGP,ARA,Race,ARA,M. Viñales,Red Bull KTM Tech3,,18.0,0.0,Finished,12,+86.319
2025,MotoGP,ARA,Race,ARA,F. Quartararo,Monster Energy Yamaha MotoGP Team,,,0.0,DNF,20,12 laps
2025,MotoGP,ARA,Race,ARA,B. Binder,Red Bull KTM Factory Racing,,,0.0,DNF,33,11 laps
2025,MotoGP,ARA,Race,ARA,J. Zarco,CASTROL Honda LCR,,,0.0,DNF,5,8 laps
2025,MotoGP,ARA,Race,ARA,F. Quartararo,Monster Energy Yamaha MotoGP Team,,,0.0,DNF,20,12 laps
2025,MotoGP,ARA,Race,ARA,B. Binder,Red Bull KTM Factory Racing,,,0.0,DNF,33,11 laps
2025,MotoGP,ARA,Race,ARA,J. Zarco,CASTROL Honda LCR,,,0.0,DNF,5,8 laps
2025,MotoGP,ARA,Sprint,ARA,M. Marquez,Ducati Lenovo Team,,1.0,12.0,Finished,93,19:43.026
2025,MotoGP,ARA,Sprint,ARA,M. Marquez,Ducati Lenovo Team,,1.0,12.0,Finished,93,19:43.026
2025,MotoGP,ARA,Sprint,ARA,A. Marquez,BK8 Gresini Racing MotoGP,,2.0,9.0,Finished,73,+2.080
2025,MotoGP,ARA,Sprint,ARA,A. Marquez,BK8 Gresini Racing MotoGP,,2.0,9.0,Finished,73,+2.080
2025,MotoGP,ARA,Sprint,ARA,F. Aldeguer,BK8 Gresini Racing MotoGP,,3.0,7.0,Finished,54,+4.630
2025,MotoGP,ARA,Sprint,ARA,F. Aldeguer,BK8 Gresini Racing MotoGP,,3.0,7.0,Finished,54,+4.630
2025,MotoGP,ARA,Sprint,ARA,F. Morbidelli,Pertamina Enduro VR46 Racing Team,,4.0,6.0,Finished,21,+5.944
2025,MotoGP,ARA,Sprint,ARA,F. Morbidelli,Pertamina Enduro VR46 Racing Team,,4.0,6.0,Finished,21,+5.944
2025,MotoGP,ARA,Sprint,ARA,P. Acosta,Red Bull KTM Factory Racing,,5.0,5.0,Finished,37,+6.095
2025,MotoGP,ARA,Sprint,ARA,P. Acosta,Red Bull KTM Factory Racing,,5.0,5.0,Finished,37,+6.095
2025,MotoGP,ARA,Sprint,ARA,F. Di Giannantonio,Pertamina Enduro VR46 Racing Team,,6.0,4.0,Finished,49,+6.379
2025,MotoGP,ARA,Sprint,ARA,F. Di Giannantonio,Pertamina Enduro VR46 Racing Team,,6.0,4.0,Finished,49,+6.379
2025,MotoGP,ARA,Sprint,ARA,M. Viñales,Red Bull KTM Tech3,,7.0,3.0,Finished,12,+7.213
2025,MotoGP,ARA,Sprint,ARA,M. Viñales,Red Bull KTM Tech3,,7.0,3.0,Finished,12,+7.213
2025,MotoGP,ARA,Sprint,ARA,M. Bezzecchi,Aprilia Racing,,8.0,2.0,Finished,72,+8.343
2025,MotoGP,ARA,Sprint,ARA,M. Bezzecchi,Aprilia Racing,,8.0,2.0,Finished,72,+8.343
2025,MotoGP,ARA,Sprint,ARA,B. Binder,Red Bull KTM Factory Racing,,9.0,1.0,Finished,33,+9.982
2025,MotoGP,ARA,Sprint,ARA,B. Binder,Red Bull KTM Factory Racing,,9.0,1.0,Finished,33,+9.982
2025,MotoGP,ARA,Sprint,ARA,R. Fernandez,Trackhouse MotoGP Team,,10.0,0.0,Finished,25,+11.427
2025,MotoGP,ARA,Sprint,ARA,R. Fernandez,Trackhouse MotoGP Team,,10.0,0.0,Finished,25,+11.427
2025,MotoGP,ARA,Sprint,ARA,F. Quartararo,Monster Energy Yamaha MotoGP Team,,11.0,0.0,Finished,20,+13.331
2025,MotoGP,ARA,Sprint,ARA,F. Quartararo,Monster Energy Yamaha MotoGP Team,,11.0,0.0,Finished,20,+13.331
2025,MotoGP,ARA,Sprint,ARA,F. Bagnaia,Ducati Lenovo Team,,12.0,0.0,Finished,63,+14.017
2025,MotoGP,ARA,Sprint,ARA,F. Bagnaia,Ducati Lenovo Team,,12.0,0.0,Finished,63,+14.017
2025,MotoGP,ARA,Sprint,ARA,J. Miller,Prima Pramac Yamaha MotoGP,,13.0,0.0,Finished,43,+16.494
2025,MotoGP,ARA,Sprint,ARA,J. Miller,Prima Pramac Yamaha MotoGP,,13.0,0.0,Finished,43,+16.494
2025,MotoGP,ARA,Sprint,ARA,A. Rins,Monster Energy Yamaha MotoGP Team,,14.0,0.0,Finished,42,+17.202
2025,MotoGP,ARA,Sprint,ARA,A. Rins,Monster Energy Yamaha MotoGP Team,,14.0,0.0,Finished,42,+17.202
2025,MotoGP,ARA,Sprint,ARA,M. Oliveira,Prima Pramac Yamaha MotoGP,,15.0,0.0,Finished,88,+18.287
2025,MotoGP,ARA,Sprint,ARA,M. Oliveira,Prima Pramac Yamaha MotoGP,,15.0,0.0,Finished,88,+18.287
2025,MotoGP,ARA,Sprint,ARA,J. Zarco,CASTROL Honda LCR,,16.0,0.0,Finished,5,+19.284
2025,MotoGP,ARA,Sprint,ARA,J. Zarco,CASTROL Honda LCR,,16.0,0.0,Finished,5,+19.284
2025,MotoGP,ARA,Sprint,ARA,E. Bastianini,Red Bull KTM Tech3,,17.0,0.0,Finished,23,+19.841
2025,MotoGP,ARA,Sprint,ARA,E. Bastianini,Red Bull KTM Tech3,,17.0,0.0,Finished,23,+19.841
2025,MotoGP,ARA,Sprint,ARA,L. Savadori,Aprilia Racing,,18.0,0.0,Finished,32,+23.763
2025,MotoGP,ARA,Sprint,ARA,L. Savadori,Aprilia Racing,,18.0,0.0,Finished,32,+23.763
2025,MotoGP,ARA,Sprint,ARA,S. Chantra,IDEMITSU Honda LCR,,19.0,0.0,Finished,35,+31.069
2025,MotoGP,ARA,Sprint,ARA,S. Chantra,IDEMITSU Honda LCR,,19.0,0.0,Finished,35,+31.069
2025,MotoGP,ARA,Sprint,ARA,A. Fernandez,Yamaha Factory Racing,,,0.0,DNF,7,8 laps
2025,MotoGP,ARA,Sprint,ARA,J. Mir,Honda HRC Castrol,,,0.0,DNF,36,2 laps
2025,MotoGP,ARA,Sprint,ARA,A. Fernandez,Yamaha Factory Racing,,,0.0,DNF,7,8 laps
2025,MotoGP,ARA,Sprint,ARA,J. Mir,Honda HRC Castrol,,,0.0,DNF,36,2 laps
2025,MotoGP,ARG,Race,ARG,M. Marquez,Ducati Lenovo Team,,1.0,25.0,Finished,93,41:11.100
2025,MotoGP,ARG,Race,ARG,A. Marquez,BK8 Gresini Racing MotoGP,,2.0,20.0,Finished,73,+1.362
2025,MotoGP,ARG,Race,ARG,F. Morbidelli,Pertamina Enduro VR46 Racing Team,,3.0,16.0,Finished,21,+4.695
2025,MotoGP,ARG,Race,ARG,F. Bagnaia,Ducati Lenovo Team,,4.0,13.0,Finished,63,+5.536
2025,MotoGP,ARG,Race,ARG,F. Di Giannantonio,Pertamina Enduro VR46 Racing Team,,5.0,11.0,Finished,49,+7.138
2025,MotoGP,ARG,Race,ARG,J. Zarco,CASTROL Honda LCR,,6.0,10.0,Finished,5,+7.487
2025,MotoGP,ARG,Race,ARG,B. Binder,Red Bull KTM Factory Racing,,7.0,9.0,Finished,33,+14.294
2025,MotoGP,ARG,Race,ARG,P. Acosta,Red Bull KTM Factory Racing,,8.0,8.0,Finished,37,+15.646
2025,MotoGP,ARG,Race,ARG,J. Mir,Honda HRC Castrol,,9.0,7.0,Finished,36,+15.787
2025,MotoGP,ARG,Race,ARG,L. Marini,Honda HRC Castrol,,10.0,6.0,Finished,10,+16.025
2025,MotoGP,ARG,Race,ARG,A. Rins,Monster Energy Yamaha MotoGP Team,,11.0,5.0,Finished,42,+21.663
2025,MotoGP,ARG,Race,ARG,M. Viñales,Red Bull KTM Tech3,,12.0,4.0,Finished,12,+22.319
2025,MotoGP,ARG,Race,ARG,J. Miller,Prima Pramac Yamaha MotoGP,,13.0,3.0,Finished,43,+23.486
2025,MotoGP,ARG,Race,ARG,F. Quartararo,Monster Energy Yamaha MotoGP Team,,14.0,2.0,Finished,20,+25.148
2025,MotoGP,ARG,Race,ARG,R. Fernandez,Trackhouse MotoGP Team,,15.0,1.0,Finished,25,+26.914
2025,MotoGP,ARG,Race,ARG,F. Aldeguer,BK8 Gresini Racing MotoGP,,16.0,0.0,Finished,54,+27.661
2025,MotoGP,ARG,Race,ARG,E. Bastianini,Red Bull KTM Tech3,,17.0,0.0,Finished,23,+40.179
2025,MotoGP,ARG,Race,ARG,S. Chantra,IDEMITSU Honda LCR,,18.0,0.0,Finished,35,+41.693
2025,MotoGP,ARG,Race,ARG,M. Bezzecchi,Aprilia Racing,,,0.0,DNF,72,
2025,MotoGP,ARG,Race,ARG,A. Ogura,Trackhouse MotoGP Team,,,0.0,DNF,79,
2025,MotoGP,ARG,Sprint,ARG,M. Marquez,Ducati Lenovo Team,,1.0,12.0,Finished,93,19:37.331
2025,MotoGP,ARG,Sprint,ARG,A. Marquez,BK8 Gresini Racing MotoGP,,2.0,9.0,Finished,73,+0.903
2025,MotoGP,ARG,Sprint,ARG,F. Bagnaia,Ducati Lenovo Team,,3.0,7.0,Finished,63,+3.859
2025,MotoGP,ARG,Sprint,ARG,J. Zarco,CASTROL Honda LCR,,4.0,6.0,Finished,5,+5.026
2025,MotoGP,ARG,Sprint,ARG,F. Di Giannantonio,Pertamina Enduro VR46 Racing Team,,5.0,5.0,Finished,49,+6.451
2025,MotoGP,ARG,Sprint,ARG,M. Bezzecchi,Aprilia Racing,,6.0,4.0,Finished,72,+7.333
2025,MotoGP,ARG,Sprint,ARG,F. Morbidelli,Pertamina Enduro VR46 Racing Team,,7.0,3.0,Finished,21,+8.368
2025,MotoGP,ARG,Sprint,ARG,J. Mir,Honda HRC Castrol,,8.0,2.0,Finished,36,+10.858
2025,MotoGP,ARG,Sprint,ARG,P. Acosta,Red Bull KTM Factory Racing,,9.0,1.0,Finished,37,+11.229
2025,MotoGP,ARG,Sprint,ARG,F. Quartararo,Monster Energy Yamaha MotoGP Team,,10.0,0.0,Finished,20,+12.356
2025,MotoGP,ARG,Sprint,ARG,J. Miller,Prima Pramac Yamaha MotoGP,,11.0,0.0,Finished,43,+15.201
2025,MotoGP,ARG,Sprint,ARG,A. Rins,Monster Energy Yamaha MotoGP Team,,12.0,0.0,Finished,42,+15.298
2025,MotoGP,ARG,Sprint,ARG,L. Marini,Honda HRC Castrol,,13.0,0.0,Finished,10,+16.653
2025,MotoGP,ARG,Sprint,ARG,E. Bastianini,Red Bull KTM Tech3,,14.0,0.0,Finished,23,+18.442
2025,MotoGP,ARG,Sprint,ARG,A. Ogura,Trackhouse MotoGP Team,,15.0,0.0,Finished,79,+18.618
2025,MotoGP,ARG,Sprint,ARG,R. Fernandez,Trackhouse MotoGP Team,,16.0,0.0,Finished,25,+19.560
2025,MotoGP,ARG,Sprint,ARG,S. Chantra,IDEMITSU Honda LCR,,17.0,0.0,Finished,35,+20.925
2025,MotoGP,ARG,Sprint,ARG,M. Viñales,Red Bull KTM Tech3,,18.0,0.0,Finished,12,+21.287
2025,MotoGP,ARG,Sprint,ARG,F. Aldeguer,BK8 Gresini Racing MotoGP,,19.0,0.0,Finished,54,+45.325
2025,MotoGP,ARG,Sprint,ARG,L. Savadori,Aprilia Racing,,,0.0,DNF,32,6 laps
2025,MotoGP,ARG,Sprint,ARG,M. Oliveira,Prima Pramac Yamaha MotoGP,,,0.0,DNF,88,4 laps
2025,MotoGP,ARG,Sprint,ARG,B. Binder,Red Bull KTM Factory Racing,,,0.0,DNF,33,
2025,MotoGP,AUS,Race,AUS,R. Fernandez,Trackhouse MotoGP Team,,1.0,25.0,Finished,25,39:49.571
2025,MotoGP,AUS,Race,AUS,F. Di Giannantonio,Pertamina Enduro VR46 Racing Team,,2.0,20.0,Finished,49,+1.418
2025,MotoGP,AUS,Race,AUS,M. Bezzecchi,Aprilia Racing,,3.0,16.0,Finished,72,+2.410
2025,MotoGP,AUS,Race,AUS,A. Marquez,BK8 Gresini Racing MotoGP,,4.0,13.0,Finished,73,+3.715
2025,MotoGP,AUS,Race,AUS,P. Acosta,Red Bull KTM Factory Racing,,5.0,11.0,Finished,37,+7.930
2025,MotoGP,AUS,Race,AUS,L. Marini,Honda HRC Castrol,,6.0,10.0,Finished,10,+7.970
2025,MotoGP,AUS,Race,AUS,A. Rins,Monster Energy Yamaha MotoGP Team,,7.0,9.0,Finished,42,+10.671
2025,MotoGP,AUS,Race,AUS,B. Binder,Red Bull KTM Factory Racing,,8.0,8.0,Finished,33,+12.270
2025,MotoGP,AUS,Race,AUS,E. Bastianini,Red Bull KTM Tech3,,9.0,7.0,Finished,23,+14.076
2025,MotoGP,AUS,Race,AUS,P. Espargaro,Red Bull KTM Tech3,,10.0,6.0,Finished,44,+16.861
2025,MotoGP,AUS,Race,AUS,F. Quartararo,Monster Energy Yamaha MotoGP Team,,11.0,5.0,Finished,20,+16.965
2025,MotoGP,AUS,Race,AUS,M. Oliveira,Prima Pramac Yamaha MotoGP,,12.0,4.0,Finished,88,+17.677
2025,MotoGP,AUS,Race,AUS,A. Ogura,Trackhouse MotoGP Team,,13.0,3.0,Finished,79,+17.928
2025,MotoGP,AUS,Race,AUS,F. Aldeguer,BK8 Gresini Racing MotoGP,,14.0,2.0,Finished,54,+18.413
2025,MotoGP,AUS,Race,AUS,F. Morbidelli,Pertamina Enduro VR46 Racing Team,,15.0,1.0,Finished,21,+27.881
2025,MotoGP,AUS,Race,AUS,L. Savadori,Aprilia Racing,,16.0,0.0,Finished,32,+34.169
2025,MotoGP,AUS,Race,AUS,S. Chantra,IDEMITSU Honda LCR,,17.0,0.0,Finished,35,+50.043
2025,MotoGP,AUS,Race,AUS,M. Pirro,Ducati Lenovo Team,,18.0,0.0,Finished,51,+50.303
2025,MotoGP,AUS,Race,AUS,F. Bagnaia,Ducati Lenovo Team,,,0.0,DNF,63,23 Laps
2025,MotoGP,AUS,Race,AUS,J. Mir,Honda HRC Castrol,,,0.0,DNF,36,9 Laps
2025,MotoGP,AUS,Race,AUS,J. Zarco,CASTROL Honda LCR,,,0.0,DNF,5,4 Laps
2025,MotoGP,AUS,Race,AUS,J. Miller,Prima Pramac Yamaha MotoGP,,,0.0,DNF,43,4 Laps
2025,MotoGP,AUS,Sprint,AUS,M. Bezzecchi,Aprilia Racing,,1.0,12.0,Finished,72,19:03.971
2025,MotoGP,AUS,Sprint,AUS,R. Fernandez,Trackhouse MotoGP Team,,2.0,9.0,Finished,25,+3.149
2025,MotoGP,AUS,Sprint,AUS,P. Acosta,Red Bull KTM Factory Racing,,3.0,7.0,Finished,37,+5.310
2025,MotoGP,AUS,Sprint,AUS,J. Miller,Prima Pramac Yamaha MotoGP,,4.0,6.0,Finished,43,+5.376
2025,MotoGP,AUS,Sprint,AUS,F. Di Giannantonio,Pertamina Enduro VR46 Racing Team,,5.0,5.0,Finished,49,+5.416
2025,MotoGP,AUS,Sprint,AUS,A. Marquez,BK8 Gresini Racing MotoGP,,6.0,4.0,Finished,73,+6.109
2025,MotoGP,AUS,Sprint,AUS,F. Quartararo,Monster Energy Yamaha MotoGP Team,,7.0,3.0,Finished,20,+8.706
2025,MotoGP,AUS,Sprint,AUS,L. Marini,Honda HRC Castrol,,8.0,2.0,Finished,10,+8.938
2025,MotoGP,AUS,Sprint,AUS,P. Espargaro,Red Bull KTM Tech3,,9.0,1.0,Finished,44,+9.252
2025,MotoGP,AUS,Sprint,AUS,E. Bastianini,Red Bull KTM Tech3,,10.0,0.0,Finished,23,+9.752
2025,MotoGP,AUS,Sprint,AUS,J. Mir,Honda HRC Castrol,,11.0,0.0,Finished,36,+10.231
2025,MotoGP,AUS,Sprint,AUS,J. Zarco,CASTROL Honda LCR,,12.0,0.0,Finished,5,+12.104
2025,MotoGP,AUS,Sprint,AUS,A. Rins,Monster Energy Yamaha MotoGP Team,,13.0,0.0,Finished,42,+12.132
2025,MotoGP,AUS,Sprint,AUS,M. Oliveira,Prima Pramac Yamaha MotoGP,,14.0,0.0,Finished,88,+17.494
2025,MotoGP,AUS,Sprint,AUS,F. Morbidelli,Pertamina Enduro VR46 Racing Team,,15.0,0.0,Finished,21,+18.967
2025,MotoGP,AUS,Sprint,AUS,L. Savadori,Aprilia Racing,,16.0,0.0,Finished,32,+25.185
2025,MotoGP,AUS,Sprint,AUS,A. Ogura,Trackhouse MotoGP Team,,17.0,0.0,Finished,79,+27.784
2025,MotoGP,AUS,Sprint,AUS,S. Chantra,IDEMITSU Honda LCR,,18.0,0.0,Finished,35,+28.945
2025,MotoGP,AUS,Sprint,AUS,F. Bagnaia,Ducati Lenovo Team,,19.0,0.0,Finished,63,+32.408
2025,MotoGP,AUS,Sprint,AUS,M. Pirro,Ducati Lenovo Team,,20.0,0.0,Finished,51,+35.523
2025,MotoGP,AUS,Sprint,AUS,F. Aldeguer,BK8 Gresini Racing MotoGP,,,0.0,DNF,54,10 Laps
2025,MotoGP,AUS,Sprint,AUS,B. Binder,Red Bull KTM Factory Racing,,,0.0,DNF,33,1 Laps
2025,MotoGP,AUT,Race,AUT,M. Marquez,Ducati Lenovo Team,,1.0,25.0,Finished,93,42:11.006
2025,MotoGP,AUT,Race,AUT,F. Aldeguer,BK8 Gresini Racing MotoGP,,2.0,20.0,Finished,54,+1.118
2025,MotoGP,AUT,Race,AUT,M. Bezzecchi,Aprilia Racing,,3.0,16.0,Finished,72,+3.426
2025,MotoGP,AUT,Race,AUT,P. Acosta,Red Bull KTM Factory Racing,,4.0,13.0,Finished,37,+6.864
2025,MotoGP,AUT,Race,AUT,E. Bastianini,Red Bull KTM Tech3,,5.0,11.0,Finished,23,+8.731
2025,MotoGP,AUT,Race,AUT,J. Mir,Honda HRC Castrol,,6.0,10.0,Finished,36,+10.132
2025,MotoGP,AUT,Race,AUT,B. Binder,Red Bull KTM Factory Racing,,7.0,9.0,Finished,33,+10.476
2025,MotoGP,AUT,Race,AUT,F. Bagnaia,Ducati Lenovo Team,,8.0,8.0,Finished,63,+12.486
2025,MotoGP,AUT,Race,AUT,R. Fernandez,Trackhouse MotoGP Team,,9.0,7.0,Finished,25,+15.472
2025,MotoGP,AUT,Race,AUT,A. Marquez,BK8 Gresini Racing MotoGP,,10.0,6.0,Finished,73,+15.537
2025,MotoGP,AUT,Race,AUT,F. Morbidelli,Pertamina Enduro VR46 Racing Team,,11.0,5.0,Finished,21,+16.185
2025,MotoGP,AUT,Race,AUT,J. Zarco,CASTROL Honda LCR,,12.0,4.0,Finished,5,+16.241
2025,MotoGP,AUT,Race,AUT,L. Marini,Honda HRC Castrol,,13.0,3.0,Finished,10,+18.478
2025,MotoGP,AUT,Race,AUT,A. Ogura,Trackhouse MotoGP Team,,14.0,2.0,Finished,79,+18.491
2025,MotoGP,AUT,Race,AUT,F. Quartararo,Monster Energy Yamaha MotoGP Team,,15.0,1.0,Finished,20,+25.256
2025,MotoGP,AUT,Race,AUT,A. Rins,Monster Energy Yamaha MotoGP Team,,16.0,0.0,Finished,42,+30.316
2025,MotoGP,AUT,Race,AUT,M. Oliveira,Prima Pramac Yamaha MotoGP,,17.0,0.0,Finished,88,+34.008
2025,MotoGP,AUT,Race,AUT,J. Miller,Prima Pramac Yamaha MotoGP,,18.0,0.0,Finished,43,+37.478
2025,MotoGP,AUT,Race,AUT,F. Giannantonio,Pertamina Enduro VR46 Racing Team,,,0.0,DNF,49,20 Laps
2025,MotoGP,AUT,Race,AUT,J. Martin,Aprilia Racing,,,0.0,DNF,1,13 Laps
2025,MotoGP,AUT,Sprint,AUT,M. Marquez,Ducati Lenovo Team,,1.0,12.0,Finished,93,20:56.071
2025,MotoGP,AUT,Sprint,AUT,A. Marquez,BK8 Gresini Racing MotoGP,,2.0,9.0,Finished,73,+1.180
2025,MotoGP,AUT,Sprint,AUT,P. Acosta,Red Bull KTM Factory Racing,,3.0,7.0,Finished,37,+3.126
2025,MotoGP,AUT,Sprint,AUT,M. Bezzecchi,Aprilia Racing,,4.0,6.0,Finished,72,+4.032
2025,MotoGP,AUT,Sprint,AUT,B. Binder,Red Bull KTM Factory Racing,,5.0,5.0,Finished,33,+4.782
2025,MotoGP,AUT,Sprint,AUT,F. Aldeguer,BK8 Gresini Racing MotoGP,,6.0,4.0,Finished,54,+6.032
2025,MotoGP,AUT,Sprint,AUT,E. Bastianini,Red Bull KTM Tech3,,7.0,3.0,Finished,23,+8.294
2025,MotoGP,AUT,Sprint,AUT,F. Giannantonio,Pertamina Enduro VR46 Racing Team,,8.0,2.0,Finished,49,+10.953
2025,MotoGP,AUT,Sprint,AUT,J. Zarco,CASTROL Honda LCR,,9.0,1.0,Finished,5,+11.999
2025,MotoGP,AUT,Sprint,AUT,J. Martin,Aprilia Racing,,10.0,0.0,Finished,1,+12.111
2025,MotoGP,AUT,Sprint,AUT,F. Quartararo,Monster Energy Yamaha MotoGP Team,,11.0,0.0,Finished,20,+13.387
2025,MotoGP,AUT,Sprint,AUT,L. Marini,Honda HRC Castrol,,12.0,0.0,Finished,10,+13.704
2025,MotoGP,AUT,Sprint,AUT,J. Mir,Honda HRC Castrol,,13.0,0.0,Finished,36,+13.822
2025,MotoGP,AUT,Sprint,AUT,F. Morbidelli,Pertamina Enduro VR46 Racing Team,,14.0,0.0,Finished,21,+14.564
2025,MotoGP,AUT,Sprint,AUT,A. Ogura,Trackhouse MotoGP Team,,15.0,0.0,Finished,79,+18.414
2025,MotoGP,AUT,Sprint,AUT,A. Rins,Monster Energy Yamaha MotoGP Team,,16.0,0.0,Finished,42,+19.365
2025,MotoGP,AUT,Sprint,AUT,J. Miller,Prima Pramac Yamaha MotoGP,,17.0,0.0,Finished,43,+20.844
2025,MotoGP,AUT,Sprint,AUT,M. Oliveira,Prima Pramac Yamaha MotoGP,,18.0,0.0,Finished,88,+21.581
2025,MotoGP,AUT,Sprint,AUT,R. Fernandez,Trackhouse MotoGP Team,,,0.0,DNF,25,9 Laps
2025,MotoGP,AUT,Sprint,AUT,F. Bagnaia,Ducati Lenovo Team,,,0.0,DNF,63,8 Laps
2025,MotoGP,CAT,Race,CAT,A. Marquez,BK8 Gresini Racing MotoGP,,1.0,25.0,Finished,73,40:14.093
2025,MotoGP,CAT,Race,CAT,A. Marquez,BK8 Gresini Racing MotoGP,,1.0,25.0,Finished,73,40:14.093
2025,MotoGP,CAT,Race,CAT,M. Marquez,Ducati Lenovo Team,,2.0,20.0,Finished,93,+1.740
2025,MotoGP,CAT,Race,CAT,M. Marquez,Ducati Lenovo Team,,2.0,20.0,Finished,93,+1.740
2025,MotoGP,CAT,Race,CAT,E. Bastianini,Red Bull KTM Tech3,,3.0,16.0,Finished,23,+5.562
2025,MotoGP,CAT,Race,CAT,E. Bastianini,Red Bull KTM Tech3,,3.0,16.0,Finished,23,+5.562
2025,MotoGP,CAT,Race,CAT,P. Acosta,Red Bull KTM Factory Racing,,4.0,13.0,Finished,37,+13.373
2025,MotoGP,CAT,Race,CAT,P. Acosta,Red Bull KTM Factory Racing,,4.0,13.0,Finished,37,+13.373
2025,MotoGP,CAT,Race,CAT,F. Quartararo,Monster Energy Yamaha MotoGP Team,,5.0,11.0,Finished,20,+14.409
2025,MotoGP,CAT,Race,CAT,F. Quartararo,Monster Energy Yamaha MotoGP Team,,5.0,11.0,Finished,20,+14.409
2025,MotoGP,CAT,Race,CAT,A. Ogura,Trackhouse MotoGP Team,,6.0,10.0,Finished,79,+15.055
2025,MotoGP,CAT,Race,CAT,A. Ogura,Trackhouse MotoGP Team,,6.0,10.0,Finished,79,+15.055
2025,MotoGP,CAT,Race,CAT,F. Bagnaia,Ducati Lenovo Team,,7.0,9.0,Finished,63,+16.048
2025,MotoGP,CAT,Race,CAT,F. Bagnaia,Ducati Lenovo Team,,7.0,9.0,Finished,63,+16.048
2025,MotoGP,CAT,Race,CAT,L. Marini,Honda HRC Castrol,,8.0,8.0,Finished,10,+16.372
2025,MotoGP,CAT,Race,CAT,L. Marini,Honda HRC Castrol,,8.0,8.0,Finished,10,+16.372
2025,MotoGP,CAT,Race,CAT,M. Oliveira,Prima Pramac Yamaha MotoGP,,9.0,7.0,Finished,88,+16.937
2025,MotoGP,CAT,Race,CAT,M. Oliveira,Prima Pramac Yamaha MotoGP,,9.0,7.0,Finished,88,+16.937
2025,MotoGP,CAT,Race,CAT,J. Martin,Aprilia Racing,,10.0,6.0,Finished,1,+18.492
2025,MotoGP,CAT,Race,CAT,J. Martin,Aprilia Racing,,10.0,6.0,Finished,1,+18.492
2025,MotoGP,CAT,Race,CAT,R. Fernandez,Trackhouse MotoGP Team,,11.0,5.0,Finished,25,+19.489
2025,MotoGP,CAT,Race,CAT,R. Fernandez,Trackhouse MotoGP Team,,11.0,5.0,Finished,25,+19.489
2025,MotoGP,CAT,Race,CAT,J. Mir,Honda HRC Castrol,,12.0,4.0,Finished,36,+20.159
2025,MotoGP,CAT,Race,CAT,J. Mir,Honda HRC Castrol,,12.0,4.0,Finished,36,+20.159
2025,MotoGP,CAT,Race,CAT,M. Viñales,Red Bull KTM Tech3,,13.0,3.0,Finished,12,+22.792
2025,MotoGP,CAT,Race,CAT,M. Viñales,Red Bull KTM Tech3,,13.0,3.0,Finished,12,+22.792
2025,MotoGP,CAT,Race,CAT,J. Miller,Prima Pramac Yamaha MotoGP,,14.0,2.0,Finished,43,+24.351
2025,MotoGP,CAT,Race,CAT,J. Miller,Prima Pramac Yamaha MotoGP,,14.0,2.0,Finished,43,+24.351
2025,MotoGP,CAT,Race,CAT,F. Aldeguer,BK8 Gresini Racing MotoGP,,15.0,1.0,Finished,54,+24.592
2025,MotoGP,CAT,Race,CAT,F. Aldeguer,BK8 Gresini Racing MotoGP,,15.0,1.0,Finished,54,+24.592
2025,MotoGP,CAT,Race,CAT,S. Chantra,IDEMITSU Honda LCR,,16.0,0.0,Finished,35,+37.393
2025,MotoGP,CAT,Race,CAT,S. Chantra,IDEMITSU Honda LCR,,16.0,0.0,Finished,35,+37.393
2025,MotoGP,CAT,Race,CAT,A. Espargaro,Honda HRC Test Team,,17.0,0.0,Finished,41,+43.202
2025,MotoGP,CAT,Race,CAT,A. Espargaro,Honda HRC Test Team,,17.0,0.0,Finished,41,+43.202
2025,MotoGP,CAT,Race,CAT,F. Morbidelli,Pertamina Enduro VR46 Racing Team,,,0.0,DNF,21,21 Laps
2025,MotoGP,CAT,Race,CAT,L. Savadori,Aprilia Racing,,,0.0,DNF,32,19 Laps
2025,MotoGP,CAT,Race,CAT,A. Rins,Monster Energy Yamaha MotoGP Team,,,0.0,DNF,42,14 Laps
2025,MotoGP,CAT,Race,CAT,F. Giannantonio,Pertamina Enduro VR46 Racing Team,,,0.0,DNF,49,12 Laps
2025,MotoGP,CAT,Race,CAT,J. Zarco,CASTROL Honda LCR,,,0.0,DNF,5,10 Laps
2025,MotoGP,CAT,Race,CAT,B. Binder,Red Bull KTM Factory Racing,,,0.0,DNF,33,6 Laps
2025,MotoGP,CAT,Race,CAT,M. Bezzecchi,Aprilia Racing,,,0.0,DNF,72,1 Laps
2025,MotoGP,CAT,Race,CAT,F. Morbidelli,Pertamina Enduro VR46 Racing Team,,,0.0,DNF,21,21 Laps
2025,MotoGP,CAT,Race,CAT,L. Savadori,Aprilia Racing,,,0.0,DNF,32,19 Laps
2025,MotoGP,CAT,Race,CAT,A. Rins,Monster Energy Yamaha MotoGP Team,,,0.0,DNF,42,14 Laps
2025,MotoGP,CAT,Race,CAT,F. Giannantonio,Pertamina Enduro VR46 Racing Team,,,0.0,DNF,49,12 Laps
2025,MotoGP,CAT,Race,CAT,J. Zarco,CASTROL Honda LCR,,,0.0,DNF,5,10 Laps
2025,MotoGP,CAT,Race,CAT,B. Binder,Red Bull KTM Factory Racing,,,0.0,DNF,33,6 Laps
2025,MotoGP,CAT,Race,CAT,M. Bezzecchi,Aprilia Racing,,,0.0,DNF,72,1 Laps
2025,MotoGP,CAT,Sprint,CAT,M. Marquez,Ducati Lenovo Team,,1.0,12.0,Finished,93,19:58.946
2025,MotoGP,CAT,Sprint,CAT,M. Marquez,Ducati Lenovo Team,,1.0,12.0,Finished,93,19:58.946
2025,MotoGP,CAT,Sprint,CAT,F. Quartararo,Monster Energy Yamaha MotoGP Team,,2.0,9.0,Finished,20,+1.299
2025,MotoGP,CAT,Sprint,CAT,F. Quartararo,Monster Energy Yamaha MotoGP Team,,2.0,9.0,Finished,20,+1.299
2025,MotoGP,CAT,Sprint,CAT,F. Giannantonio,Pertamina Enduro VR46 Racing Team,,3.0,7.0,Finished,49,+3.653
2025,MotoGP,CAT,Sprint,CAT,F. Giannantonio,Pertamina Enduro VR46 Racing Team,,3.0,7.0,Finished,49,+3.653
2025,MotoGP,CAT,Sprint,CAT,P. Acosta,Red Bull KTM Factory Racing,,4.0,6.0,Finished,37,+5.868
2025,MotoGP,CAT,Sprint,CAT,P. Acosta,Red Bull KTM Factory Racing,,4.0,6.0,Finished,37,+5.868
2025,MotoGP,CAT,Sprint,CAT,E. Bastianini,Red Bull KTM Tech3,,5.0,5.0,Finished,23,+5.913
2025,MotoGP,CAT,Sprint,CAT,E. Bastianini,Red Bull KTM Tech3,,5.0,5.0,Finished,23,+5.913
2025,MotoGP,CAT,Sprint,CAT,B. Binder,Red Bull KTM Factory Racing,,6.0,4.0,Finished,33,+5.943
2025,MotoGP,CAT,Sprint,CAT,B. Binder,Red Bull KTM Factory Racing,,6.0,4.0,Finished,33,+5.943
2025,MotoGP,CAT,Sprint,CAT,J. Zarco,CASTROL Honda LCR,,7.0,3.0,Finished,5,+7.017
2025,MotoGP,CAT,Sprint,CAT,J. Zarco,CASTROL Honda LCR,,7.0,3.0,Finished,5,+7.017
2025,MotoGP,CAT,Sprint,CAT,L. Marini,Honda HRC Castrol,,8.0,2.0,Finished,10,+7.346
2025,MotoGP,CAT,Sprint,CAT,L. Marini,Honda HRC Castrol,,8.0,2.0,Finished,10,+7.346
2025,MotoGP,CAT,Sprint,CAT,A. Ogura,Trackhouse MotoGP Team,,9.0,1.0,Finished,79,+8.488
2025,MotoGP,CAT,Sprint,CAT,A. Ogura,Trackhouse MotoGP Team,,9.0,1.0,Finished,79,+8.488
2025,MotoGP,CAT,Sprint,CAT,M. Oliveira,Prima Pramac Yamaha MotoGP,,10.0,0.0,Finished,88,+8.578
2025,MotoGP,CAT,Sprint,CAT,M. Oliveira,Prima Pramac Yamaha MotoGP,,10.0,0.0,Finished,88,+8.578
2025,MotoGP,CAT,Sprint,CAT,R. Fernandez,Trackhouse MotoGP Team,,11.0,0.0,Finished,25,+9.788
2025,MotoGP,CAT,Sprint,CAT,R. Fernandez,Trackhouse MotoGP Team,,11.0,0.0,Finished,25,+9.788
2025,MotoGP,CAT,Sprint,CAT,J. Miller,Prima Pramac Yamaha MotoGP,,12.0,0.0,Finished,43,+10.165
2025,MotoGP,CAT,Sprint,CAT,J. Miller,Prima Pramac Yamaha MotoGP,,12.0,0.0,Finished,43,+10.165
2025,MotoGP,CAT,Sprint,CAT,J. Mir,Honda HRC Castrol,,13.0,0.0,Finished,36,+11.593
2025,MotoGP,CAT,Sprint,CAT,J. Mir,Honda HRC Castrol,,13.0,0.0,Finished,36,+11.593
2025,MotoGP,CAT,Sprint,CAT,F. Bagnaia,Ducati Lenovo Team,,14.0,0.0,Finished,63,+14.463
2025,MotoGP,CAT,Sprint,CAT,F. Bagnaia,Ducati Lenovo Team,,14.0,0.0,Finished,63,+14.463
2025,MotoGP,CAT,Sprint,CAT,A. Rins,Monster Energy Yamaha MotoGP Team,,15.0,0.0,Finished,42,+15.936
2025,MotoGP,CAT,Sprint,CAT,A. Rins,Monster Energy Yamaha MotoGP Team,,15.0,0.0,Finished,42,+15.936
2025,MotoGP,CAT,Sprint,CAT,A. Espargaro,Honda HRC Test Team,,16.0,0.0,Finished,41,+16.909
2025,MotoGP,CAT,Sprint,CAT,A. Espargaro,Honda HRC Test Team,,16.0,0.0,Finished,41,+16.909
2025,MotoGP,CAT,Sprint,CAT,M. Viñales,Red Bull KTM Tech3,,17.0,0.0,Finished,12,+17.040
2025,MotoGP,CAT,Sprint,CAT,M. Viñales,Red Bull KTM Tech3,,17.0,0.0,Finished,12,+17.040
2025,MotoGP,CAT,Sprint,CAT,S. Chantra,IDEMITSU Honda LCR,,18.0,0.0,Finished,35,+22.439
2025,MotoGP,CAT,Sprint,CAT,S. Chantra,IDEMITSU Honda LCR,,18.0,0.0,Finished,35,+22.439
2025,MotoGP,CAT,Sprint,CAT,A. Marquez,BK8 Gresini Racing MotoGP,,,0.0,DNF,73,8 Laps
2025,MotoGP,CAT,Sprint,CAT,F. Aldeguer,BK8 Gresini Racing MotoGP,,,0.0,DNF,54,7 Laps
2025,MotoGP,CAT,Sprint,CAT,M. Bezzecchi,Aprilia Racing,,,0.0,DNF,72,7 Laps
2025,MotoGP,CAT,Sprint,CAT,L. Savadori,Aprilia Racing,,,0.0,DNF,32,6 Laps
2025,MotoGP,CAT,Sprint,CAT,F. Morbidelli,Pertamina Enduro VR46 Racing Team,,,0.0,DNF,21,6 Laps
2025,MotoGP,CAT,Sprint,CAT,J. Martin,Aprilia Racing,,,0.0,DNF,1,6 Laps
2025,MotoGP,CAT,Sprint,CAT,A. Marquez,BK8 Gresini Racing MotoGP,,,0.0,DNF,73,8 Laps
2025,MotoGP,CAT,Sprint,CAT,F. Aldeguer,BK8 Gresini Racing MotoGP,,,0.0,DNF,54,7 Laps
2025,MotoGP,CAT,Sprint,CAT,M. Bezzecchi,Aprilia Racing,,,0.0,DNF,72,7 Laps
2025,MotoGP,CAT,Sprint,CAT,L. Savadori,Aprilia Racing,,,0.0,DNF,32,6 Laps
2025,MotoGP,CAT,Sprint,CAT,F. Morbidelli,Pertamina Enduro VR46 Racing Team,,,0.0,DNF,21,6 Laps
2025,MotoGP,CAT,Sprint,CAT,J. Martin,Aprilia Racing,,,0.0,DNF,1,6 Laps
2025,MotoGP,CZE,Race,CZE,M. Marquez,Ducati Lenovo Team,,1.0,25.0,Finished,93,40:04.628
2025,MotoGP,CZE,Race,CZE,M. Bezzecchi,Aprilia Racing,,2.0,20.0,Finished,72,+1.753
2025,MotoGP,CZE,Race,CZE,P. Acosta,Red Bull KTM Factory Racing,,3.0,16.0,Finished,37,+3.366
2025,MotoGP,CZE,Race,CZE,F. Bagnaia,Ducati Lenovo Team,,4.0,13.0,Finished,63,+3.879
2025,MotoGP,CZE,Race,CZE,R. Fernandez,Trackhouse MotoGP Team,,5.0,11.0,Finished,25,+10.045
2025,MotoGP,CZE,Race,CZE,F. Quartararo,Monster Energy Yamaha MotoGP Team,,6.0,10.0,Finished,20,+11.039
2025,MotoGP,CZE,Race,CZE,J. Martin,Aprilia Racing,,7.0,9.0,Finished,1,+15.820
2025,MotoGP,CZE,Race,CZE,B. Binder,Red Bull KTM Factory Racing,,8.0,8.0,Finished,33,+17.371
2025,MotoGP,CZE,Race,CZE,P. Espargaro,Red Bull KTM Tech3,,9.0,7.0,Finished,44,+18.163
2025,MotoGP,CZE,Race,CZE,J. Miller,Prima Pramac Yamaha MotoGP,,10.0,6.0,Finished,43,+18.669
2025,MotoGP,CZE,Race,CZE,F. Aldeguer,BK8 Gresini Racing MotoGP,,11.0,5.0,Finished,54,+19.781
2025,MotoGP,CZE,Race,CZE,L. Marini,Honda HRC Castrol,,12.0,4.0,Finished,10,+20.778
2025,MotoGP,CZE,Race,CZE,J. Zarco,CASTROL Honda LCR,,13.0,3.0,Finished,5,+20.961
2025,MotoGP,CZE,Race,CZE,A. Ogura,Trackhouse MotoGP Team,,14.0,2.0,Finished,79,+21.904
2025,MotoGP,CZE,Race,CZE,A. Rins,Monster Energy Yamaha MotoGP Team,,15.0,1.0,Finished,42,+22.563
2025,MotoGP,CZE,Race,CZE,F. Di Giannantonio,Pertamina Enduro VR46 Racing Team,,16.0,0.0,Finished,49,+24.729
2025,MotoGP,CZE,Race,CZE,M. Oliveira,Prima Pramac Yamaha MotoGP,,17.0,0.0,Finished,88,+27.640
2025,MotoGP,CZE,Race,CZE,A. Fernandez,Yamaha Factory Racing Team,,18.0,0.0,Finished,7,+28.310
2025,MotoGP,CZE,Race,CZE,E. Bastianini,Red Bull KTM Tech3,,,0.0,DNF,23,6 laps
2025,MotoGP,CZE,Race,CZE,A. Marquez,BK8 Gresini Racing MotoGP,,,0.0,DNF,73,1 laps
2025,MotoGP,CZE,Race,CZE,J. Mir,Honda HRC Castrol,,,0.0,DNF,36,1 laps
2025,MotoGP,CZE,Sprint,CZE,M. Marquez,Ducati Lenovo Team,,1.0,12.0,Finished,93,19:05.883
2025,MotoGP,CZE,Sprint,CZE,P. Acosta,Red Bull KTM Factory Racing,,2.0,9.0,Finished,37,+0.798
2025,MotoGP,CZE,Sprint,CZE,E. Bastianini,Red Bull KTM Tech3,,3.0,7.0,Finished,23,+1.324
2025,MotoGP,CZE,Sprint,CZE,M. Bezzecchi,Aprilia Racing,,4.0,6.0,Finished,72,+1.409
2025,MotoGP,CZE,Sprint,CZE,F. Quartararo,Monster Energy Yamaha MotoGP Team,,5.0,5.0,Finished,20,+2.292
2025,MotoGP,CZE,Sprint,CZE,R. Fernandez,Trackhouse MotoGP Team,,6.0,4.0,Finished,25,+3.358
2025,MotoGP,CZE,Sprint,CZE,F. Bagnaia,Ducati Lenovo Team,,7.0,3.0,Finished,63,+3.648
2025,MotoGP,CZE,Sprint,CZE,J. Zarco,CASTROL Honda LCR,,8.0,2.0,Finished,5,+3.920
2025,MotoGP,CZE,Sprint,CZE,P. Espargaro,Red Bull KTM Tech3,,9.0,1.0,Finished,44,+4.748
2025,MotoGP,CZE,Sprint,CZE,B. Binder,Red Bull KTM Factory Racing,,10.0,0.0,Finished,33,+5.902
2025,MotoGP,CZE,Sprint,CZE,J. Martin,Aprilia Racing,,11.0,0.0,Finished,1,+6.000
2025,MotoGP,CZE,Sprint,CZE,J. Miller,Prima Pramac Yamaha MotoGP,,12.0,0.0,Finished,43,+6.379
2025,MotoGP,CZE,Sprint,CZE,M. Oliveira,Prima Pramac Yamaha MotoGP,,13.0,0.0,Finished,88,+7.081
2025,MotoGP,CZE,Sprint,CZE,F. Aldeguer,BK8 Gresini Racing MotoGP,,14.0,0.0,Finished,54,+7.612
2025,MotoGP,CZE,Sprint,CZE,L. Marini,Honda HRC Castrol,,15.0,0.0,Finished,10,+8.681
2025,MotoGP,CZE,Sprint,CZE,A. Ogura,Trackhouse MotoGP Team,,16.0,0.0,Finished,79,+8.992
2025,MotoGP,CZE,Sprint,CZE,A. Marquez,BK8 Gresini Racing MotoGP,,17.0,0.0,Finished,73,+9.404
2025,MotoGP,CZE,Sprint,CZE,A. Rins,Monster Energy Yamaha MotoGP Team,,18.0,0.0,Finished,42,+9.871
2025,MotoGP,CZE,Sprint,CZE,J. Mir,Honda HRC Castrol,,19.0,0.0,Finished,36,+11.487
2025,MotoGP,CZE,Sprint,CZE,F. Di Giannantonio,Pertamina Enduro VR46 Racing Team,,,0.0,DNF,49,4 laps
2025,MotoGP,CZE,Sprint,CZE,A. Fernandez,Yamaha Factory Racing Team,,,0.0,DNF,7,1 laps
2025,MotoGP,CZE,Sprint,CZE,T. Nakagami,IDEMITSU Honda LCR,,,0.0,DNF,30,1 laps
2025,MotoGP,FRA,Race,FRA,J. Zarco,CASTROL Honda LCR,,1.0,25.0,Finished,5,45:47.541
2025,MotoGP,FRA,Race,FRA,M. Marquez,Ducati Lenovo Team,,2.0,20.0,Finished,93,+19.907
2025,MotoGP,FRA,Race,FRA,F. Aldeguer,BK8 Gresini Racing MotoGP,,3.0,16.0,Finished,54,+26.532
2025,MotoGP,FRA,Race,FRA,P. Acosta,Red Bull KTM Factory Racing,,4.0,13.0,Finished,37,+29.631
2025,MotoGP,FRA,Race,FRA,M. Viñales,Red Bull KTM Tech3,,5.0,11.0,Finished,12,+38.136
2025,MotoGP,FRA,Race,FRA,T. Nakagami,Honda HRC Test Team,,6.0,10.0,Finished,30,+59.527
2025,MotoGP,FRA,Race,FRA,R. Fernandez,Trackhouse MotoGP Team,,7.0,9.0,Finished,25,+70.302
2025,MotoGP,FRA,Race,FRA,F. Di Giannantonio,Pertamina Enduro VR46 Racing Team,,8.0,8.0,Finished,49,+70.363
2025,MotoGP,FRA,Race,FRA,L. Savadori,Aprilia Racing,,9.0,7.0,Finished,32,+85.793
2025,MotoGP,FRA,Race,FRA,A. Ogura,Trackhouse MotoGP Team,,10.0,6.0,Finished,79,+86.529
2025,MotoGP,FRA,Race,FRA,L. Marini,Honda HRC Castrol,,11.0,5.0,Finished,10,+92.535
2025,MotoGP,FRA,Race,FRA,A. Rins,Monster Energy Yamaha MotoGP Team,,12.0,4.0,Finished,42,+95.357
2025,MotoGP,FRA,Race,FRA,E. Bastianini,Red Bull KTM Tech3,,13.0,3.0,Finished,23,+0.000
2025,MotoGP,FRA,Race,FRA,M. Bezzecchi,Aprilia Racing,,14.0,2.0,Finished,72,+0.000
2025,MotoGP,FRA,Race,FRA,F. Morbidelli,Pertamina Enduro VR46 Racing Team,,15.0,1.0,Finished,21,+0.000
2025,MotoGP,FRA,Race,FRA,F. Bagnaia,Ducati Lenovo Team,,16.0,0.0,Finished,63,+0.000
2025,MotoGP,FRA,Race,FRA,A. Marquez,BK8 Gresini Racing MotoGP,,,0.0,DNF,73,22 laps
2025,MotoGP,FRA,Race,FRA,M. Oliveira,Prima Pramac Yamaha MotoGP,,,0.0,DNF,88,18 laps
2025,MotoGP,FRA,Race,FRA,B. Binder,Red Bull KTM Factory Racing,,,0.0,DNF,33,6 laps
2025,MotoGP,FRA,Race,FRA,J. Miller,Prima Pramac Yamaha MotoGP,,,0.0,DNF,43,5 laps
2025,MotoGP,FRA,Race,FRA,F. Quartararo,Monster Energy Yamaha MotoGP Team,,,0.0,DNF,20,3 laps
2025,MotoGP,FRA,Race,FRA,J. Mir,Honda HRC Castrol,,,0.0,DNF,36,
2025,MotoGP,FRA,Sprint,FRA,M. Marquez,Ducati Lenovo Team,,1.0,12.0,Finished,93,19:49.022
2025,MotoGP,FRA,Sprint,FRA,A. Marquez,BK8 Gresini Racing MotoGP,,2.0,9.0,Finished,73,+0.530
2025,MotoGP,FRA,Sprint,FRA,F. Aldeguer,BK8 Gresini Racing MotoGP,,3.0,7.0,Finished,54,+2.164
2025,MotoGP,FRA,Sprint,FRA,F. Quartararo,Monster Energy Yamaha MotoGP Team,,4.0,6.0,Finished,20,+2.840
2025,MotoGP,FRA,Sprint,FRA,M. Viñales,Red Bull KTM Tech3,,5.0,5.0,Finished,12,+5.285
2025,MotoGP,FRA,Sprint,FRA,J. Zarco,CASTROL Honda LCR,,6.0,4.0,Finished,5,+7.939
2025,MotoGP,FRA,Sprint,FRA,F. Di Giannantonio,Pertamina Enduro VR46 Racing Team,,7.0,3.0,Finished,49,+8.367
2025,MotoGP,FRA,Sprint,FRA,A. Rins,Monster Energy Yamaha MotoGP Team,,8.0,2.0,Finished,42,+8.930
2025,MotoGP,FRA,Sprint,FRA,J. Mir,Honda HRC Castrol,,9.0,1.0,Finished,36,+9.858
2025,MotoGP,FRA,Sprint,FRA,R. Fernandez,Trackhouse MotoGP Team,,10.0,0.0,Finished,25,+11.599
2025,MotoGP,FRA,Sprint,FRA,J. Miller,Prima Pramac Yamaha MotoGP,,11.0,0.0,Finished,43,+12.238
2025,MotoGP,FRA,Sprint,FRA,L. Marini,Honda HRC Castrol,,12.0,0.0,Finished,10,+12.458
2025,MotoGP,FRA,Sprint,FRA,E. Bastianini,Red Bull KTM Tech3,,13.0,0.0,Finished,23,+12.540
2025,MotoGP,FRA,Sprint,FRA,A. Ogura,Trackhouse MotoGP Team,,14.0,0.0,Finished,79,+13.610
2025,MotoGP,FRA,Sprint,FRA,F. Morbidelli,Pertamina Enduro VR46 Racing Team,,15.0,0.0,Finished,21,+13.752
2025,MotoGP,FRA,Sprint,FRA,T. Nakagami,Honda HRC Test Team,,16.0,0.0,Finished,30,+15.381
2025,MotoGP,FRA,Sprint,FRA,M. Bezzecchi,Aprilia Racing,,17.0,0.0,Finished,72,+15.904
2025,MotoGP,FRA,Sprint,FRA,L. Savadori,Aprilia Racing,,18.0,0.0,Finished,32,+27.507
2025,MotoGP,FRA,Sprint,FRA,P. Acosta,Red Bull KTM Factory Racing,,19.0,0.0,Finished,37,+28.342
2025,MotoGP,FRA,Sprint,FRA,M. Oliveira,Prima Pramac Yamaha MotoGP,,20.0,0.0,Finished,88,+44.807
2025,MotoGP,FRA,Sprint,FRA,B. Binder,Red Bull KTM Factory Racing,,,0.0,DNF,33,4 laps
2025,MotoGP,FRA,Sprint,FRA,F. Bagnaia,Ducati Lenovo Team,,,0.0,DNF,63,1 laps
2025,MotoGP,GBR,Race,GBR,M. Bezzecchi,Aprilia Racing,,1.0,25.0,Finished,72,38:16.037
2025,MotoGP,GBR,Race,GBR,J. Zarco,CASTROL Honda LCR,,2.0,20.0,Finished,5,+4.088
2025,MotoGP,GBR,Race,GBR,M. Marquez,Ducati Lenovo Team,,3.0,16.0,Finished,93,+5.929
2025,MotoGP,GBR,Race,GBR,F. Morbidelli,Pertamina Enduro VR46 Racing Team,,4.0,13.0,Finished,21,+5.946
2025,MotoGP,GBR,Race,GBR,A. Marquez,BK8 Gresini Racing MotoGP,,5.0,11.0,Finished,73,+6.024
2025,MotoGP,GBR,Race,GBR,P. Acosta,Red Bull KTM Factory Racing,,6.0,10.0,Finished,37,+7.109
2025,MotoGP,GBR,Race,GBR,J. Miller,Prima Pramac Yamaha MotoGP,,7.0,9.0,Finished,43,+7.398
2025,MotoGP,GBR,Race,GBR,F. Aldeguer,BK8 Gresini Racing MotoGP,,8.0,8.0,Finished,54,+8.584
2025,MotoGP,GBR,Race,GBR,F. Di Giannantonio,Pertamina Enduro VR46 Racing Team,,9.0,7.0,Finished,49,+9.764
2025,MotoGP,GBR,Race,GBR,J. Mir,Honda HRC Castrol,,10.0,6.0,Finished,36,+10.320
2025,MotoGP,GBR,Race,GBR,M. Viñales,Red Bull KTM Tech3,,11.0,5.0,Finished,12,+11.318
2025,MotoGP,GBR,Race,GBR,R. Fernandez,Trackhouse MotoGP Team,,12.0,4.0,Finished,25,+16.175
2025,MotoGP,GBR,Race,GBR,A. Rins,Monster Energy Yamaha MotoGP Team,,13.0,3.0,Finished,42,+16.312
2025,MotoGP,GBR,Race,GBR,B. Binder,Red Bull KTM Factory Racing,,14.0,2.0,Finished,33,+16.262
2025,MotoGP,GBR,Race,GBR,L. Marini,Honda HRC Castrol,,15.0,1.0,Finished,10,+23.729
2025,MotoGP,GBR,Race,GBR,M. Oliveira,Prima Pramac Yamaha MotoGP,,16.0,0.0,Finished,88,+31.641
2025,MotoGP,GBR,Race,GBR,E. Bastianini,Red Bull KTM Tech3,,17.0,0.0,Finished,23,+54.225
2025,MotoGP,GBR,Race,GBR,L. Savadori,Aprilia Racing,,18.0,0.0,Finished,32,+56.488
2025,MotoGP,GBR,Race,GBR,S. Chantra,IDEMITSU Honda LCR,,19.0,0.0,Finished,35,+64.884
2025,MotoGP,GBR,Race,GBR,F. Quartararo,Monster Energy Yamaha MotoGP Team,,,0.0,DNF,20,12 laps
2025,MotoGP,GBR,Race,GBR,A. Espargaro,Honda HRC Test Team,,,0.0,DNF,41,3 laps
2025,MotoGP,GBR,Race,GBR,F. Bagnaia,Ducati Lenovo Team,,,0.0,DNF,63,3 laps
2025,MotoGP,GBR,Sprint,GBR,A. Marquez,BK8 Gresini Racing MotoGP,,1.0,12.0,Finished,73,19:53.657
2025,MotoGP,GBR,Sprint,GBR,M. Marquez,Ducati Lenovo Team,,2.0,9.0,Finished,93,+3.511
2025,MotoGP,GBR,Sprint,GBR,F. Di Giannantonio,Pertamina Enduro VR46 Racing Team,,3.0,7.0,Finished,49,+5.072
2025,MotoGP,GBR,Sprint,GBR,M. Bezzecchi,Aprilia Racing,,4.0,6.0,Finished,72,+5.658
2025,MotoGP,GBR,Sprint,GBR,J. Zarco,CASTROL Honda LCR,,5.0,5.0,Finished,5,+6.707
2025,MotoGP,GBR,Sprint,GBR,F. Bagnaia,Ducati Lenovo Team,,6.0,4.0,Finished,63,+7.057
2025,MotoGP,GBR,Sprint,GBR,F. Quartararo,Monster Energy Yamaha MotoGP Team,,7.0,3.0,Finished,20,+7.231
2025,MotoGP,GBR,Sprint,GBR,P. Acosta,Red Bull KTM Factory Racing,,8.0,2.0,Finished,37,+9.186
2025,MotoGP,GBR,Sprint,GBR,J. Miller,Prima Pramac Yamaha MotoGP,,9.0,1.0,Finished,43,+9.923
2025,MotoGP,GBR,Sprint,GBR,L. Marini,Honda HRC Castrol,,10.0,0.0,Finished,10,+10.206
2025,MotoGP,GBR,Sprint,GBR,F. Morbidelli,Pertamina Enduro VR46 Racing Team,,11.0,0.0,Finished,21,+10.898
2025,MotoGP,GBR,Sprint,GBR,J. Mir,Honda HRC Castrol,,12.0,0.0,Finished,36,+11.405
2025,MotoGP,GBR,Sprint,GBR,M. Viñales,Red Bull KTM Tech3,,13.0,0.0,Finished,12,+11.933
2025,MotoGP,GBR,Sprint,GBR,F. Aldeguer,BK8 Gresini Racing MotoGP,,14.0,0.0,Finished,54,+15.376
2025,MotoGP,GBR,Sprint,GBR,E. Bastianini,Red Bull KTM Tech3,,15.0,0.0,Finished,23,+18.135
2025,MotoGP,GBR,Sprint,GBR,M. Oliveira,Prima Pramac Yamaha MotoGP,,16.0,0.0,Finished,88,+19.213
2025,MotoGP,GBR,Sprint,GBR,A. Espargaro,Honda HRC Test Team,,17.0,0.0,Finished,41,+20.468
2025,MotoGP,GBR,Sprint,GBR,L. Savadori,Aprilia Racing,,18.0,0.0,Finished,32,+20.968
2025,MotoGP,GBR,Sprint,GBR,R. Fernandez,Trackhouse MotoGP Team,,19.0,0.0,Finished,25,+24.729
2025,MotoGP,GBR,Sprint,GBR,A. Rins,Monster Energy Yamaha MotoGP Team,,20.0,0.0,Finished,42,+26.919
2025,MotoGP,GBR,Sprint,GBR,S. Chantra,IDEMITSU Honda LCR,,21.0,0.0,Finished,35,+32.532
2025,MotoGP,GBR,Sprint,GBR,B. Binder,Red Bull KTM Factory Racing,,,0.0,DNF,33,1 laps
2025,MotoGP,GER,Race,GER,M. Marquez,Ducati Lenovo Team,,1.0,25.0,Finished,93,40:42.854
2025,MotoGP,GER,Race,GER,A. Marquez,BK8 Gresini Racing MotoGP,,2.0,20.0,Finished,73,+6.380
2025,MotoGP,GER,Race,GER,F. Bagnaia,Ducati Lenovo Team,,3.0,16.0,Finished,63,+7.080
2025,MotoGP,GER,Race,GER,F. Quartararo,Monster Energy Yamaha MotoGP Team,,4.0,13.0,Finished,20,+18.738
2025,MotoGP,GER,Race,GER,F. Aldeguer,BK8 Gresini Racing MotoGP,,5.0,11.0,Finished,54,+18.916
2025,MotoGP,GER,Race,GER,L. Marini,Honda HRC Castrol,,6.0,10.0,Finished,10,+24.743
2025,MotoGP,GER,Race,GER,B. Binder,Red Bull KTM Factory Racing,,7.0,9.0,Finished,33,+24.820
2025,MotoGP,GER,Race,GER,J. Miller,Prima Pramac Yamaha MotoGP,,8.0,8.0,Finished,43,+25.757
2025,MotoGP,GER,Race,GER,R. Fernandez,Trackhouse MotoGP Team,,9.0,7.0,Finished,25,+25.859
2025,MotoGP,GER,Race,GER,A. Rins,Monster Energy Yamaha MotoGP Team,,10.0,6.0,Finished,42,+39.419
2025,MotoGP,GER,Race,GER,L. Savadori,Aprilia Racing,,,0.0,DNF,32,19 laps
2025,MotoGP,GER,Race,GER,A. Ogura,Trackhouse MotoGP Team,,,0.0,DNF,79,21 laps
2025,MotoGP,GER,Race,GER,J. Mir,Honda HRC Castrol,,,0.0,DNF,36,21 laps
2025,MotoGP,GER,Race,GER,M. Bezzecchi,Aprilia Racing,,,0.0,DNF,72,20 laps
2025,MotoGP,GER,Race,GER,J. Zarco,CASTROL Honda LCR,,,0.0,DNF,5,17 laps
2025,MotoGP,GER,Race,GER,F. Di Giannantonio,Pertamina Enduro VR46 Racing Team,,,0.0,DNF,49,17 laps
2025,MotoGP,GER,Race,GER,P. Acosta,Red Bull KTM Factory Racing,,,0.0,DNF,37,3 laps
2025,MotoGP,GER,Race,GER,M. Oliveira,Prima Pramac Yamaha MotoGP,,,0.0,DNF,88,2 laps
2025,MotoGP,GER,Sprint,GER,M. Marquez,Ducati Lenovo Team,,1.0,12.0,Finished,93,22:25.747
2025,MotoGP,GER,Sprint,GER,M. Bezzecchi,Aprilia Racing,,2.0,9.0,Finished,72,+0.938
2025,MotoGP,GER,Sprint,GER,F. Quartararo,Monster Energy Yamaha MotoGP Team,,3.0,7.0,Finished,20,+4.361
2025,MotoGP,GER,Sprint,GER,F. Di Giannantonio,Pertamina Enduro VR46 Racing Team,,4.0,6.0,Finished,49,+4.683
2025,MotoGP,GER,Sprint,GER,J. Miller,Prima Pramac Yamaha MotoGP,,5.0,5.0,Finished,43,+9.405
2025,MotoGP,GER,Sprint,GER,B. Binder,Red Bull KTM Factory Racing,,6.0,4.0,Finished,33,+11.720
2025,MotoGP,GER,Sprint,GER,J. Zarco,CASTROL Honda LCR,,7.0,3.0,Finished,5,+12.090
2025,MotoGP,GER,Sprint,GER,A. Marquez,BK8 Gresini Racing MotoGP,,8.0,2.0,Finished,73,+12.347
2025,MotoGP,GER,Sprint,GER,P. Acosta,Red Bull KTM Factory Racing,,9.0,1.0,Finished,37,+17.236
2025,MotoGP,GER,Sprint,GER,F. Aldeguer,BK8 Gresini Racing MotoGP,,10.0,0.0,Finished,54,+18.728
2025,MotoGP,GER,Sprint,GER,M. Oliveira,Prima Pramac Yamaha MotoGP,,11.0,0.0,Finished,88,+19.486
2025,MotoGP,GER,Sprint,GER,F. Bagnaia,Ducati Lenovo Team,,12.0,0.0,Finished,63,+20.339
2025,MotoGP,GER,Sprint,GER,R. Fernandez,Trackhouse MotoGP Team,,13.0,0.0,Finished,25,+21.978
2025,MotoGP,GER,Sprint,GER,J. Mir,Honda HRC Castrol,,14.0,0.0,Finished,36,+23.077
2025,MotoGP,GER,Sprint,GER,A. Rins,Monster Energy Yamaha MotoGP Team,,15.0,0.0,Finished,42,+23.575
2025,MotoGP,GER,Sprint,GER,L. Marini,Honda HRC Castrol,,16.0,0.0,Finished,10,+29.220
2025,MotoGP,GER,Sprint,GER,A. Ogura,Trackhouse MotoGP Team,,17.0,0.0,Finished,79,+31.433
2025,MotoGP,GER,Sprint,GER,L. Savadori,Aprilia Racing,,18.0,0.0,Finished,32,+50.698
2025,MotoGP,GER,Sprint,GER,F. Morbidelli,Pertamina Enduro VR46 Racing Team,,,0.0,DNF,21,2 laps
2025,MotoGP,HUN,Race,HUN,M. Marquez,Ducati Lenovo Team,,1.0,25.0,Finished,93,42:37.681
2025,MotoGP,HUN,Race,HUN,P. Acosta,Red Bull KTM Factory Racing,,2.0,20.0,Finished,37,+4.314
2025,MotoGP,HUN,Race,HUN,M. Bezzecchi,Aprilia Racing,,3.0,16.0,Finished,72,+7.488
2025,MotoGP,HUN,Race,HUN,J. Martin,Aprilia Racing,,4.0,13.0,Finished,1,+11.069
2025,MotoGP,HUN,Race,HUN,L. Marini,Honda HRC Castrol,,5.0,11.0,Finished,10,+11.904
2025,MotoGP,HUN,Race,HUN,F. Morbidelli,Pertamina Enduro VR46 Racing Team,,6.0,10.0,Finished,21,+12.608
2025,MotoGP,HUN,Race,HUN,B. Binder,Red Bull KTM Factory Racing,,7.0,9.0,Finished,33,+12.902
2025,MotoGP,HUN,Race,HUN,P. Espargaro,Red Bull KTM Tech3,,8.0,8.0,Finished,44,+14.015
2025,MotoGP,HUN,Race,HUN,F. Bagnaia,Ducati Lenovo Team,,9.0,7.0,Finished,63,+14.854
2025,MotoGP,HUN,Race,HUN,F. Quartararo,Monster Energy Yamaha MotoGP Team,,10.0,6.0,Finished,20,+15.473
2025,MotoGP,HUN,Race,HUN,A. Ogura,Trackhouse MotoGP Team,,11.0,5.0,Finished,79,+18.112
2025,MotoGP,HUN,Race,HUN,M. Oliveira,Prima Pramac Yamaha MotoGP,,12.0,4.0,Finished,88,+19.021
2025,MotoGP,HUN,Race,HUN,A. Rins,Monster Energy Yamaha MotoGP Team,,13.0,3.0,Finished,42,+22.861
2025,MotoGP,HUN,Race,HUN,A. Marquez,BK8 Gresini Racing MotoGP,,14.0,2.0,Finished,73,+25.938
2025,MotoGP,HUN,Race,HUN,F. Giannantonio,Pertamina Enduro VR46 Racing Team,,15.0,1.0,Finished,49,+26.262
2025,MotoGP,HUN,Race,HUN,F. Aldeguer,BK8 Gresini Racing MotoGP,,16.0,0.0,Finished,54,+55.239
2025,MotoGP,HUN,Race,HUN,J. Zarco,CASTROL Honda LCR,,,0.0,DNF,5,20 Laps
2025,MotoGP,HUN,Race,HUN,R. Fernandez,Trackhouse MotoGP Team,,,0.0,DNF,25,12 Laps
2025,MotoGP,HUN,Race,HUN,J. Miller,Prima Pramac Yamaha MotoGP,,,0.0,DNF,43,16 Laps
2025,MotoGP,HUN,Race,HUN,E. Bastianini,Red Bull KTM Tech3,,,0.0,DNF,23,1 Laps
2025,MotoGP,HUN,Race,HUN,J. Mir,Honda HRC Castrol,,,0.0,DNF,36,4 Laps
2025,MotoGP,HUN,Sprint,HUN,M. Marquez,Ducati Lenovo Team,,1.0,12.0,Finished,93,21:13.465
2025,MotoGP,HUN,Sprint,HUN,F. Giannantonio,Pertamina Enduro VR46 Racing Team,,2.0,9.0,Finished,49,+2.095
2025,MotoGP,HUN,Sprint,HUN,F. Morbidelli,Pertamina Enduro VR46 Racing Team,,3.0,7.0,Finished,21,+3.595
2025,MotoGP,HUN,Sprint,HUN,L. Marini,Honda HRC Castrol,,4.0,6.0,Finished,10,+4.890
2025,MotoGP,HUN,Sprint,HUN,F. Aldeguer,BK8 Gresini Racing MotoGP,,5.0,5.0,Finished,54,+5.692
2025,MotoGP,HUN,Sprint,HUN,J. Mir,Honda HRC Castrol,,6.0,4.0,Finished,36,+6.147
2025,MotoGP,HUN,Sprint,HUN,M. Bezzecchi,Aprilia Racing,,7.0,3.0,Finished,72,+6.266
2025,MotoGP,HUN,Sprint,HUN,A. Marquez,BK8 Gresini Racing MotoGP,,8.0,2.0,Finished,73,+7.332
2025,MotoGP,HUN,Sprint,HUN,J. Martin,Aprilia Racing,,9.0,1.0,Finished,1,+10.779
2025,MotoGP,HUN,Sprint,HUN,P. Espargaro,Red Bull KTM Tech3,,10.0,0.0,Finished,44,+12.905
2025,MotoGP,HUN,Sprint,HUN,R. Fernandez,Trackhouse MotoGP Team,,11.0,0.0,Finished,25,+13.148
2025,MotoGP,HUN,Sprint,HUN,J. Miller,Prima Pramac Yamaha MotoGP,,12.0,0.0,Finished,43,+14.097
2025,MotoGP,HUN,Sprint,HUN,F. Bagnaia,Ducati Lenovo Team,,13.0,0.0,Finished,63,+14.891
2025,MotoGP,HUN,Sprint,HUN,M. Oliveira,Prima Pramac Yamaha MotoGP,,14.0,0.0,Finished,88,+15.342
2025,MotoGP,HUN,Sprint,HUN,A. Ogura,Trackhouse MotoGP Team,,15.0,0.0,Finished,79,+15.467
2025,MotoGP,HUN,Sprint,HUN,A. Rins,Monster Energy Yamaha MotoGP Team,,16.0,0.0,Finished,42,+21.007
2025,MotoGP,HUN,Sprint,HUN,P. Acosta,Red Bull KTM Factory Racing,,17.0,0.0,Finished,37,+22.245
2025,MotoGP,HUN,Sprint,HUN,B. Binder,Red Bull KTM Factory Racing,,18.0,0.0,Finished,33,+0.000
2025,MotoGP,HUN,Sprint,HUN,J. Zarco,CASTROL Honda LCR,,,0.0,DNF,5,
2025,MotoGP,HUN,Sprint,HUN,E. Bastianini,Red Bull KTM Tech3,,,0.0,DNF,23,
2025,MotoGP,HUN,Sprint,HUN,F. Quartararo,Monster Energy Yamaha MotoGP Team,,,0.0,DNF,20,
2025,MotoGP,INA,Race,INA,F. Aldeguer,BK8 Gresini Racing MotoGP,,1.0,25.0,Finished,54,41:07.651
2025,MotoGP,INA,Race,INA,F. Aldeguer,BK8 Gresini Racing MotoGP,,1.0,25.0,Finished,54,41:07.651
2025,MotoGP,INA,Race,INA,P. Acosta,Red Bull KTM Factory Racing,,2.0,20.0,Finished,37,+6.987
2025,MotoGP,INA,Race,INA,P. Acosta,Red Bull KTM Factory Racing,,2.0,20.0,Finished,37,+6.987
2025,MotoGP,INA,Race,INA,A. Marquez,BK8 Gresini Racing MotoGP,,3.0,16.0,Finished,73,+7.896
2025,MotoGP,INA,Race,INA,A. Marquez,BK8 Gresini Racing MotoGP,,3.0,16.0,Finished,73,+7.896
2025,MotoGP,INA,Race,INA,B. Binder,Red Bull KTM Factory Racing,,4.0,13.0,Finished,33,+8.901
2025,MotoGP,INA,Race,INA,B. Binder,Red Bull KTM Factory Racing,,4.0,13.0,Finished,33,+8.901
2025,MotoGP,INA,Race,INA,L. Marini,Honda HRC Castrol,,5.0,11.0,Finished,10,+9.129
2025,MotoGP,INA,Race,INA,L. Marini,Honda HRC Castrol,,5.0,11.0,Finished,10,+9.129
2025,MotoGP,INA,Race,INA,R. Fernandez,Trackhouse MotoGP Team,,6.0,10.0,Finished,25,+9.709
2025,MotoGP,INA,Race,INA,R. Fernandez,Trackhouse MotoGP Team,,6.0,10.0,Finished,25,+9.709
2025,MotoGP,INA,Race,INA,F. Quartararo,Monster Energy Yamaha MotoGP Team,,7.0,9.0,Finished,20,+9.894
2025,MotoGP,INA,Race,INA,F. Quartararo,Monster Energy Yamaha MotoGP Team,,7.0,9.0,Finished,20,+9.894
2025,MotoGP,INA,Race,INA,F. Morbidelli,Pertamina Enduro VR46 Racing Team,,8.0,8.0,Finished,21,+10.087
2025,MotoGP,INA,Race,INA,F. Morbidelli,Pertamina Enduro VR46 Racing Team,,8.0,8.0,Finished,21,+10.087
2025,MotoGP,INA,Race,INA,F. Di Giannantonio,Pertamina Enduro VR46 Racing Team,,9.0,7.0,Finished,49,+10.350
2025,MotoGP,INA,Race,INA,F. Di Giannantonio,Pertamina Enduro VR46 Racing Team,,9.0,7.0,Finished,49,+10.350
2025,MotoGP,INA,Race,INA,A. Rins,Monster Energy Yamaha MotoGP Team,,10.0,6.0,Finished,42,+13.223
2025,MotoGP,INA,Race,INA,A. Rins,Monster Energy Yamaha MotoGP Team,,10.0,6.0,Finished,42,+13.223
2025,MotoGP,INA,Race,INA,M. Oliveira,Prima Pramac Yamaha MotoGP,,11.0,5.0,Finished,88,+19.769
2025,MotoGP,INA,Race,INA,M. Oliveira,Prima Pramac Yamaha MotoGP,,11.0,5.0,Finished,88,+19.769
2025,MotoGP,INA,Race,INA,J. Zarco,CASTROL Honda LCR,,12.0,4.0,Finished,5,+27.597
2025,MotoGP,INA,Race,INA,J. Zarco,CASTROL Honda LCR,,12.0,4.0,Finished,5,+27.597
2025,MotoGP,INA,Race,INA,S. Chantra,IDEMITSU Honda LCR,,13.0,3.0,Finished,35,+48.035
2025,MotoGP,INA,Race,INA,S. Chantra,IDEMITSU Honda LCR,,13.0,3.0,Finished,35,+48.035
2025,MotoGP,INA,Race,INA,J. Miller,Prima Pramac Yamaha MotoGP,,14.0,2.0,Finished,43,+55.540
2025,MotoGP,INA,Race,INA,J. Miller,Prima Pramac Yamaha MotoGP,,14.0,2.0,Finished,43,+55.540
2025,MotoGP,INA,Race,INA,E. Bastianini,Red Bull KTM Tech3,,,0.0,DNF,23,12 Laps
2025,MotoGP,INA,Race,INA,F. Bagnaia,Ducati Lenovo Team,,,0.0,DNF,63,7 Laps
2025,MotoGP,INA,Race,INA,J. Mir,Honda HRC Castrol,,,0.0,DNF,36,2 Laps
2025,MotoGP,INA,Race,INA,M. Bezzecchi,Aprilia Racing,,,0.0,DNF,72,
2025,MotoGP,INA,Race,INA,M. Marquez,Ducati Lenovo Team,,,0.0,DNF,93,
2025,MotoGP,INA,Race,INA,E. Bastianini,Red Bull KTM Tech3,,,0.0,DNF,23,12 Laps
2025,MotoGP,INA,Race,INA,F. Bagnaia,Ducati Lenovo Team,,,0.0,DNF,63,7 Laps
2025,MotoGP,INA,Race,INA,J. Mir,Honda HRC Castrol,,,0.0,DNF,36,2 Laps
2025,MotoGP,INA,Race,INA,M. Bezzecchi,Aprilia Racing,,,0.0,DNF,72,
2025,MotoGP,INA,Race,INA,M. Marquez,Ducati Lenovo Team,,,0.0,DNF,93,
2025,MotoGP,INA,Sprint,INA,M. Bezzecchi,Aprilia Racing,,1.0,12.0,Finished,72,19:37.047
2025,MotoGP,INA,Sprint,INA,M. Bezzecchi,Aprilia Racing,,1.0,12.0,Finished,72,19:37.047
2025,MotoGP,INA,Sprint,INA,F. Aldeguer,BK8 Gresini Racing MotoGP,,2.0,9.0,Finished,54,+0.157
2025,MotoGP,INA,Sprint,INA,F. Aldeguer,BK8 Gresini Racing MotoGP,,2.0,9.0,Finished,54,+0.157
2025,MotoGP,INA,Sprint,INA,R. Fernandez,Trackhouse MotoGP Team,,3.0,7.0,Finished,25,+4.062
2025,MotoGP,INA,Sprint,INA,R. Fernandez,Trackhouse MotoGP Team,,3.0,7.0,Finished,25,+4.062
2025,MotoGP,INA,Sprint,INA,A. Marquez,BK8 Gresini Racing MotoGP,,4.0,6.0,Finished,73,+5.832
2025,MotoGP,INA,Sprint,INA,A. Marquez,BK8 Gresini Racing MotoGP,,4.0,6.0,Finished,73,+5.832
2025,MotoGP,INA,Sprint,INA,J. Mir,Honda HRC Castrol,,5.0,5.0,Finished,36,+8.759
2025,MotoGP,INA,Sprint,INA,J. Mir,Honda HRC Castrol,,5.0,5.0,Finished,36,+8.759
2025,MotoGP,INA,Sprint,INA,M. Marquez,Ducati Lenovo Team,,6.0,4.0,Finished,93,+9.772
2025,MotoGP,INA,Sprint,INA,M. Marquez,Ducati Lenovo Team,,6.0,4.0,Finished,93,+9.772
2025,MotoGP,INA,Sprint,INA,F. Morbidelli,Pertamina Enduro VR46 Racing Team,,7.0,3.0,Finished,21,+11.980
2025,MotoGP,INA,Sprint,INA,F. Morbidelli,Pertamina Enduro VR46 Racing Team,,7.0,3.0,Finished,21,+11.980
2025,MotoGP,INA,Sprint,INA,F. Di Giannantonio,Pertamina Enduro VR46 Racing Team,,8.0,2.0,Finished,49,+12.096
2025,MotoGP,INA,Sprint,INA,F. Di Giannantonio,Pertamina Enduro VR46 Racing Team,,8.0,2.0,Finished,49,+12.096
2025,MotoGP,INA,Sprint,INA,M. Oliveira,Prima Pramac Yamaha MotoGP,,9.0,1.0,Finished,88,+12.988
2025,MotoGP,INA,Sprint,INA,M. Oliveira,Prima Pramac Yamaha MotoGP,,9.0,1.0,Finished,88,+12.988
2025,MotoGP,INA,Sprint,INA,B. Binder,Red Bull KTM Factory Racing,,10.0,0.0,Finished,33,+13.312
2025,MotoGP,INA,Sprint,INA,B. Binder,Red Bull KTM Factory Racing,,10.0,0.0,Finished,33,+13.312
2025,MotoGP,INA,Sprint,INA,J. Miller,Prima Pramac Yamaha MotoGP,,11.0,0.0,Finished,43,+15.905
2025,MotoGP,INA,Sprint,INA,J. Miller,Prima Pramac Yamaha MotoGP,,11.0,0.0,Finished,43,+15.905
2025,MotoGP,INA,Sprint,INA,A. Rins,Monster Energy Yamaha MotoGP Team,,12.0,0.0,Finished,42,+16.226
2025,MotoGP,INA,Sprint,INA,A. Rins,Monster Energy Yamaha MotoGP Team,,12.0,0.0,Finished,42,+16.226
2025,MotoGP,INA,Sprint,INA,L. Marini,Honda HRC Castrol,,13.0,0.0,Finished,10,+17.621
2025,MotoGP,INA,Sprint,INA,L. Marini,Honda HRC Castrol,,13.0,0.0,Finished,10,+17.621
2025,MotoGP,INA,Sprint,INA,F. Bagnaia,Ducati Lenovo Team,,14.0,0.0,Finished,63,+29.393
2025,MotoGP,INA,Sprint,INA,F. Bagnaia,Ducati Lenovo Team,,14.0,0.0,Finished,63,+29.393
2025,MotoGP,INA,Sprint,INA,F. Quartararo,Monster Energy Yamaha MotoGP Team,,,0.0,DNF,20,12 Laps
2025,MotoGP,INA,Sprint,INA,J. Zarco,CASTROL Honda LCR,,,0.0,DNF,5,9 Laps
2025,MotoGP,INA,Sprint,INA,P. Acosta,Red Bull KTM Factory Racing,,,0.0,DNF,37,6 Laps
2025,MotoGP,INA,Sprint,INA,E. Bastianini,Red Bull KTM Tech3,,,0.0,DNF,23,2 Laps
2025,MotoGP,INA,Sprint,INA,S. Chantra,IDEMITSU Honda LCR,,,0.0,DNF,35,
2025,MotoGP,INA,Sprint,INA,F. Quartararo,Monster Energy Yamaha MotoGP Team,,,0.0,DNF,20,12 Laps
2025,MotoGP,INA,Sprint,INA,J. Zarco,CASTROL Honda LCR,,,0.0,DNF,5,9 Laps
2025,MotoGP,INA,Sprint,INA,P. Acosta,Red Bull KTM Factory Racing,,,0.0,DNF,37,6 Laps
2025,MotoGP,INA,Sprint,INA,E. Bastianini,Red Bull KTM Tech3,,,0.0,DNF,23,2 Laps
2025,MotoGP,INA,Sprint,INA,S. Chantra,IDEMITSU Honda LCR,,,0.0,DNF,35,
2025,MotoGP,ITA,Race,ITA,M. Marquez,Ducati Lenovo Team,,1.0,25.0,Finished,93,41:09.214
2025,MotoGP,ITA,Race,ITA,A. Marquez,BK8 Gresini Racing MotoGP,,2.0,20.0,Finished,73,+1.942
2025,MotoGP,ITA,Race,ITA,F. Di Giannantonio,Pertamina Enduro VR46 Racing Team,,3.0,16.0,Finished,49,+2.136
2025,MotoGP,ITA,Race,ITA,F. Bagnaia,Ducati Lenovo Team,,4.0,13.0,Finished,63,+5.081
2025,MotoGP,ITA,Race,ITA,M. Bezzecchi,Aprilia Racing,,5.0,11.0,Finished,72,+9.329
2025,MotoGP,ITA,Race,ITA,F. Morbidelli,Pertamina Enduro VR46 Racing Team,,6.0,10.0,Finished,21,+16.866
2025,MotoGP,ITA,Race,ITA,R. Fernandez,Trackhouse MotoGP Team,,7.0,9.0,Finished,25,+18.526
2025,MotoGP,ITA,Race,ITA,P. Acosta,Red Bull KTM Factory Racing,,8.0,8.0,Finished,37,+19.349
2025,MotoGP,ITA,Race,ITA,B. Binder,Red Bull KTM Factory Racing,,9.0,7.0,Finished,33,+19.377
2025,MotoGP,ITA,Race,ITA,A. Ogura,Trackhouse MotoGP Team,,10.0,6.0,Finished,79,+21.943
2025,MotoGP,ITA,Race,ITA,J. Mir,Honda HRC Castrol,,11.0,5.0,Finished,36,+22.877
2025,MotoGP,ITA,Race,ITA,F. Aldeguer,BK8 Gresini Racing MotoGP,,12.0,4.0,Finished,54,+25.578
2025,MotoGP,ITA,Race,ITA,M. Oliveira,Prima Pramac Yamaha MotoGP,,13.0,3.0,Finished,88,+26.123
2025,MotoGP,ITA,Race,ITA,F. Quartararo,Monster Energy Yamaha MotoGP Team,,14.0,2.0,Finished,20,+26.130
2025,MotoGP,ITA,Race,ITA,A. Rins,Monster Energy Yamaha MotoGP Team,,15.0,1.0,Finished,42,+28.155
2025,MotoGP,ITA,Race,ITA,T. Nakagami,Honda HRC Castrol,,16.0,0.0,Finished,30,+33.110
2025,MotoGP,ITA,Race,ITA,L. Savadori,Aprilia Racing,,17.0,0.0,Finished,32,+40.900
2025,MotoGP,ITA,Race,ITA,S. Chantra,IDEMITSU Honda LCR,,18.0,0.0,Finished,35,+70.075
2025,MotoGP,ITA,Race,ITA,J. Miller,Prima Pramac Yamaha MotoGP,,,0.0,DNF,43,9 laps
2025,MotoGP,ITA,Race,ITA,M. Viñales,Red Bull KTM Tech3,,,0.0,DNF,12,8 laps
2025,MotoGP,ITA,Race,ITA,J. Zarco,CASTROL Honda LCR,,,0.0,DNF,5,3 laps
2025,MotoGP,ITA,Race,ITA,E. Bastianini,Red Bull KTM Tech3,,,0.0,DNF,23,
2025,MotoGP,ITA,Sprint,ITA,M. Marquez,Ducati Lenovo Team,,1.0,12.0,Finished,93,19:31.416
2025,MotoGP,ITA,Sprint,ITA,A. Marquez,BK8 Gresini Racing MotoGP,,2.0,9.0,Finished,73,+1.441
2025,MotoGP,ITA,Sprint,ITA,F. Bagnaia,Ducati Lenovo Team,,3.0,7.0,Finished,63,+2.561
2025,MotoGP,ITA,Sprint,ITA,M. Viñales,Red Bull KTM Tech3,,4.0,6.0,Finished,12,+3.099
2025,MotoGP,ITA,Sprint,ITA,F. Di Giannantonio,Pertamina Enduro VR46 Racing Team,,5.0,5.0,Finished,49,+4.139
2025,MotoGP,ITA,Sprint,ITA,M. Bezzecchi,Aprilia Racing,,6.0,4.0,Finished,72,+6.391
2025,MotoGP,ITA,Sprint,ITA,F. Morbidelli,Pertamina Enduro VR46 Racing Team,,7.0,3.0,Finished,21,+7.631
2025,MotoGP,ITA,Sprint,ITA,R. Fernandez,Trackhouse MotoGP Team,,8.0,2.0,Finished,25,+8.926
2025,MotoGP,ITA,Sprint,ITA,F. Aldeguer,BK8 Gresini Racing MotoGP,,9.0,1.0,Finished,54,+10.361
2025,MotoGP,ITA,Sprint,ITA,F. Quartararo,Monster Energy Yamaha MotoGP Team,,10.0,0.0,Finished,20,+11.096
2025,MotoGP,ITA,Sprint,ITA,E. Bastianini,Red Bull KTM Tech3,,11.0,0.0,Finished,23,+11.870
2025,MotoGP,ITA,Sprint,ITA,A. Ogura,Trackhouse MotoGP Team,,12.0,0.0,Finished,79,+12.930
2025,MotoGP,ITA,Sprint,ITA,M. Oliveira,Prima Pramac Yamaha MotoGP,,13.0,0.0,Finished,88,+13.916
2025,MotoGP,ITA,Sprint,ITA,J. Mir,Honda HRC Castrol,,14.0,0.0,Finished,36,+15.460
2025,MotoGP,ITA,Sprint,ITA,T. Nakagami,Honda HRC Castrol,,15.0,0.0,Finished,30,+17.038
2025,MotoGP,ITA,Sprint,ITA,J. Miller,Prima Pramac Yamaha MotoGP,,16.0,0.0,Finished,43,+20.031
2025,MotoGP,ITA,Sprint,ITA,L. Savadori,Aprilia Racing,,17.0,0.0,Finished,32,+20.729
2025,MotoGP,ITA,Sprint,ITA,A. Rins,Monster Energy Yamaha MotoGP Team,,18.0,0.0,Finished,42,+24.661
2025,MotoGP,ITA,Sprint,ITA,S. Chantra,IDEMITSU Honda LCR,,19.0,0.0,Finished,35,+31.539
2025,MotoGP,ITA,Sprint,ITA,P. Acosta,Red Bull KTM Factory Racing,,,0.0,DNF,37,
2025,MotoGP,ITA,Sprint,ITA,J. Zarco,CASTROL Honda LCR,,,0.0,DNF,5,
2025,MotoGP,ITA,Sprint,ITA,B. Binder,Red Bull KTM Factory Racing,,,0.0,DNF,33,
2025,MotoGP,JPN,Race,JPN,F. Bagnaia,Ducati Lenovo Team,,1.0,25.0,Finished,63,42:09.312
2025,MotoGP,JPN,Race,JPN,M. Marquez,Ducati Lenovo Team,,2.0,20.0,Finished,93,+4.196
2025,MotoGP,JPN,Race,JPN,J. Mir,Honda HRC Castrol,,3.0,16.0,Finished,36,+6.858
2025,MotoGP,JPN,Race,JPN,M. Bezzecchi,Aprilia Racing,,4.0,13.0,Finished,72,+10.128
2025,MotoGP,JPN,Race,JPN,F. Morbidelli,Pertamina Enduro VR46 Racing Team,,5.0,11.0,Finished,21,+10.421
2025,MotoGP,JPN,Race,JPN,A. Marquez,BK8 Gresini Racing MotoGP,,6.0,10.0,Finished,73,+14.544
2025,MotoGP,JPN,Race,JPN,R. Fernandez,Trackhouse MotoGP Team,,7.0,9.0,Finished,25,+17.588
2025,MotoGP,JPN,Race,JPN,F. Quartararo,Monster Energy Yamaha MotoGP Team,,8.0,8.0,Finished,20,+21.160
2025,MotoGP,JPN,Race,JPN,J. Zarco,CASTROL Honda LCR,,9.0,7.0,Finished,5,+21.733
2025,MotoGP,JPN,Race,JPN,F. Aldeguer,BK8 Gresini Racing MotoGP,,10.0,6.0,Finished,54,+23.107
2025,MotoGP,JPN,Race,JPN,E. Bastianini,Red Bull KTM Tech3,,11.0,5.0,Finished,23,+23.616
2025,MotoGP,JPN,Race,JPN,B. Binder,Red Bull KTM Factory Racing,,12.0,4.0,Finished,33,+23.882
2025,MotoGP,JPN,Race,JPN,F. Di Giannantonio,Pertamina Enduro VR46 Racing Team,,13.0,3.0,Finished,49,+29.359
2025,MotoGP,JPN,Race,JPN,M. Oliveira,Prima Pramac Yamaha MotoGP,,14.0,2.0,Finished,88,+30.788
2025,MotoGP,JPN,Race,JPN,S. Chantra,IDEMITSU Honda LCR,,15.0,1.0,Finished,35,+30.990
2025,MotoGP,JPN,Race,JPN,M. Viñales,Red Bull KTM Tech3,,16.0,0.0,Finished,12,+31.712
2025,MotoGP,JPN,Race,JPN,P. Acosta,Red Bull KTM Factory Racing,,17.0,0.0,Finished,37,+34.157
2025,MotoGP,JPN,Race,JPN,A. Rins,Monster Energy Yamaha MotoGP Team,,18.0,0.0,Finished,42,+34.792
2025,MotoGP,JPN,Race,JPN,J. Miller,Prima Pramac Yamaha MotoGP,,,0.0,DNF,43,21 Laps
2025,MotoGP,JPN,Race,JPN,T. Nakagami,Honda HRC Test Team,,,0.0,DNF,30,19 Laps
2025,MotoGP,JPN,Race,JPN,L. Marini,Honda HRC Castrol,,,0.0,DNF,10,2 Laps
2025,MotoGP,JPN,Sprint,JPN,F. Bagnaia,Ducati Lenovo Team,,1.0,12.0,Finished,63,20:59.113
2025,MotoGP,JPN,Sprint,JPN,M. Marquez,Ducati Lenovo Team,,2.0,9.0,Finished,93,+1.842
2025,MotoGP,JPN,Sprint,JPN,P. Acosta,Red Bull KTM Factory Racing,,3.0,7.0,Finished,37,+3.674
2025,MotoGP,JPN,Sprint,JPN,J. Mir,Honda HRC Castrol,,4.0,6.0,Finished,36,+4.300
2025,MotoGP,JPN,Sprint,JPN,F. Morbidelli,Pertamina Enduro VR46 Racing Team,,5.0,5.0,Finished,21,+5.130
2025,MotoGP,JPN,Sprint,JPN,F. Quartararo,Monster Energy Yamaha MotoGP Team,,6.0,4.0,Finished,20,+8.913
2025,MotoGP,JPN,Sprint,JPN,L. Marini,Honda HRC Castrol,,7.0,3.0,Finished,10,+9.102
2025,MotoGP,JPN,Sprint,JPN,R. Fernandez,Trackhouse MotoGP Team,,8.0,2.0,Finished,25,+10.334
2025,MotoGP,JPN,Sprint,JPN,A. Ogura,Trackhouse MotoGP Team,,9.0,1.0,Finished,79,+10.480
2025,MotoGP,JPN,Sprint,JPN,A. Marquez,BK8 Gresini Racing MotoGP,,10.0,0.0,Finished,73,+11.487
2025,MotoGP,JPN,Sprint,JPN,F. Aldeguer,BK8 Gresini Racing MotoGP,,11.0,0.0,Finished,54,+13.492
2025,MotoGP,JPN,Sprint,JPN,B. Binder,Red Bull KTM Factory Racing,,12.0,0.0,Finished,33,+13.823
2025,MotoGP,JPN,Sprint,JPN,F. Di Giannantonio,Pertamina Enduro VR46 Racing Team,,13.0,0.0,Finished,49,+15.425
2025,MotoGP,JPN,Sprint,JPN,T. Nakagami,Honda HRC Test Team,,14.0,0.0,Finished,30,+16.352
2025,MotoGP,JPN,Sprint,JPN,M. Oliveira,Prima Pramac Yamaha MotoGP,,15.0,0.0,Finished,88,+18.211
2025,MotoGP,JPN,Sprint,JPN,M. Viñales,Red Bull KTM Tech3,,16.0,0.0,Finished,12,+20.706
2025,MotoGP,JPN,Sprint,JPN,S. Chantra,IDEMITSU Honda LCR,,17.0,0.0,Finished,35,+21.883
2025,MotoGP,JPN,Sprint,JPN,A. Rins,Monster Energy Yamaha MotoGP Team,,18.0,0.0,Finished,42,+43.428
2025,MotoGP,JPN,Sprint,JPN,J. Miller,Prima Pramac Yamaha MotoGP,,,0.0,DNF,43,11 Laps
2025,MotoGP,JPN,Sprint,JPN,J. Zarco,CASTROL Honda LCR,,,0.0,DNF,5,9 Laps
2025,MotoGP,JPN,Sprint,JPN,E. Bastianini,Red Bull KTM Tech3,,,0.0,DNF,23,6 Laps
2025,MotoGP,JPN,Sprint,JPN,M. Bezzecchi,Aprilia Racing,,,0.0,DNF,72,
2025,MotoGP,JPN,Sprint,JPN,J. Martin,Aprilia Racing,,,0.0,DNF,1,
2025,MotoGP,MAL,Race,MAL,A. Marquez,BK8 Gresini Racing MotoGP,,1.0,25.0,Finished,73,40:09.249
2025,MotoGP,MAL,Race,MAL,P. Acosta,Red Bull KTM Factory Racing,,2.0,20.0,Finished,37,+2.676
2025,MotoGP,MAL,Race,MAL,J. Mir,Honda HRC Castrol,,3.0,16.0,Finished,36,+8.048
2025,MotoGP,MAL,Race,MAL,F. Morbidelli,Pertamina Enduro VR46 Racing Team,,4.0,13.0,Finished,21,+8.580
2025,MotoGP,MAL,Race,MAL,F. Quartararo,Monster Energy Yamaha MotoGP Team,,5.0,11.0,Finished,20,+11.556
2025,MotoGP,MAL,Race,MAL,F. Di Giannantonio,Pertamina Enduro VR46 Racing Team,,6.0,10.0,Finished,49,+13.060
2025,MotoGP,MAL,Race,MAL,E. Bastianini,Red Bull KTM Tech3,,7.0,9.0,Finished,23,+15.299
2025,MotoGP,MAL,Race,MAL,L. Marini,Honda HRC Castrol,,8.0,8.0,Finished,10,+18.738
2025,MotoGP,MAL,Race,MAL,B. Binder,Red Bull KTM Factory Racing,,9.0,7.0,Finished,33,+18.932
2025,MotoGP,MAL,Race,MAL,A. Ogura,Trackhouse MotoGP Team,,10.0,6.0,Finished,79,+19.256
2025,MotoGP,MAL,Race,MAL,M. Bezzecchi,Aprilia Racing,,11.0,5.0,Finished,72,+19.824
2025,MotoGP,MAL,Race,MAL,J. Zarco,CASTROL Honda LCR,,12.0,4.0,Finished,5,+22.234
2025,MotoGP,MAL,Race,MAL,A. Rins,Monster Energy Yamaha MotoGP Team,,13.0,3.0,Finished,42,+23.509
2025,MotoGP,MAL,Race,MAL,J. Miller,Prima Pramac Yamaha MotoGP,,14.0,2.0,Finished,43,+25.201
2025,MotoGP,MAL,Race,MAL,S. Chantra,IDEMITSU Honda LCR,,15.0,1.0,Finished,35,+34.110
2025,MotoGP,MAL,Race,MAL,L. Savadori,Aprilia Racing,,16.0,0.0,Finished,32,+36.115
2025,MotoGP,MAL,Race,MAL,M. Pirro,Ducati Lenovo Team,,17.0,0.0,Finished,51,+43.914
2025,MotoGP,MAL,Race,MAL,A. Fernandez,Yamaha Factory Racing Team,,18.0,0.0,Finished,7,+47.060
2025,MotoGP,MAL,Race,MAL,M. Oliveira,Prima Pramac Yamaha MotoGP,,19.0,0.0,Finished,88,+77.942
2025,MotoGP,MAL,Race,MAL,F. Bagnaia,Ducati Lenovo Team,,,0.0,DNF,63,18 Laps
2025,MotoGP,MAL,Race,MAL,F. Aldeguer,BK8 Gresini Racing MotoGP,,,0.0,DNF,54,16 Laps
2025,MotoGP,MAL,Race,MAL,R. Fernandez,Trackhouse MotoGP Team,,,0.0,DNF,25,11 Laps
2025,MotoGP,MAL,Race,MAL,P. Espargaro,Red Bull KTM Tech3,,,0.0,DNF,44,4 Laps
2025,MotoGP,MAL,Sprint,MAL,F. Bagnaia,Ducati Lenovo Team,,1.0,12.0,Finished,63,19:53.725
2025,MotoGP,MAL,Sprint,MAL,A. Marquez,BK8 Gresini Racing MotoGP,,2.0,9.0,Finished,73,+2.259
2025,MotoGP,MAL,Sprint,MAL,P. Acosta,Red Bull KTM Factory Racing,,3.0,7.0,Finished,37,+5.155
2025,MotoGP,MAL,Sprint,MAL,F. Morbidelli,Pertamina Enduro VR46 Racing Team,,4.0,6.0,Finished,21,+6.541
2025,MotoGP,MAL,Sprint,MAL,F. Quartararo,Monster Energy Yamaha MotoGP Team,,5.0,5.0,Finished,20,+8.468
2025,MotoGP,MAL,Sprint,MAL,M. Bezzecchi,Aprilia Racing,,6.0,4.0,Finished,72,+10.232
2025,MotoGP,MAL,Sprint,MAL,F. Aldeguer,BK8 Gresini Racing MotoGP,,7.0,3.0,Finished,54,+11.138
2025,MotoGP,MAL,Sprint,MAL,J. Zarco,CASTROL Honda LCR,,8.0,2.0,Finished,5,+12.627
2025,MotoGP,MAL,Sprint,MAL,E. Bastianini,Red Bull KTM Tech3,,9.0,1.0,Finished,23,+12.974
2025,MotoGP,MAL,Sprint,MAL,F. Di Giannantonio,Pertamina Enduro VR46 Racing Team,,10.0,0.0,Finished,49,+14.515
2025,MotoGP,MAL,Sprint,MAL,P. Espargaro,Red Bull KTM Tech3,,11.0,0.0,Finished,44,+14.924
2025,MotoGP,MAL,Sprint,MAL,A. Ogura,Trackhouse MotoGP Team,,12.0,0.0,Finished,79,+15.394
2025,MotoGP,MAL,Sprint,MAL,R. Fernandez,Trackhouse MotoGP Team,,13.0,0.0,Finished,25,+15.461
2025,MotoGP,MAL,Sprint,MAL,J. Miller,Prima Pramac Yamaha MotoGP,,14.0,0.0,Finished,43,+17.601
2025,MotoGP,MAL,Sprint,MAL,A. Rins,Monster Energy Yamaha MotoGP Team,,15.0,0.0,Finished,42,+17.721
2025,MotoGP,MAL,Sprint,MAL,B. Binder,Red Bull KTM Factory Racing,,16.0,0.0,Finished,33,+18.248
2025,MotoGP,MAL,Sprint,MAL,S. Chantra,IDEMITSU Honda LCR,,17.0,0.0,Finished,35,+22.398
2025,MotoGP,MAL,Sprint,MAL,L. Savadori,Aprilia Racing,,18.0,0.0,Finished,32,+22.478
2025,MotoGP,MAL,Sprint,MAL,A. Fernandez,Yamaha Factory Racing Team,,19.0,0.0,Finished,7,+25.412
2025,MotoGP,MAL,Sprint,MAL,M. Pirro,Ducati Lenovo Team,,20.0,0.0,Finished,51,+26.074
2025,MotoGP,MAL,Sprint,MAL,L. Marini,Honda HRC Castrol,,,0.0,DNF,10,7 Laps
2025,MotoGP,MAL,Sprint,MAL,J. Mir,Honda HRC Castrol,,,0.0,DNF,36,5 Laps
2025,MotoGP,MAL,Sprint,MAL,M. Oliveira,Prima Pramac Yamaha MotoGP,,,0.0,DNF,88,5 Laps
2025,MotoGP,NED,Race,NED,M. Marquez,Ducati Lenovo Team,,1.0,25.0,Finished,93,40:14.072
2025,MotoGP,NED,Race,NED,M. Bezzecchi,Aprilia Racing,,2.0,20.0,Finished,72,+0.635
2025,MotoGP,NED,Race,NED,F. Bagnaia,Ducati Lenovo Team,,3.0,16.0,Finished,63,+2.666
2025,MotoGP,NED,Race,NED,P. Acosta,Red Bull KTM Factory Racing,,4.0,13.0,Finished,37,+6.084
2025,MotoGP,NED,Race,NED,M. Viñales,Red Bull KTM Tech3,,5.0,11.0,Finished,12,+10.124
2025,MotoGP,NED,Race,NED,F. Di Giannantonio,Pertamina Enduro VR46 Racing Team,,6.0,10.0,Finished,49,+12.163
2025,MotoGP,NED,Race,NED,F. Morbidelli,Pertamina Enduro VR46 Racing Team,,7.0,9.0,Finished,21,+18.896
2025,MotoGP,NED,Race,NED,R. Fernandez,Trackhouse MotoGP Team,,8.0,8.0,Finished,25,+20.295
2025,MotoGP,NED,Race,NED,E. Bastianini,Red Bull KTM Tech3,,9.0,7.0,Finished,23,+23.687
2025,MotoGP,NED,Race,NED,F. Quartararo,Monster Energy Yamaha MotoGP Team,,10.0,6.0,Finished,20,+23.743
2025,MotoGP,NED,Race,NED,B. Binder,Red Bull KTM Factory Racing,,11.0,5.0,Finished,33,+24.251
2025,MotoGP,NED,Race,NED,J. Zarco,CASTROL Honda LCR,,12.0,4.0,Finished,5,+24.875
2025,MotoGP,NED,Race,NED,A. Rins,Monster Energy Yamaha MotoGP Team,,13.0,3.0,Finished,42,+24.882
2025,MotoGP,NED,Race,NED,J. Miller,Prima Pramac Yamaha MotoGP,,14.0,2.0,Finished,43,+25.065
2025,MotoGP,NED,Race,NED,S. Chantra,IDEMITSU Honda LCR,,15.0,1.0,Finished,35,+49.219
2025,MotoGP,NED,Race,NED,A. Espargaro,Honda HRC Castrol,,16.0,0.0,Finished,41,+49.360
2025,MotoGP,NED,Race,NED,M. Oliveira,Prima Pramac Yamaha MotoGP,,,0.0,DNF,88,8 laps
2025,MotoGP,NED,Race,NED,J. Mir,Honda HRC Castrol,,,0.0,DNF,36,5 laps
2025,MotoGP,NED,Race,NED,F. Aldeguer,BK8 Gresini Racing MotoGP,,,0.0,DNF,54,5 laps
2025,MotoGP,NED,Race,NED,A. Marquez,BK8 Gresini Racing MotoGP,,,0.0,DNF,73,5 laps
2025,MotoGP,NED,Race,NED,L. Savadori,Aprilia Racing,,,0.0,DNF,32,3 laps
2025,MotoGP,NED,Race,NED,A. Ogura,Trackhouse MotoGP Team,,,0.0,DNF,79,
2025,MotoGP,NED,Sprint,NED,M. Marquez,Ducati Lenovo Team,,1.0,12.0,Finished,93,20:02.150
2025,MotoGP,NED,Sprint,NED,A. Marquez,BK8 Gresini Racing MotoGP,,2.0,9.0,Finished,73,+0.351
2025,MotoGP,NED,Sprint,NED,M. Bezzecchi,Aprilia Racing,,3.0,7.0,Finished,72,+1.247
2025,MotoGP,NED,Sprint,NED,F. Di Giannantonio,Pertamina Enduro VR46 Racing Team,,4.0,6.0,Finished,49,+2.269
2025,MotoGP,NED,Sprint,NED,F. Bagnaia,Ducati Lenovo Team,,5.0,5.0,Finished,63,+2.686
2025,MotoGP,NED,Sprint,NED,M. Viñales,Red Bull KTM Tech3,,6.0,4.0,Finished,12,+4.074
2025,MotoGP,NED,Sprint,NED,F. Aldeguer,BK8 Gresini Racing MotoGP,,7.0,3.0,Finished,54,+9.064
2025,MotoGP,NED,Sprint,NED,F. Morbidelli,Pertamina Enduro VR46 Racing Team,,8.0,2.0,Finished,21,+9.159
2025,MotoGP,NED,Sprint,NED,P. Acosta,Red Bull KTM Factory Racing,,9.0,1.0,Finished,37,+11.069
2025,MotoGP,NED,Sprint,NED,B. Binder,Red Bull KTM Factory Racing,,10.0,0.0,Finished,33,+11.143
2025,MotoGP,NED,Sprint,NED,J. Zarco,CASTROL Honda LCR,,11.0,0.0,Finished,5,+11.327
2025,MotoGP,NED,Sprint,NED,M. Oliveira,Prima Pramac Yamaha MotoGP,,12.0,0.0,Finished,88,+12.147
2025,MotoGP,NED,Sprint,NED,E. Bastianini,Red Bull KTM Tech3,,13.0,0.0,Finished,23,+15.290
2025,MotoGP,NED,Sprint,NED,J. Miller,Prima Pramac Yamaha MotoGP,,14.0,0.0,Finished,43,+15.899
2025,MotoGP,NED,Sprint,NED,A. Rins,Monster Energy Yamaha MotoGP Team,,15.0,0.0,Finished,42,+15.990
2025,MotoGP,NED,Sprint,NED,A. Ogura,Trackhouse MotoGP Team,,16.0,0.0,Finished,79,+17.554
2025,MotoGP,NED,Sprint,NED,L. Savadori,Aprilia Racing,,17.0,0.0,Finished,32,+24.707
2025,MotoGP,NED,Sprint,NED,A. Espargaro,Honda HRC Castrol,,18.0,0.0,Finished,41,+27.287
2025,MotoGP,NED,Sprint,NED,S. Chantra,IDEMITSU Honda LCR,,19.0,0.0,Finished,35,+32.441
2025,MotoGP,NED,Sprint,NED,F. Quartararo,Monster Energy Yamaha MotoGP Team,,,0.0,DNF,20,9 laps
2025,MotoGP,NED,Sprint,NED,R. Fernandez,Trackhouse MotoGP Team,,,0.0,DNF,25,1 laps
2025,MotoGP,NED,Sprint,NED,J. Mir,Honda HRC Castrol,,,0.0,DNF,36,
2025,MotoGP,POR,Race,POR,M. Bezzecchi,Aprilia Racing,,1.0,25.0,Finished,72,41:13.616
2025,MotoGP,POR,Race,POR,A. Marquez,BK8 Gresini Racing MotoGP,,2.0,20.0,Finished,73,+2.583
2025,MotoGP,POR,Race,POR,P. Acosta,Red Bull KTM Factory Racing,,3.0,16.0,Finished,37,+3.188
2025,MotoGP,POR,Race,POR,F. Aldeguer,BK8 Gresini Racing MotoGP,,4.0,13.0,Finished,54,+12.860
2025,MotoGP,POR,Race,POR,B. Binder,Red Bull KTM Factory Racing,,5.0,11.0,Finished,33,+16.327
2025,MotoGP,POR,Race,POR,F. Quartararo,Monster Energy Yamaha MotoGP Team,,6.0,10.0,Finished,20,+18.442
2025,MotoGP,POR,Race,POR,A. Ogura,Trackhouse MotoGP Team,,7.0,9.0,Finished,79,+19.255
2025,MotoGP,POR,Race,POR,F. Di Giannantonio,Pertamina Enduro VR46 Racing Team,,8.0,8.0,Finished,49,+20.612
2025,MotoGP,POR,Race,POR,J. Zarco,CASTROL Honda LCR,,9.0,7.0,Finished,5,+21.040
2025,MotoGP,POR,Race,POR,P. Espargaro,Red Bull KTM Tech3,,10.0,6.0,Finished,44,+26.517
2025,MotoGP,POR,Race,POR,L. Marini,Honda HRC Castrol,,11.0,5.0,Finished,10,+28.226
2025,MotoGP,POR,Race,POR,J. Miller,Prima Pramac Yamaha MotoGP,,12.0,4.0,Finished,43,+29.717
2025,MotoGP,POR,Race,POR,A. Rins,Monster Energy Yamaha MotoGP Team,,13.0,3.0,Finished,42,+30.372
2025,MotoGP,POR,Race,POR,M. Oliveira,Prima Pramac Yamaha MotoGP,,14.0,2.0,Finished,88,+31.621
2025,MotoGP,POR,Race,POR,N. Bulega,Ducati Lenovo Team,,15.0,1.0,Finished,11,+32.072
2025,MotoGP,POR,Race,POR,L. Savadori,Aprilia Racing,,16.0,0.0,Finished,32,+39.869
2025,MotoGP,POR,Race,POR,S. Chantra,IDEMITSU Honda LCR,,17.0,0.0,Finished,35,+61.999
2025,MotoGP,POR,Race,POR,E. Bastianini,Red Bull KTM Tech3,,18.0,0.0,Finished,23,+0.000
2025,MotoGP,POR,Race,POR,F. Bagnaia,Ducati Lenovo Team,,,0.0,DNF,63,10 Laps
2025,MotoGP,POR,Race,POR,J. Mir,Honda HRC Castrol,,,0.0,DNF,36,2 Laps
2025,MotoGP,POR,Race,POR,F. Morbidelli,Pertamina Enduro VR46 Racing Team,,,0.0,DNF,21,
2025,MotoGP,POR,Sprint,POR,A. Marquez,BK8 Gresini Racing MotoGP,,1.0,12.0,Finished,73,19:50.075
2025,MotoGP,POR,Sprint,POR,P. Acosta,Red Bull KTM Factory Racing,,2.0,9.0,Finished,37,+0.120
2025,MotoGP,POR,Sprint,POR,M. Bezzecchi,Aprilia Racing,,3.0,7.0,Finished,72,+0.637
2025,MotoGP,POR,Sprint,POR,F. Quartararo,Monster Energy Yamaha MotoGP Team,,4.0,6.0,Finished,20,+5.276
2025,MotoGP,POR,Sprint,POR,F. Di Giannantonio,Pertamina Enduro VR46 Racing Team,,5.0,5.0,Finished,49,+6.088
2025,MotoGP,POR,Sprint,POR,F. Aldeguer,BK8 Gresini Racing MotoGP,,6.0,4.0,Finished,54,+8.864
2025,MotoGP,POR,Sprint,POR,J. Zarco,CASTROL Honda LCR,,7.0,3.0,Finished,5,+8.886
2025,MotoGP,POR,Sprint,POR,F. Bagnaia,Ducati Lenovo Team,,8.0,2.0,Finished,63,+8.898
2025,MotoGP,POR,Sprint,POR,B. Binder,Red Bull KTM Factory Racing,,9.0,1.0,Finished,33,+9.052
2025,MotoGP,POR,Sprint,POR,P. Espargaro,Red Bull KTM Tech3,,10.0,0.0,Finished,44,+10.121
2025,MotoGP,POR,Sprint,POR,A. Ogura,Trackhouse MotoGP Team,,11.0,0.0,Finished,79,+10.290
2025,MotoGP,POR,Sprint,POR,L. Marini,Honda HRC Castrol,,12.0,0.0,Finished,10,+12.016
2025,MotoGP,POR,Sprint,POR,E. Bastianini,Red Bull KTM Tech3,,13.0,0.0,Finished,23,+13.469
2025,MotoGP,POR,Sprint,POR,J. Miller,Prima Pramac Yamaha MotoGP,,14.0,0.0,Finished,43,+13.900
2025,MotoGP,POR,Sprint,POR,F. Morbidelli,Pertamina Enduro VR46 Racing Team,,15.0,0.0,Finished,21,+14.520
2025,MotoGP,POR,Sprint,POR,M. Oliveira,Prima Pramac Yamaha MotoGP,,16.0,0.0,Finished,88,+15.289
2025,MotoGP,POR,Sprint,POR,A. Rins,Monster Energy Yamaha MotoGP Team,,17.0,0.0,Finished,42,+22.861
2025,MotoGP,POR,Sprint,POR,L. Savadori,Aprilia Racing,,18.0,0.0,Finished,32,+25.456
2025,MotoGP,POR,Sprint,POR,J. Mir,Honda HRC Castrol,,,0.0,DNF,36,3 Laps
2025,MotoGP,POR,Sprint,POR,N. Bulega,Ducati Lenovo Team,,,0.0,DNF,11,3 Laps
2025,MotoGP,POR,Sprint,POR,S. Chantra,IDEMITSU Honda LCR,,,0.0,DNF,35,2 Laps
2025,MotoGP,QAT,Race,QAT,M. Marquez,Ducati Lenovo Team,,1.0,25.0,Finished,93,41:29.186
2025,MotoGP,QAT,Race,QAT,F. Bagnaia,Ducati Lenovo Team,,2.0,20.0,Finished,63,+4.535
2025,MotoGP,QAT,Race,QAT,F. Morbidelli,Pertamina Enduro VR46 Racing Team,,3.0,16.0,Finished,21,+6.495
2025,MotoGP,QAT,Race,QAT,J. Zarco,CASTROL Honda LCR,,4.0,13.0,Finished,5,+6.668
2025,MotoGP,QAT,Race,QAT,F. Aldeguer,BK8 Gresini Racing MotoGP,,5.0,11.0,Finished,54,+7.484
2025,MotoGP,QAT,Race,QAT,A. Marquez,BK8 Gresini Racing MotoGP,,6.0,10.0,Finished,73,+9.764
2025,MotoGP,QAT,Race,QAT,F. Quartararo,Monster Energy Yamaha MotoGP Team,,7.0,9.0,Finished,20,+12.895
2025,MotoGP,QAT,Race,QAT,P. Acosta,Red Bull KTM Factory Racing,,8.0,8.0,Finished,37,+14.219
2025,MotoGP,QAT,Race,QAT,M. Bezzecchi,Aprilia Racing,,9.0,7.0,Finished,72,+14.368
2025,MotoGP,QAT,Race,QAT,L. Marini,Honda HRC Castrol,,10.0,6.0,Finished,10,+15.137
2025,MotoGP,QAT,Race,QAT,E. Bastianini,Red Bull KTM Tech3,,11.0,5.0,Finished,23,+17.459
2025,MotoGP,QAT,Race,QAT,A. Rins,Monster Energy Yamaha MotoGP Team,,12.0,4.0,Finished,42,+17.563
2025,MotoGP,QAT,Race,QAT,B. Binder,Red Bull KTM Factory Racing,,13.0,3.0,Finished,33,+17.632
2025,MotoGP,QAT,Race,QAT,M. Viñales,Red Bull KTM Tech3,,14.0,2.0,Finished,12,+17.800
2025,MotoGP,QAT,Race,QAT,A. Ogura,Trackhouse MotoGP Team,,15.0,1.0,Finished,79,+18.758
2025,MotoGP,QAT,Race,QAT,F. Di Giannantonio,Pertamina Enduro VR46 Racing Team,,16.0,0.0,Finished,49,+26.340
2025,MotoGP,QAT,Race,QAT,R. Fernandez,Trackhouse MotoGP Team,,17.0,0.0,Finished,25,+26.925
2025,MotoGP,QAT,Race,QAT,S. Chantra,IDEMITSU Honda LCR,,18.0,0.0,Finished,35,+38.186
2025,MotoGP,QAT,Race,QAT,A. Fernandez,Prima Pramac Yamaha MotoGP,,,0.0,DNF,7,13 laps
2025,MotoGP,QAT,Race,QAT,J. Martin,Aprilia Racing,,,0.0,DNF,1,13 laps
2025,MotoGP,QAT,Race,QAT,J. Mir,Honda HRC Castrol,,,0.0,DNF,36,12 laps
2025,MotoGP,QAT,Race,QAT,J. Miller,Prima Pramac Yamaha MotoGP,,,0.0,DNF,43,9 laps
2025,MotoGP,QAT,Sprint,QAT,M. Marquez,Ducati Lenovo Team,,1.0,12.0,Finished,93,20:38.304
2025,MotoGP,QAT,Sprint,QAT,A. Marquez,BK8 Gresini Racing MotoGP,,2.0,9.0,Finished,73,+1.577
2025,MotoGP,QAT,Sprint,QAT,F. Morbidelli,Pertamina Enduro VR46 Racing Team,,3.0,7.0,Finished,21,+3.988
2025,MotoGP,QAT,Sprint,QAT,F. Aldeguer,BK8 Gresini Racing MotoGP,,4.0,6.0,Finished,54,+4.369
2025,MotoGP,QAT,Sprint,QAT,F. Quartararo,Monster Energy Yamaha MotoGP Team,,5.0,5.0,Finished,20,+4.593
2025,MotoGP,QAT,Sprint,QAT,F. Di Giannantonio,Pertamina Enduro VR46 Racing Team,,6.0,4.0,Finished,49,+5.099
2025,MotoGP,QAT,Sprint,QAT,A. Ogura,Trackhouse MotoGP Team,,7.0,3.0,Finished,79,+10.199
2025,MotoGP,QAT,Sprint,QAT,F. Bagnaia,Ducati Lenovo Team,,8.0,2.0,Finished,63,+10.334
2025,MotoGP,QAT,Sprint,QAT,M. Bezzecchi,Aprilia Racing,,9.0,1.0,Finished,72,+11.300
2025,MotoGP,QAT,Sprint,QAT,M. Viñales,Red Bull KTM Tech3,,10.0,0.0,Finished,12,+12.554
2025,MotoGP,QAT,Sprint,QAT,P. Acosta,Red Bull KTM Factory Racing,,11.0,0.0,Finished,37,+13.676
2025,MotoGP,QAT,Sprint,QAT,A. Rins,Monster Energy Yamaha MotoGP Team,,12.0,0.0,Finished,42,+14.273
2025,MotoGP,QAT,Sprint,QAT,E. Bastianini,Red Bull KTM Tech3,,13.0,0.0,Finished,23,+14.408
2025,MotoGP,QAT,Sprint,QAT,B. Binder,Red Bull KTM Factory Racing,,14.0,0.0,Finished,33,+15.459
2025,MotoGP,QAT,Sprint,QAT,L. Marini,Honda HRC Castrol,,15.0,0.0,Finished,10,+15.587
2025,MotoGP,QAT,Sprint,QAT,J. Martin,Aprilia Racing,,16.0,0.0,Finished,1,+15.775
2025,MotoGP,QAT,Sprint,QAT,R. Fernandez,Trackhouse MotoGP Team,,17.0,0.0,Finished,25,+16.317
2025,MotoGP,QAT,Sprint,QAT,A. Fernandez,Prima Pramac Yamaha MotoGP,,18.0,0.0,Finished,7,+17.922
2025,MotoGP,QAT,Sprint,QAT,J. Miller,Prima Pramac Yamaha MotoGP,,19.0,0.0,Finished,43,+20.274
2025,MotoGP,QAT,Sprint,QAT,S. Chantra,IDEMITSU Honda LCR,,20.0,0.0,Finished,35,+31.106
2025,MotoGP,QAT,Sprint,QAT,J. Zarco,CASTROL Honda LCR,,,0.0,DNF,5,8 laps
2025,MotoGP,RSM,Race,RSM,M. Marquez,Ducati Lenovo Team,,1.0,25.0,Finished,93,41:20.898
2025,MotoGP,RSM,Race,RSM,M. Bezzecchi,Aprilia Racing,,2.0,20.0,Finished,72,+0.568
2025,MotoGP,RSM,Race,RSM,A. Marquez,BK8 Gresini Racing MotoGP,,3.0,16.0,Finished,73,+7.734
2025,MotoGP,RSM,Race,RSM,F. Morbidelli,Pertamina Enduro VR46 Racing Team,,4.0,13.0,Finished,21,+10.379
2025,MotoGP,RSM,Race,RSM,F. Giannantonio,Pertamina Enduro VR46 Racing Team,,5.0,11.0,Finished,49,+11.330
2025,MotoGP,RSM,Race,RSM,F. Aldeguer,BK8 Gresini Racing MotoGP,,6.0,10.0,Finished,54,+16.069
2025,MotoGP,RSM,Race,RSM,L. Marini,Honda HRC Castrol,,7.0,9.0,Finished,10,+17.965
2025,MotoGP,RSM,Race,RSM,F. Quartararo,Monster Energy Yamaha MotoGP Team,,8.0,8.0,Finished,20,+20.964
2025,MotoGP,RSM,Race,RSM,M. Oliveira,Prima Pramac Yamaha MotoGP,,9.0,7.0,Finished,88,+21.565
2025,MotoGP,RSM,Race,RSM,B. Binder,Red Bull KTM Factory Racing,,10.0,6.0,Finished,33,+23.109
2025,MotoGP,RSM,Race,RSM,R. Fernandez,Trackhouse MotoGP Team,,11.0,5.0,Finished,25,+24.592
2025,MotoGP,RSM,Race,RSM,J. Miller,Prima Pramac Yamaha MotoGP,,12.0,4.0,Finished,43,+27.492
2025,MotoGP,RSM,Race,RSM,J. Martin,Aprilia Racing,,13.0,3.0,Finished,1,+29.937
2025,MotoGP,RSM,Race,RSM,A. Fernandez,Yamaha Factory Racing Team,,14.0,2.0,Finished,7,+61.504
2025,MotoGP,RSM,Race,RSM,S. Chantra,IDEMITSU Honda LCR,,15.0,1.0,Finished,35,+61.932
2025,MotoGP,RSM,Race,RSM,J. Zarco,CASTROL Honda LCR,,16.0,0.0,Finished,5,+0.000
2025,MotoGP,RSM,Race,RSM,E. Bastianini,Red Bull KTM Tech3,,,0.0,DNF,23,11 Laps
2025,MotoGP,RSM,Race,RSM,A. Rins,Monster Energy Yamaha MotoGP Team,,,0.0,DNF,42,9 Laps
2025,MotoGP,RSM,Race,RSM,F. Bagnaia,Ducati Lenovo Team,,,0.0,DNF,63,8 Laps
2025,MotoGP,RSM,Race,RSM,P. Acosta,Red Bull KTM Factory Racing,,,0.0,DNF,37,7 Laps
2025,MotoGP,RSM,Race,RSM,M. Viñales,Red Bull KTM Tech3,,,0.0,DNF,12,4 Laps
2025,MotoGP,RSM,Race,RSM,A. Ogura,Trackhouse MotoGP Team,,,0.0,DNF,79,2 Laps
2025,MotoGP,RSM,Race,RSM,J. Mir,Honda HRC Castrol,,,0.0,DNF,36,
2025,MotoGP,RSM,Sprint,RSM,M. Bezzecchi,Aprilia Racing,,1.0,12.0,Finished,72,19:52.966
2025,MotoGP,RSM,Sprint,RSM,A. Marquez,BK8 Gresini Racing MotoGP,,2.0,9.0,Finished,73,+1.000
2025,MotoGP,RSM,Sprint,RSM,F. Giannantonio,Pertamina Enduro VR46 Racing Team,,3.0,7.0,Finished,49,+2.551
2025,MotoGP,RSM,Sprint,RSM,F. Morbidelli,Pertamina Enduro VR46 Racing Team,,4.0,6.0,Finished,21,+3.526
2025,MotoGP,RSM,Sprint,RSM,P. Acosta,Red Bull KTM Factory Racing,,5.0,5.0,Finished,37,+6.834
2025,MotoGP,RSM,Sprint,RSM,F. Aldeguer,BK8 Gresini Racing MotoGP,,6.0,4.0,Finished,54,+6.960
2025,MotoGP,RSM,Sprint,RSM,L. Marini,Honda HRC Castrol,,7.0,3.0,Finished,10,+9.307
2025,MotoGP,RSM,Sprint,RSM,J. Martin,Aprilia Racing,,8.0,2.0,Finished,1,+11.027
2025,MotoGP,RSM,Sprint,RSM,R. Fernandez,Trackhouse MotoGP Team,,9.0,1.0,Finished,25,+11.594
2025,MotoGP,RSM,Sprint,RSM,E. Bastianini,Red Bull KTM Tech3,,10.0,0.0,Finished,23,+12.928
2025,MotoGP,RSM,Sprint,RSM,J. Zarco,CASTROL Honda LCR,,11.0,0.0,Finished,5,+15.490
2025,MotoGP,RSM,Sprint,RSM,A. Ogura,Trackhouse MotoGP Team,,12.0,0.0,Finished,79,+15.600
2025,MotoGP,RSM,Sprint,RSM,F. Bagnaia,Ducati Lenovo Team,,13.0,0.0,Finished,63,+16.129
2025,MotoGP,RSM,Sprint,RSM,J. Miller,Prima Pramac Yamaha MotoGP,,14.0,0.0,Finished,43,+16.727
2025,MotoGP,RSM,Sprint,RSM,M. Viñales,Red Bull KTM Tech3,,15.0,0.0,Finished,12,+16.861
2025,MotoGP,RSM,Sprint,RSM,M. Oliveira,Prima Pramac Yamaha MotoGP,,16.0,0.0,Finished,88,+17.576
2025,MotoGP,RSM,Sprint,RSM,A. Rins,Monster Energy Yamaha MotoGP Team,,17.0,0.0,Finished,42,+18.716
2025,MotoGP,RSM,Sprint,RSM,A. Fernandez,Yamaha Factory Racing Team,,18.0,0.0,Finished,7,+27.893
2025,MotoGP,RSM,Sprint,RSM,S. Chantra,IDEMITSU Honda LCR,,19.0,0.0,Finished,35,+28.333
2025,MotoGP,RSM,Sprint,RSM,B. Binder,Red Bull KTM Factory Racing,,,0.0,DNF,33,9 Laps
2025,MotoGP,RSM,Sprint,RSM,F. Quartararo,Monster Energy Yamaha MotoGP Team,,,0.0,DNF,20,5 Laps
2025,MotoGP,RSM,Sprint,RSM,M. Marquez,Ducati Lenovo Team,,,0.0,DNF,93,5 Laps
2025,MotoGP,SPA,Race,SPA,A. Marquez,BK8 Gresini Racing MotoGP,,1.0,25.0,Finished,73,40:56.374
2025,MotoGP,SPA,Race,SPA,F. Quartararo,Monster Energy Yamaha MotoGP Team,,2.0,20.0,Finished,20,+1.561
2025,MotoGP,SPA,Race,SPA,F. Bagnaia,Ducati Lenovo Team,,3.0,16.0,Finished,63,+2.217
2025,MotoGP,SPA,Race,SPA,M. Viñales,Red Bull KTM Tech3,,4.0,13.0,Finished,12,+3.678
2025,MotoGP,SPA,Race,SPA,F. Di Giannantonio,Pertamina Enduro VR46 Racing Team,,5.0,11.0,Finished,49,+7.267
2025,MotoGP,SPA,Race,SPA,B. Binder,Red Bull KTM Factory Racing,,6.0,10.0,Finished,33,+8.529
2025,MotoGP,SPA,Race,SPA,P. Acosta,Red Bull KTM Factory Racing,,7.0,9.0,Finished,37,+9.764
2025,MotoGP,SPA,Race,SPA,A. Ogura,Trackhouse MotoGP Team,,8.0,8.0,Finished,79,+10.923
2025,MotoGP,SPA,Race,SPA,E. Bastianini,Red Bull KTM Tech3,,9.0,7.0,Finished,23,+15.879
2025,MotoGP,SPA,Race,SPA,L. Marini,Honda HRC Castrol,,10.0,6.0,Finished,10,+17.239
2025,MotoGP,SPA,Race,SPA,J. Zarco,CASTROL Honda LCR,,11.0,5.0,Finished,5,+17.784
2025,MotoGP,SPA,Race,SPA,M. Marquez,Ducati Lenovo Team,,12.0,4.0,Finished,93,+20.890
2025,MotoGP,SPA,Race,SPA,A. Rins,Monster Energy Yamaha MotoGP Team,,13.0,3.0,Finished,42,+21.120
2025,MotoGP,SPA,Race,SPA,M. Bezzecchi,Aprilia Racing,,14.0,2.0,Finished,72,+24.510
2025,MotoGP,SPA,Race,SPA,R. Fernandez,Trackhouse MotoGP Team,,15.0,1.0,Finished,25,+25.726
2025,MotoGP,SPA,Race,SPA,A. Fernandez,Prima Pramac Yamaha MotoGP,,16.0,0.0,Finished,7,+31.429
2025,MotoGP,SPA,Race,SPA,A. Espargaro,Honda HRC Test Team,,17.0,0.0,Finished,41,+39.678
2025,MotoGP,SPA,Race,SPA,L. Savadori,Aprilia Racing,,18.0,0.0,Finished,32,+49.303
2025,MotoGP,SPA,Race,SPA,F. Aldeguer,BK8 Gresini Racing MotoGP,,,0.0,DNF,54,18 laps
2025,MotoGP,SPA,Race,SPA,F. Morbidelli,Pertamina Enduro VR46 Racing Team,,,0.0,DNF,21,15 laps
2025,MotoGP,SPA,Race,SPA,J. Mir,Honda HRC Castrol,,,0.0,DNF,36,14 laps
2025,MotoGP,SPA,Race,SPA,J. Miller,Prima Pramac Yamaha MotoGP,,,0.0,DNF,43,13 laps
2025,MotoGP,SPA,Race,SPA,S. Chantra,IDEMITSU Honda LCR,,,0.0,DNF,35,11 laps
2025,MotoGP,SPA,Sprint,SPA,M. Marquez,Ducati Lenovo Team,,1.0,12.0,Finished,93,19:32.107
2025,MotoGP,SPA,Sprint,SPA,A. Marquez,BK8 Gresini Racing MotoGP,,2.0,9.0,Finished,73,+1.001
2025,MotoGP,SPA,Sprint,SPA,F. Bagnaia,Ducati Lenovo Team,,3.0,7.0,Finished,63,+3.077
2025,MotoGP,SPA,Sprint,SPA,F. Morbidelli,Pertamina Enduro VR46 Racing Team,,4.0,6.0,Finished,21,+3.530
2025,MotoGP,SPA,Sprint,SPA,F. Aldeguer,BK8 Gresini Racing MotoGP,,5.0,5.0,Finished,54,+5.791
2025,MotoGP,SPA,Sprint,SPA,F. Di Giannantonio,Pertamina Enduro VR46 Racing Team,,6.0,4.0,Finished,49,+7.691
2025,MotoGP,SPA,Sprint,SPA,M. Viñales,Red Bull KTM Tech3,,7.0,3.0,Finished,12,+7.849
2025,MotoGP,SPA,Sprint,SPA,M. Bezzecchi,Aprilia Racing,,8.0,2.0,Finished,72,+10.175
2025,MotoGP,SPA,Sprint,SPA,J. Mir,Honda HRC Castrol,,9.0,1.0,Finished,36,+10.414
2025,MotoGP,SPA,Sprint,SPA,P. Acosta,Red Bull KTM Factory Racing,,10.0,0.0,Finished,37,+12.673
2025,MotoGP,SPA,Sprint,SPA,B. Binder,Red Bull KTM Factory Racing,,11.0,0.0,Finished,33,+13.204
2025,MotoGP,SPA,Sprint,SPA,A. Ogura,Trackhouse MotoGP Team,,12.0,0.0,Finished,79,+13.438
2025,MotoGP,SPA,Sprint,SPA,L. Marini,Honda HRC Castrol,,13.0,0.0,Finished,10,+16.572
2025,MotoGP,SPA,Sprint,SPA,E. Bastianini,Red Bull KTM Tech3,,14.0,0.0,Finished,23,+17.918
2025,MotoGP,SPA,Sprint,SPA,A. Rins,Monster Energy Yamaha MotoGP Team,,15.0,0.0,Finished,42,+19.963
2025,MotoGP,SPA,Sprint,SPA,R. Fernandez,Trackhouse MotoGP Team,,16.0,0.0,Finished,25,+21.690
2025,MotoGP,SPA,Sprint,SPA,A. Fernandez,Prima Pramac Yamaha MotoGP,,17.0,0.0,Finished,7,+21.932
2025,MotoGP,SPA,Sprint,SPA,A. Espargaro,Honda HRC Test Team,,18.0,0.0,Finished,41,+22.515
2025,MotoGP,SPA,Sprint,SPA,L. Savadori,Aprilia Racing,,19.0,0.0,Finished,32,+30.200
2025,MotoGP,SPA,Sprint,SPA,S. Chantra,IDEMITSU Honda LCR,,20.0,0.0,Finished,35,+30.968
2025,MotoGP,SPA,Sprint,SPA,J. Zarco,CASTROL Honda LCR,,,0.0,DNF,5,5 laps
2025,MotoGP,SPA,Sprint,SPA,J. Miller,Prima Pramac Yamaha MotoGP,,,0.0,DNF,43,4 laps
2025,MotoGP,SPA,Sprint,SPA,F. Quartararo,Monster Energy Yamaha MotoGP Team,,,0.0,DNF,20,1 laps
2025,MotoGP,THA,Race,THA,M. Marquez,Ducati Lenovo Team,,1.0,25.0,Finished,93,39:37.244
2025,MotoGP,THA,Race,THA,A. Marquez,BK8 Gresini Racing MotoGP,,2.0,20.0,Finished,73,+1.732
2025,MotoGP,THA,Race,THA,F. Bagnaia,Ducati Lenovo Team,,3.0,16.0,Finished,63,+2.398
2025,MotoGP,THA,Race,THA,F. Morbidelli,Pertamina Enduro VR46 Racing Team,,4.0,13.0,Finished,21,+5.176
2025,MotoGP,THA,Race,THA,A. Ogura,Trackhouse MotoGP Team,,5.0,11.0,Finished,79,+7.450
2025,MotoGP,THA,Race,THA,M. Bezzecchi,Aprilia Racing,,6.0,10.0,Finished,72,+14.967
2025,MotoGP,THA,Race,THA,J. Zarco,CASTROL Honda LCR,,7.0,9.0,Finished,5,+15.225
2025,MotoGP,THA,Race,THA,B. Binder,Red Bull KTM Factory Racing,,8.0,8.0,Finished,33,+19.929
2025,MotoGP,THA,Race,THA,E. Bastianini,Red Bull KTM Tech3,,9.0,7.0,Finished,23,+20.053
2025,MotoGP,THA,Race,THA,F. Di Giannantonio,Pertamina Enduro VR46 Racing Team,,10.0,6.0,Finished,49,+21.546
2025,MotoGP,THA,Race,THA,J. Miller,Prima Pramac Yamaha MotoGP,,11.0,5.0,Finished,43,+22.315
2025,MotoGP,THA,Race,THA,L. Marini,Honda HRC Castrol,,12.0,4.0,Finished,10,+23.940
2025,MotoGP,THA,Race,THA,F. Aldeguer,BK8 Gresini Racing MotoGP,,13.0,3.0,Finished,54,+24.760
2025,MotoGP,THA,Race,THA,M. Oliveira,Prima Pramac Yamaha MotoGP,,14.0,2.0,Finished,88,+26.097
2025,MotoGP,THA,Race,THA,F. Quartararo,Monster Energy Yamaha MotoGP Team,,15.0,1.0,Finished,20,+26.456
2025,MotoGP,THA,Race,THA,M. Viñales,Red Bull KTM Tech3,,16.0,0.0,Finished,12,+28.770
2025,MotoGP,THA,Race,THA,A. Rins,Monster Energy Yamaha MotoGP Team,,17.0,0.0,Finished,42,+31.095
2025,MotoGP,THA,Race,THA,S. Chantra,IDEMITSU Honda LCR,,18.0,0.0,Finished,35,+31.480
2025,MotoGP,THA,Race,THA,P. Acosta,Red Bull KTM Factory Racing,,19.0,0.0,Finished,37,+42.115
2025,MotoGP,THA,Race,THA,L. Savadori,Aprilia Racing,,20.0,0.0,Finished,32,+46.827
2025,MotoGP,THA,Race,THA,R. Fernandez,Trackhouse MotoGP Team,,,0.0,DNF,25,22 laps
2025,MotoGP,THA,Race,THA,J. Mir,Honda HRC Castrol,,,0.0,DNF,36,14 laps
2025,MotoGP,THA,Sprint,THA,M. Marquez,Ducati Lenovo Team,,1.0,12.0,Finished,93,19:35.005
2025,MotoGP,THA,Sprint,THA,A. Marquez,BK8 Gresini Racing MotoGP,,2.0,9.0,Finished,73,+1.185
2025,MotoGP,THA,Sprint,THA,F. Bagnaia,Ducati Lenovo Team,,3.0,7.0,Finished,63,+3.423
2025,MotoGP,THA,Sprint,THA,A. Ogura,Trackhouse MotoGP Team,,4.0,6.0,Finished,79,+4.392
2025,MotoGP,THA,Sprint,THA,F. Morbidelli,Pertamina Enduro VR46 Racing Team,,5.0,5.0,Finished,21,+5.790
2025,MotoGP,THA,Sprint,THA,P. Acosta,Red Bull KTM Factory Racing,,6.0,4.0,Finished,37,+11.700
2025,MotoGP,THA,Sprint,THA,F. Quartararo,Monster Energy Yamaha MotoGP Team,,7.0,3.0,Finished,20,+13.437
2025,MotoGP,THA,Sprint,THA,B. Binder,Red Bull KTM Factory Racing,,8.0,2.0,Finished,33,+14.228
2025,MotoGP,THA,Sprint,THA,J. Mir,Honda HRC Castrol,,9.0,1.0,Finished,36,+15.453
2025,MotoGP,THA,Sprint,THA,J. Zarco,CASTROL Honda LCR,,10.0,0.0,Finished,5,+16.209
2025,MotoGP,THA,Sprint,THA,R. Fernandez,Trackhouse MotoGP Team,,11.0,0.0,Finished,25,+16.817
2025,MotoGP,THA,Sprint,THA,M. Bezzecchi,Aprilia Racing,,12.0,0.0,Finished,72,+17.152
2025,MotoGP,THA,Sprint,THA,F. Aldeguer,BK8 Gresini Racing MotoGP,,13.0,0.0,Finished,54,+17.741
2025,MotoGP,THA,Sprint,THA,M. Viñales,Red Bull KTM Tech3,,14.0,0.0,Finished,12,+18.984
2025,MotoGP,THA,Sprint,THA,L. Marini,Honda HRC Castrol,,15.0,0.0,Finished,10,+19.149
2025,MotoGP,THA,Sprint,THA,M. Oliveira,Prima Pramac Yamaha MotoGP,,16.0,0.0,Finished,88,+19.569
2025,MotoGP,THA,Sprint,THA,A. Rins,Monster Energy Yamaha MotoGP Team,,17.0,0.0,Finished,42,+20.140
2025,MotoGP,THA,Sprint,THA,E. Bastianini,Red Bull KTM Tech3,,18.0,0.0,Finished,23,+23.948
2025,MotoGP,THA,Sprint,THA,S. Chantra,IDEMITSU Honda LCR,,19.0,0.0,Finished,35,+24.594
2025,MotoGP,THA,Sprint,THA,L. Savadori,Aprilia Racing,,20.0,0.0,Finished,32,+31.443
2025,MotoGP,THA,Sprint,THA,F. Di Giannantonio,Pertamina Enduro VR46 Racing Team,,,0.0,DNF,49,11 laps
2025,MotoGP,THA,Sprint,THA,J. Miller,Prima Pramac Yamaha MotoGP,,,0.0,DNF,43,6 laps
2025,MotoGP,VAL,Race,VAL,M. Bezzecchi,Aprilia Racing,,1.0,25.0,Finished,72,40:52.458
2025,MotoGP,VAL,Race,VAL,R. Fernandez,Trackhouse MotoGP Team,,2.0,20.0,Finished,25,+0.686
2025,MotoGP,VAL,Race,VAL,F. Di Giannantonio,Pertamina Enduro VR46 Racing Team,,3.0,16.0,Finished,49,+3.765
2025,MotoGP,VAL,Race,VAL,P. Acosta,Red Bull KTM Factory Racing,,4.0,13.0,Finished,37,+4.749
2025,MotoGP,VAL,Race,VAL,F. Aldeguer,BK8 Gresini Racing MotoGP,,5.0,11.0,Finished,54,+8.048
2025,MotoGP,VAL,Race,VAL,A. Marquez,BK8 Gresini Racing MotoGP,,6.0,10.0,Finished,73,+8.166
2025,MotoGP,VAL,Race,VAL,L. Marini,Honda HRC Castrol,,7.0,9.0,Finished,10,+12.644
2025,MotoGP,VAL,Race,VAL,B. Binder,Red Bull KTM Factory Racing,,8.0,8.0,Finished,33,+14.582
2025,MotoGP,VAL,Race,VAL,J. Miller,Prima Pramac Yamaha MotoGP,,9.0,7.0,Finished,43,+15.497
2025,MotoGP,VAL,Race,VAL,E. Bastianini,Red Bull KTM Tech3,,10.0,6.0,Finished,23,+17.460
2025,MotoGP,VAL,Race,VAL,M. Oliveira,Prima Pramac Yamaha MotoGP,,11.0,5.0,Finished,88,+19.304
2025,MotoGP,VAL,Race,VAL,J. Zarco,CASTROL Honda LCR,,12.0,4.0,Finished,5,+21.286
2025,MotoGP,VAL,Race,VAL,J. Mir,Honda HRC Castrol,,13.0,3.0,Finished,36,+22.079
2025,MotoGP,VAL,Race,VAL,A. Rins,Monster Energy Yamaha MotoGP Team,,14.0,2.0,Finished,42,+23.255
2025,MotoGP,VAL,Race,VAL,N. Bulega,Ducati Lenovo Team,,15.0,1.0,Finished,11,+26.144
2025,MotoGP,VAL,Race,VAL,A. Fernandez,Yamaha Factory Racing Team,,16.0,0.0,Finished,7,+36.854
2025,MotoGP,VAL,Race,VAL,S. Chantra,IDEMITSU Honda LCR,,17.0,0.0,Finished,35,+39.136
2025,MotoGP,VAL,Race,VAL,A. Espargaro,Honda HRC Test Team,,,0.0,DNF,41,25 Laps
2025,MotoGP,VAL,Race,VAL,M. Viñales,Red Bull KTM Tech3,,,0.0,DNF,12,23 Laps
2025,MotoGP,VAL,Race,VAL,F. Quartararo,Monster Energy Yamaha MotoGP Team,,,0.0,DNF,20,23 Laps
2025,MotoGP,VAL,Race,VAL,J. Martin,Aprilia Racing,,,0.0,DNF,1,15 Laps
2025,MotoGP,VAL,Race,VAL,A. Ogura,Trackhouse MotoGP Team,,,0.0,DNF,79,6 Laps
2025,MotoGP,VAL,Race,VAL,F. Morbidelli,Pertamina Enduro VR46 Racing Team,,,0.0,DNF,21,1 Laps
2025,MotoGP,VAL,Race,VAL,F. Bagnaia,Ducati Lenovo Team,,,0.0,DNF,63,
2025,MotoGP,VAL,Sprint,VAL,A. Marquez,BK8 Gresini Racing MotoGP,,1.0,12.0,Finished,73,19:37.490
2025,MotoGP,VAL,Sprint,VAL,P. Acosta,Red Bull KTM Factory Racing,,2.0,9.0,Finished,37,+1.149
2025,MotoGP,VAL,Sprint,VAL,F. Di Giannantonio,Pertamina Enduro VR46 Racing Team,,3.0,7.0,Finished,49,+2.637
2025,MotoGP,VAL,Sprint,VAL,R. Fernandez,Trackhouse MotoGP Team,,4.0,6.0,Finished,25,+3.519
2025,MotoGP,VAL,Sprint,VAL,M. Bezzecchi,Aprilia Racing,,5.0,5.0,Finished,72,+3.727
2025,MotoGP,VAL,Sprint,VAL,F. Morbidelli,Pertamina Enduro VR46 Racing Team,,6.0,4.0,Finished,21,+6.349
2025,MotoGP,VAL,Sprint,VAL,F. Quartararo,Monster Energy Yamaha MotoGP Team,,7.0,3.0,Finished,20,+7.102
2025,MotoGP,VAL,Sprint,VAL,B. Binder,Red Bull KTM Factory Racing,,8.0,2.0,Finished,33,+7.352
2025,MotoGP,VAL,Sprint,VAL,A. Ogura,Trackhouse MotoGP Team,,9.0,1.0,Finished,79,+7.685
2025,MotoGP,VAL,Sprint,VAL,J. Zarco,CASTROL Honda LCR,,10.0,0.0,Finished,5,+9.346
2025,MotoGP,VAL,Sprint,VAL,F. Aldeguer,BK8 Gresini Racing MotoGP,,11.0,0.0,Finished,54,+10.067
2025,MotoGP,VAL,Sprint,VAL,J. Miller,Prima Pramac Yamaha MotoGP,,12.0,0.0,Finished,43,+11.148
2025,MotoGP,VAL,Sprint,VAL,E. Bastianini,Red Bull KTM Tech3,,13.0,0.0,Finished,23,+11.911
2025,MotoGP,VAL,Sprint,VAL,F. Bagnaia,Ducati Lenovo Team,,14.0,0.0,Finished,63,+11.957
2025,MotoGP,VAL,Sprint,VAL,A. Rins,Monster Energy Yamaha MotoGP Team,,15.0,0.0,Finished,42,+14.264
2025,MotoGP,VAL,Sprint,VAL,N. Bulega,Ducati Lenovo Team,,16.0,0.0,Finished,11,+14.951
2025,MotoGP,VAL,Sprint,VAL,M. Oliveira,Prima Pramac Yamaha MotoGP,,17.0,0.0,Finished,88,+15.597
2025,MotoGP,VAL,Sprint,VAL,M. Viñales,Red Bull KTM Tech3,,18.0,0.0,Finished,12,+16.699
2025,MotoGP,VAL,Sprint,VAL,A. Espargaro,Honda HRC Test Team,,19.0,0.0,Finished,41,+16.885
2025,MotoGP,VAL,Sprint,VAL,A. Fernandez,Yamaha Factory Racing Team,,20.0,0.0,Finished,7,+18.846
2025,MotoGP,VAL,Sprint,VAL,S. Chantra,IDEMITSU Honda LCR,,21.0,0.0,Finished,35,+23.028
2025,MotoGP,VAL,Sprint,VAL,J. Martin,Aprilia Racing,,22.0,0.0,Finished,1,+23.655
2025,MotoGP,VAL,Sprint,VAL,J. Mir,Honda HRC Castrol,,,0.0,DNF,36,1 Laps
2025,MotoGP,VAL,Sprint,VAL,L. Marini,Honda HRC Castrol,,,0.0,DNF,10,1 Laps
